1718187342584707584.000000000,-0.220971561,0.103676678,0.115647815,0.687306000,-0.726246000,0.010631000,0.008002000
1718187342651390208.000000000,-0.219789904,0.103852345,0.116116384,0.687190000,-0.726372000,0.009575000,0.007887000
1718187342718073088.000000000,-0.219963031,0.103851277,0.116116608,0.687060000,-0.726502000,0.008933000,0.007925000
1718187342784756224.000000000,-0.220600242,0.103833572,0.115879537,0.686728000,-0.726818000,0.007782000,0.008944000
1718187342884780288.000000000,-0.220610953,0.104499104,0.116289613,0.686195000,-0.727331000,0.005452000,0.009802000
1718187342951462400.000000000,-0.220984704,0.104568445,0.116324568,0.685121000,-0.728349000,0.004473000,0.009883000
1718187343018145280.000000000,-0.221148601,0.104487729,0.116328120,0.684884000,-0.728569000,0.004161000,0.010132000
1718187343084827904.000000000,-0.221611673,0.104403824,0.116074833,0.684923000,-0.728537000,0.003597000,0.010041000
1718187343184852480.000000000,-0.222934330,0.104336900,0.115567372,0.683221000,-0.730139000,0.003266000,0.009729000
1718187343251535104.000000000,-0.222803002,0.104045732,0.115809857,0.682289000,-0.731006000,0.003403000,0.009971000
1718187343318217216.000000000,-0.222441729,0.103943658,0.115827198,0.682222000,-0.731063000,0.002724000,0.010649000
1718187343384899584.000000000,-0.223923084,0.103589336,0.115213405,0.682239000,-0.731056000,0.002152000,0.010146000
1718187343451580672.000000000,-0.223487237,0.103558910,0.115588974,0.681752000,-0.731511000,0.001619000,0.010205000
1718187343518263040.000000000,-0.223712699,0.103482033,0.115550467,0.681050000,-0.732168000,0.001828000,0.009902000
1718187343584945152.000000000,-0.224304732,0.103357335,0.115265696,0.680601000,-0.732585000,0.001511000,0.009951000
1718187343684968704.000000000,-0.227147077,0.103205975,0.114415895,0.674570000,-0.738095000,-0.001680000,0.012975000
1718187343751650816.000000000,-0.225797327,0.103026772,0.115635606,0.669846000,-0.742268000,-0.006128000,0.017516000
1718187343818333184.000000000,-0.226340970,0.102330164,0.123615060,0.665915000,-0.745773000,-0.010965000,0.016123000
1718187343951696640.000000000,-0.235202329,0.107546631,0.175431371,0.671002000,-0.740735000,0.009125000,0.031373000
1718187344018379008.000000000,-0.237256610,0.110872325,0.213071043,0.675004000,-0.736780000,0.018964000,0.034148000
1718187344085061120.000000000,-0.239128524,0.109125729,0.252206078,0.681000000,-0.731392000,0.013516000,0.033481000
1718187344151743232.000000000,-0.235180864,0.107536459,0.292796985,0.685093000,-0.728007000,0.004658000,0.025134000
1718187344218425600.000000000,-0.233980102,0.106994359,0.331145558,0.686115000,-0.727142000,0.004150000,0.022203000
1718187344285104640.000000000,-0.233872232,0.107466743,0.369633528,0.683830000,-0.728951000,0.013516000,0.028721000
1718187344351783936.000000000,-0.233375549,0.105767687,0.408428976,0.683765000,-0.728932000,0.013498000,0.030665000
1718187344418463488.000000000,-0.232325443,0.103245169,0.450896415,0.683561000,-0.729478000,0.005906000,0.023925000
1718187344485142784.000000000,-0.232624304,0.099746172,0.497283489,0.680820000,-0.732066000,0.000848000,0.023716000
1718187344551822080.000000000,-0.229948162,0.098290222,0.549405680,0.679570000,-0.733232000,0.001860000,0.023495000
1718187344618501120.000000000,-0.229600597,0.095641117,0.605871016,0.679371000,-0.733373000,0.006675000,0.023971000
1718187344685180672.000000000,-0.231184891,0.092250676,0.665331886,0.680166000,-0.732541000,0.013867000,0.023776000
1718187344785198336.000000000,-0.236487986,0.080784544,0.759614638,0.681429000,-0.731551000,0.010013000,0.019682000
1718187344885217536.000000000,-0.238626631,0.074051209,0.856100909,0.682773000,-0.730243000,0.014673000,0.018705000
1718187344951896320.000000000,-0.242469657,0.066497004,0.918051569,0.683262000,-0.729447000,0.024006000,0.021998000
1718187345018575616.000000000,-0.242517123,0.063325360,0.974911362,0.686084000,-0.726958000,0.024242000,0.015282000
1718187345085254656.000000000,-0.244914902,0.056457341,1.027701980,0.691748000,-0.721430000,0.029505000,0.012365000
1718187345185272320.000000000,-0.250639671,0.048773970,1.096696892,0.694684000,-0.718719000,0.029025000,0.003973000
1718187345251952384.000000000,-0.251843295,0.043989865,1.136614844,0.697211000,-0.716145000,0.031028000,0.008434000
1718187345318635008.000000000,-0.253012242,0.043089131,1.169363168,0.703141000,-0.710189000,0.033191000,0.011116000
1718187345385317888.000000000,-0.256048512,0.041580545,1.193695358,0.705862000,-0.707747000,0.028681000,0.005434000
1718187345485341952.000000000,-0.259563414,0.041190803,1.216041795,0.711549000,-0.702251000,0.022210000,0.006948000
1718187345552024320.000000000,-0.263388225,0.040943257,1.222509327,0.710001000,-0.703862000,0.013565000,0.017132000
1718187345618706432.000000000,-0.267889901,0.038152462,1.226829065,0.711576000,-0.702255000,-0.002152000,0.022200000
1718187345718730752.000000000,-0.276591886,0.044598077,1.225397000,0.707446000,-0.705599000,-0.022503000,0.033836000
1718187345785413120.000000000,-0.284501842,0.049837147,1.224693738,0.702645000,-0.708682000,-0.034976000,0.053262000
1718187345852096000.000000000,-0.294224893,0.057871255,1.225636267,0.698595000,-0.710848000,-0.042398000,0.069725000
1718187345918779136.000000000,-0.302353905,0.066502930,1.227542891,0.697572000,-0.709221000,-0.060509000,0.082079000
1718187346018803200.000000000,-0.315442678,0.078697935,1.230906146,0.686913000,-0.714120000,-0.085894000,0.103950000
1718187346085485312.000000000,-0.323503433,0.084541057,1.233610329,0.684764000,-0.711655000,-0.105484000,0.116270000
1718187346152167936.000000000,-0.332061957,0.087229810,1.234758793,0.679216000,-0.710922000,-0.122451000,0.135138000
1718187346252191488.000000000,-0.350500383,0.084384569,1.234470480,0.671225000,-0.712951000,-0.140675000,0.146180000
1718187346318874624.000000000,-0.365774460,0.076796416,1.237184106,0.669592000,-0.711483000,-0.142632000,0.158413000
1718187346385557248.000000000,-0.383270160,0.066766084,1.238595734,0.668582000,-0.707305000,-0.149544000,0.174228000
1718187346452239872.000000000,-0.403660869,0.056557995,1.237783773,0.671079000,-0.704632000,-0.148360000,0.176455000
1718187346518921216.000000000,-0.427377923,0.043088103,1.236529335,0.671946000,-0.704336000,-0.144554000,0.177489000
1718187346585603840.000000000,-0.452646805,0.027881806,1.235833701,0.671820000,-0.705124000,-0.143747000,0.175486000
1718187346652286208.000000000,-0.479245329,0.013327327,1.236465297,0.677113000,-0.702790000,-0.139337000,0.167899000
1718187346718969088.000000000,-0.508024522,-0.002530374,1.237426090,0.676650000,-0.705890000,-0.132482000,0.162215000
1718187346818992640.000000000,-0.555953779,-0.030422814,1.240450652,0.680131000,-0.704564000,-0.123469000,0.160521000
1718187346885675264.000000000,-0.588983494,-0.047013426,1.243767309,0.677609000,-0.707951000,-0.116239000,0.161680000
1718187346952356864.000000000,-0.622063988,-0.061486315,1.246292618,0.674813000,-0.710023000,-0.115625000,0.164696000
1718187347019039488.000000000,-0.656965846,-0.072660303,1.247791489,0.677327000,-0.708292000,-0.117286000,0.160606000
1718187347085721856.000000000,-0.693831103,-0.082082210,1.248034466,0.678829000,-0.706993000,-0.115221000,0.161478000
1718187347152404480.000000000,-0.731229432,-0.090772643,1.247600860,0.677814000,-0.706687000,-0.114374000,0.167571000
1718187347219087104.000000000,-0.769669742,-0.098452249,1.247647607,0.679612000,-0.703583000,-0.115877000,0.172254000
1718187347285769984.000000000,-0.809821310,-0.105859097,1.247913772,0.682093000,-0.699788000,-0.119969000,0.175081000
1718187347385794304.000000000,-0.867581126,-0.113839184,1.253842815,0.689120000,-0.688416000,-0.125584000,0.188218000
1718187347485817856.000000000,-0.924448803,-0.119749383,1.263298457,0.689066000,-0.686664000,-0.128960000,0.192484000
1718187347585841920.000000000,-0.979450672,-0.126416705,1.267730190,0.697129000,-0.679745000,-0.133011000,0.185114000
1718187347652525312.000000000,-1.014586953,-0.134552989,1.269577409,0.690475000,-0.686270000,-0.132221000,0.186537000
1718187347752549632.000000000,-1.063461709,-0.151254383,1.270076503,0.692472000,-0.683391000,-0.134469000,0.188088000
1718187347819232512.000000000,-1.096704850,-0.165942490,1.267593174,0.692590000,-0.683354000,-0.137298000,0.185729000
1718187347885914368.000000000,-1.131435581,-0.182146296,1.263782968,0.688274000,-0.687975000,-0.134596000,0.186689000
1718187347985938688.000000000,-1.185018666,-0.207218895,1.257813467,0.690803000,-0.687395000,-0.127540000,0.184426000
1718187348052621824.000000000,-1.222213805,-0.224882813,1.255358451,0.696795000,-0.685554000,-0.119804000,0.173606000
1718187348119304704.000000000,-1.260696463,-0.241074192,1.253921124,0.698791000,-0.688378000,-0.107133000,0.162326000
1718187348185987584.000000000,-1.298862968,-0.255493655,1.253280863,0.691931000,-0.699347000,-0.095304000,0.151864000
1718187348252670720.000000000,-1.335092254,-0.266198588,1.255674600,0.692808000,-0.701024000,-0.079391000,0.149265000
1718187348319353088.000000000,-1.372212526,-0.273105219,1.258331820,0.692072000,-0.704483000,-0.059305000,0.145678000
1718187348419377920.000000000,-1.428277999,-0.280285790,1.262483929,0.692029000,-0.706739000,-0.046086000,0.139611000
1718187348486061056.000000000,-1.468607876,-0.283312494,1.261795169,0.693579000,-0.706473000,-0.042390000,0.134339000
1718187348586085888.000000000,-1.532762489,-0.282726369,1.259193271,0.701117000,-0.700511000,-0.026209000,0.130511000
1718187348686110464.000000000,-1.600900491,-0.278523531,1.256782656,0.708527000,-0.694598000,-0.023595000,0.122340000
1718187348752793088.000000000,-1.646363689,-0.273106482,1.258188656,0.714822000,-0.688206000,-0.021952000,0.122147000
1718187348852817664.000000000,-1.713940423,-0.259587623,1.261488595,0.708759000,-0.695063000,-0.013907000,0.119808000
1718187348919501312.000000000,-1.755243217,-0.246714323,1.264138642,0.714407000,-0.690468000,-0.011007000,0.112938000
1718187348986184704.000000000,-1.796907170,-0.233854325,1.265070651,0.709773000,-0.697930000,-0.001046000,0.095472000
1718187349052867584.000000000,-1.833982694,-0.220569097,1.267777788,0.711317000,-0.696693000,0.011199000,0.092318000
1718187349152892672.000000000,-1.893526939,-0.202290457,1.263449997,0.712025000,-0.697797000,0.020184000,0.075449000
1718187349219575040.000000000,-1.935752941,-0.193019619,1.259994005,0.712603000,-0.697614000,0.030751000,0.067723000
1718187349286257920.000000000,-1.978677332,-0.183473704,1.257789981,0.714596000,-0.695517000,0.043567000,0.060915000
1718187349352941824.000000000,-2.022790234,-0.174746135,1.255713930,0.720360000,-0.689826000,0.053574000,0.048490000
1718187349452966400.000000000,-2.091790792,-0.154706178,1.250988480,0.725834000,-0.683474000,0.076411000,0.013783000
1718187349519650048.000000000,-2.133333313,-0.137089350,1.250776777,0.718758000,-0.688490000,0.096782000,0.001163000
1718187349586333184.000000000,-2.171861203,-0.115538178,1.253573186,0.721264000,-0.683204000,0.113114000,-0.014700000
1718187349686357504.000000000,-2.227842801,-0.080899285,1.258252893,0.710299000,-0.687839000,0.145544000,-0.034190000
1718187349786382336.000000000,-2.280056535,-0.036120472,1.260301674,0.710390000,-0.680374000,0.170468000,-0.058121000
1718187349853065984.000000000,-2.314808005,-0.001401000,1.258793077,0.710220000,-0.674340000,0.186545000,-0.077810000
1718187349953091072.000000000,-2.362611048,0.057386524,1.258395088,0.709815000,-0.665792000,0.211179000,-0.091036000
1718187350053116416.000000000,-2.403836273,0.118827540,1.261512751,0.717190000,-0.651203000,0.222818000,-0.109203000
1718187350119798784.000000000,-2.431691459,0.160230779,1.260957685,0.709489000,-0.652987000,0.233413000,-0.125503000
1718187350186481920.000000000,-2.455277007,0.200642491,1.263382861,0.706569000,-0.650994000,0.240888000,-0.137620000
1718187350253165312.000000000,-2.477225646,0.241354762,1.264216606,0.698972000,-0.650671000,0.252151000,-0.156480000
1718187350319847936.000000000,-2.496368572,0.280634009,1.266976267,0.692974000,-0.647061000,0.269899000,-0.168086000
1718187350386530816.000000000,-2.514835686,0.318940844,1.267658719,0.690838000,-0.641422000,0.280414000,-0.180800000
1718187350453213440.000000000,-2.534291425,0.356376113,1.265534453,0.688257000,-0.634937000,0.287168000,-0.201722000
1718187350553236224.000000000,-2.565325142,0.415453974,1.261197657,0.682430000,-0.624200000,0.304991000,-0.227255000
1718187350619919104.000000000,-2.584078518,0.456458957,1.259761056,0.679448000,-0.611774000,0.324092000,-0.242996000
1718187350719943168.000000000,-2.608577472,0.521894049,1.257124971,0.670035000,-0.589274000,0.354561000,-0.279457000
1718187350786625536.000000000,-2.624442814,0.565239806,1.255726312,0.652022000,-0.583997000,0.383560000,-0.294443000
1718187350853308672.000000000,-2.635694307,0.605209798,1.258860103,0.644919000,-0.569706000,0.406283000,-0.307324000
1718187350919991296.000000000,-2.645586790,0.644837567,1.258018922,0.634442000,-0.557721000,0.424245000,-0.326262000
1718187350986672896.000000000,-2.652670351,0.684312765,1.260599117,0.622369000,-0.551271000,0.437297000,-0.342823000
1718187351053355520.000000000,-2.658590900,0.723720359,1.261946773,0.616205000,-0.542674000,0.443835000,-0.358896000
1718187351120037888.000000000,-2.664101249,0.766624813,1.259395360,0.607310000,-0.534676000,0.453972000,-0.373104000
1718187351186720768.000000000,-2.667708939,0.811143386,1.256770726,0.603143000,-0.527573000,0.463475000,-0.378253000
1718187351253403904.000000000,-2.669857092,0.854914351,1.255667058,0.601472000,-0.517350000,0.468236000,-0.389019000
1718187351320087296.000000000,-2.669890156,0.899957453,1.257058271,0.598773000,-0.507425000,0.471398000,-0.402212000
1718187351386770432.000000000,-2.668299794,0.946391176,1.258837177,0.585804000,-0.503990000,0.484499000,-0.409985000
1718187351486794752.000000000,-2.660279059,1.007401076,1.266807556,0.581273000,-0.488169000,0.501559000,-0.415032000
1718187351553477888.000000000,-2.656096860,1.045675735,1.268447972,0.568506000,-0.484047000,0.506152000,-0.431637000
1718187351620161280.000000000,-2.650965611,1.079600521,1.270963276,0.556118000,-0.477891000,0.517144000,-0.441493000
1718187351686844672.000000000,-2.645687690,1.111531792,1.272986329,0.551489000,-0.464098000,0.525215000,-0.452353000
1718187351786869504.000000000,-2.643284408,1.163955581,1.268560212,0.529998000,-0.455786000,0.535542000,-0.473872000
1718187351886894080.000000000,-2.640967648,1.217834963,1.262498767,0.509227000,-0.441977000,0.549643000,-0.493191000
1718187351986919168.000000000,-2.642469830,1.273986303,1.259011730,0.488148000,-0.423205000,0.567647000,-0.510281000
1718187352053602816.000000000,-2.649615397,1.309924053,1.258449522,0.472487000,-0.414404000,0.578687000,-0.519757000
1718187352120286208.000000000,-2.653328874,1.345961117,1.259508582,0.455805000,-0.404023000,0.585450000,-0.535028000
1718187352186969856.000000000,-2.654066974,1.378284227,1.260636603,0.445367000,-0.382234000,0.601057000,-0.542472000
1718187352286993920.000000000,-2.648027468,1.425778712,1.254584685,0.435914000,-0.354001000,0.623470000,-0.544011000
1718187352353677568.000000000,-2.641925566,1.457076100,1.253051555,0.420938000,-0.343583000,0.634098000,-0.550165000
1718187352453702912.000000000,-2.626170794,1.503194486,1.250716567,0.405096000,-0.324598000,0.641769000,-0.564505000
1718187352520386816.000000000,-2.614211349,1.536132444,1.248197385,0.395884000,-0.311374000,0.648453000,-0.570817000
1718187352587070208.000000000,-2.602411393,1.569770264,1.243587773,0.387061000,-0.304316000,0.651088000,-0.577634000
1718187352687095808.000000000,-2.579647010,1.618770628,1.238141432,0.372134000,-0.288211000,0.658159000,-0.587603000
1718187352753778432.000000000,-2.562005385,1.648464093,1.236692155,0.362335000,-0.275828000,0.670629000,-0.585567000
1718187352820462336.000000000,-2.547289871,1.677598518,1.239450972,0.353021000,-0.267536000,0.675191000,-0.589846000
1718187352920487936.000000000,-2.520047273,1.716098701,1.243063410,0.332452000,-0.256070000,0.677967000,-0.603544000
1718187352987171840.000000000,-2.504691246,1.739180252,1.246323252,0.323340000,-0.241864000,0.685784000,-0.605519000
1718187353053855488.000000000,-2.490570366,1.761344123,1.249818812,0.313590000,-0.230319000,0.684682000,-0.616300000
1718187353120539648.000000000,-2.475554209,1.784622645,1.249496399,0.289697000,-0.218134000,0.685809000,-0.630999000
1718187353187222272.000000000,-2.458066440,1.808848044,1.246586213,0.276143000,-0.199494000,0.693482000,-0.634846000
1718187353253905920.000000000,-2.438597789,1.832166848,1.242146022,0.262832000,-0.176305000,0.703600000,-0.636226000
1718187353320590080.000000000,-2.421213318,1.855166311,1.241077753,0.240386000,-0.157685000,0.706842000,-0.646315000
1718187353387274240.000000000,-2.406223103,1.875004497,1.244898828,0.212807000,-0.137089000,0.704772000,-0.662734000
1718187353453957888.000000000,-2.394141846,1.898783832,1.249444840,0.185873000,-0.126514000,0.706686000,-0.670851000
1718187353520642048.000000000,-2.381952787,1.918177637,1.257632364,0.169190000,-0.109839000,0.708191000,-0.676591000
1718187353587326208.000000000,-2.371168884,1.935709595,1.265322662,0.164415000,-0.087257000,0.704058000,-0.685315000
1718187353687351040.000000000,-2.354692756,1.966825312,1.271350333,0.150480000,-0.069354000,0.707026000,-0.687503000
1718187353754035200.000000000,-2.342967571,1.989462889,1.271874536,0.142611000,-0.066358000,0.704244000,-0.692315000
1718187353854061312.000000000,-2.315899486,2.021588518,1.268278770,0.134742000,-0.057693000,0.705870000,-0.693011000
1718187353920745472.000000000,-2.296119085,2.045326738,1.264439543,0.134126000,-0.055052000,0.706211000,-0.692997000
1718187353987429120.000000000,-2.273977294,2.069552724,1.260526162,0.129408000,-0.053654000,0.707290000,-0.692904000
1718187354054113536.000000000,-2.245263884,2.089031187,1.259176631,0.128758000,-0.050181000,0.703763000,-0.696865000
1718187354120796928.000000000,-2.212217587,2.107638090,1.254351041,0.126319000,-0.040803000,0.715731000,-0.685644000
1718187354220823040.000000000,-2.167388646,2.135877076,1.255459343,0.134462000,-0.036894000,0.719882000,-0.679947000
1718187354287506688.000000000,-2.138938919,2.149932651,1.256767449,0.121748000,-0.031262000,0.722876000,-0.679449000
1718187354354189568.000000000,-2.110586817,2.161542754,1.260525758,0.121320000,-0.022291000,0.723085000,-0.679657000
1718187354420873216.000000000,-2.082780166,2.177357857,1.262747674,0.114842000,-0.018232000,0.721049000,-0.683058000
1718187354487556096.000000000,-2.047686377,2.189111673,1.261212309,0.103311000,-0.014640000,0.719305000,-0.686814000
1718187354554238208.000000000,-2.010893207,2.203138102,1.257284144,0.096506000,-0.004416000,0.721724000,-0.685406000
1718187354654263040.000000000,-1.954423884,2.222593117,1.253795058,0.086483000,0.012347000,0.722756000,-0.685560000
1718187354720946432.000000000,-1.916847006,2.238121186,1.252533949,0.067264000,0.021133000,0.717886000,-0.692582000
1718187354820971008.000000000,-1.857824306,2.259129129,1.251191573,0.040620000,0.035511000,0.726521000,-0.685023000
1718187354920995840.000000000,-1.804002669,2.272312252,1.257168874,0.034903000,0.064760000,0.720545000,-0.689495000
1718187354987677952.000000000,-1.770156899,2.278042237,1.262294124,0.021301000,0.078564000,0.719518000,-0.689687000
1718187355054361088.000000000,-1.736944850,2.283780130,1.267470050,0.014011000,0.084974000,0.714751000,-0.694057000
1718187355154385920.000000000,-1.678336612,2.287395196,1.265392210,0.003254000,0.096579000,0.710685000,-0.696842000
1718187355221069312.000000000,-1.635410138,2.290698149,1.259797251,0.002877000,0.098892000,0.711067000,-0.696130000
1718187355287752448.000000000,-1.589666207,2.295742419,1.256570526,0.002734000,0.094340000,0.710897000,-0.696934000
1718187355354435584.000000000,-1.542634097,2.298632531,1.257958560,0.000987000,0.091135000,0.704640000,-0.703688000
1718187355421118208.000000000,-1.494099064,2.302675312,1.259099713,-0.002500000,0.084228000,0.709787000,-0.699359000
1718187355487801600.000000000,-1.449182949,2.306233783,1.266388146,0.000537000,0.078701000,0.710034000,-0.699755000
1718187355554484736.000000000,-1.404951055,2.307367138,1.274462621,-0.002761000,-0.072792000,-0.703796000,0.706657000
1718187355621167872.000000000,-1.360408343,2.309066273,1.277393504,-0.003917000,0.074139000,0.708920000,-0.701370000
1718187355721192704.000000000,-1.300914474,2.311729384,1.284494233,0.001396000,0.077440000,0.706268000,-0.703695000
1718187355787876352.000000000,-1.259295242,2.315139280,1.284870040,0.009037000,-0.071769000,-0.705019000,0.705490000
1718187355854558720.000000000,-1.216781075,2.316878775,1.283733638,0.012280000,-0.076649000,-0.703691000,0.706253000
1718187355921242112.000000000,-1.173934695,2.319924601,1.281335958,0.014227000,-0.082099000,-0.702640000,0.706650000
1718187355987925504.000000000,-1.131886592,2.319811898,1.281921863,0.033044000,-0.086395000,-0.698663000,0.709446000
1718187356087950336.000000000,-1.069853547,2.317334498,1.285182694,0.051754000,-0.103154000,-0.694426000,0.710249000
1718187356154633984.000000000,-1.030622529,2.312268643,1.289499363,0.069136000,-0.114064000,-0.694393000,0.707127000
1718187356221317120.000000000,-0.996669767,2.304986299,1.294152794,0.079930000,-0.128962000,-0.690815000,0.706934000
1718187356288000000.000000000,-0.964269195,2.295702594,1.298284686,0.085718000,-0.144272000,-0.688521000,0.705533000
1718187356388025600.000000000,-0.911788124,2.278107651,1.298438453,0.099196000,-0.159930000,-0.686150000,0.702696000
1718187356454709504.000000000,-0.875399622,2.263272857,1.296506355,0.105915000,-0.171506000,-0.682928000,0.702123000
1718187356554735104.000000000,-0.818187334,2.237025018,1.291683282,0.114031000,-0.183623000,-0.679086000,0.701514000
1718187356621419008.000000000,-0.779019926,2.217278552,1.290431848,0.121806000,-0.190781000,-0.674607000,0.702618000
1718187356688102656.000000000,-0.742154424,2.193293697,1.291489568,0.124748000,-0.198622000,-0.668389000,0.705864000
1718187356754785536.000000000,-0.704979105,2.167640911,1.292482953,0.132678000,-0.210686000,-0.667260000,0.701978000
1718187356821469440.000000000,-0.671105558,2.142351129,1.296228379,0.132879000,-0.221063000,-0.668276000,0.697769000
1718187356888153088.000000000,-0.639940332,2.114968393,1.300534236,0.145601000,-0.221107000,-0.661908000,0.701277000
1718187356954836736.000000000,-0.610783147,2.084141216,1.300687689,0.164468000,-0.231625000,-0.665071000,0.690638000
1718187357021521408.000000000,-0.587117004,2.051758757,1.303655280,0.167645000,-0.246306000,-0.660979000,0.688720000
1718187357088205056.000000000,-0.561915234,2.018500272,1.302485609,0.179827000,-0.255835000,-0.660421000,0.682682000
1718187357154889216.000000000,-0.536246233,1.982365597,1.299792673,0.195464000,-0.267072000,-0.657204000,0.677163000
1718187357221571840.000000000,-0.510782367,1.945307561,1.296639982,0.207646000,-0.281862000,-0.652546000,0.672027000
1718187357288256000.000000000,-0.486644556,1.906115693,1.294740786,0.224632000,-0.296987000,-0.644840000,0.667473000
1718187357354939904.000000000,-0.464415282,1.864993871,1.295290959,0.250064000,-0.314912000,-0.630320000,0.664075000
1718187357454965504.000000000,-0.429723360,1.802217533,1.293324973,0.275697000,-0.357575000,-0.622362000,0.639372000
1718187357521649664.000000000,-0.411977331,1.763704772,1.294825462,0.289540000,-0.374862000,-0.611669000,0.633646000
1718187357588333824.000000000,-0.394304908,1.724654134,1.296108673,0.308613000,-0.389600000,-0.602070000,0.624886000
1718187357655016704.000000000,-0.380398117,1.685855380,1.300916273,0.322669000,-0.405682000,-0.590608000,0.618457000
1718187357721700608.000000000,-0.367577136,1.644931449,1.303600304,0.338234000,-0.415622000,-0.576376000,0.616966000
1718187357788384768.000000000,-0.356990572,1.599261214,1.302366603,0.351425000,-0.432124000,-0.565033000,0.608692000
1718187357855068928.000000000,-0.349203551,1.552248398,1.300423454,0.357401000,-0.448600000,-0.551522000,0.605678000
1718187357921752832.000000000,-0.345584471,1.505273630,1.300437995,0.376944000,-0.458146000,-0.536513000,0.600141000
1718187358021778688.000000000,-0.348962328,1.432425350,1.303491326,0.404114000,-0.478438000,-0.517766000,0.582844000
1718187358088462080.000000000,-0.351633979,1.386248060,1.307755634,0.407535000,-0.496432000,-0.509032000,0.573024000
1718187358155146240.000000000,-0.356807251,1.341180228,1.312963408,0.426028000,-0.499710000,-0.499294000,0.565239000
1718187358255172352.000000000,-0.363727975,1.273420629,1.313849778,0.452986000,-0.522906000,-0.488052000,0.532145000
1718187358321856000.000000000,-0.370086082,1.232090250,1.316874611,-0.461255000,0.535151000,0.474610000,-0.524979000
1718187358388539136.000000000,-0.374210623,1.189315844,1.316346982,-0.481677000,0.543197000,0.462571000,-0.508874000
1718187358455222784.000000000,-0.375476338,1.147434435,1.313513690,-0.499072000,0.552965000,0.449624000,-0.492945000
1718187358521905152.000000000,-0.374782062,1.107217142,1.311617603,0.510645000,-0.568864000,-0.430565000,0.479843000
1718187358621930496.000000000,-0.377610852,1.046741398,1.312425150,0.542295000,-0.585121000,-0.395093000,0.455468000
1718187358721955840.000000000,-0.379023230,0.989552312,1.317548935,0.561291000,-0.607829000,-0.372565000,0.420347000
1718187358788639232.000000000,-0.385754300,0.956758714,1.321018525,0.573465000,-0.616332000,-0.346533000,0.413747000
1718187358888664832.000000000,-0.393530019,0.910015983,1.322147139,0.580675000,-0.635224000,-0.319715000,0.396346000
1718187358955347200.000000000,-0.402179229,0.877704207,1.322101823,0.599141000,-0.634641000,-0.307399000,0.379167000
1718187359055372800.000000000,-0.420287273,0.828639672,1.312057495,0.613072000,-0.640468000,-0.283813000,0.365230000
1718187359122056448.000000000,-0.432565345,0.785483835,1.301362586,0.619339000,-0.644717000,-0.269961000,0.357604000
1718187359222081536.000000000,-0.466731320,0.725051728,1.296763828,0.632468000,-0.649300000,-0.247257000,0.342429000
1718187359288765184.000000000,-0.491881708,0.684210238,1.301856864,0.631463000,-0.662900000,-0.242779000,0.320744000
1718187359355448320.000000000,-0.516026557,0.649699453,1.302845446,0.640489000,-0.660284000,-0.241463000,0.309022000
1718187359422130688.000000000,-0.543221222,0.619871292,1.300190673,0.639460000,-0.672267000,-0.235116000,0.289600000
1718187359488814336.000000000,-0.566633641,0.593341470,1.300624824,0.642121000,-0.676373000,-0.229034000,0.278826000
1718187359555497984.000000000,-0.590895596,0.569371024,1.300064161,0.652210000,-0.674131000,-0.225519000,0.263269000
1718187359655522816.000000000,-0.628040172,0.522565005,1.298750504,0.659419000,-0.678225000,-0.212622000,0.244888000
1718187359722206464.000000000,-0.653031585,0.490310997,1.296968372,0.660162000,-0.684291000,-0.199750000,0.236711000
1718187359788889600.000000000,-0.675719860,0.459975084,1.296623340,0.669670000,-0.684804000,-0.183483000,0.221177000
1718187359855571968.000000000,-0.697922624,0.431064860,1.294368582,0.680242000,-0.684377000,-0.166444000,0.202967000
1718187359922255104.000000000,-0.720709614,0.395962173,1.288055072,0.674394000,-0.698960000,-0.153978000,0.181488000
1718187360055622400.000000000,-0.767930907,0.336236982,1.287305235,0.675498000,-0.707711000,-0.125867000,0.164333000
1718187360188988672.000000000,-0.818309231,0.279793137,1.286954022,0.674795000,-0.712592000,-0.114094000,0.154423000
1718187360255672320.000000000,-0.847023051,0.253883382,1.284280758,0.676639000,-0.713735000,-0.105474000,0.147023000
1718187360322350336.000000000,-0.879971688,0.229667437,1.281488106,0.675093000,-0.715854000,-0.095521000,0.150596000
1718187360389029120.000000000,-0.912964634,0.209128359,1.279418499,0.680315000,-0.713011000,-0.088089000,0.145006000
1718187360455707904.000000000,-0.949468523,0.187618337,1.278473910,0.685339000,-0.709176000,-0.083484000,0.142862000
1718187360522386688.000000000,-0.985908933,0.170458947,1.276874804,0.680593000,-0.715896000,-0.076162000,0.135963000
1718187360589064704.000000000,-1.023149170,0.153136055,1.282806023,0.677674000,-0.718990000,-0.069678000,0.137683000
1718187360655743488.000000000,-1.060155709,0.139921459,1.287366884,0.688743000,-0.710862000,-0.066839000,0.125863000
1718187360755759872.000000000,-1.118689816,0.116037664,1.290194054,0.679804000,-0.722623000,-0.055147000,0.112432000
1718187360855777536.000000000,-1.173390556,0.097854007,1.293353767,0.689704000,-0.716604000,-0.048264000,0.091964000
1718187360955794688.000000000,-1.232946743,0.076254234,1.290716344,0.692414000,-0.716679000,-0.028066000,0.078397000
1718187361022472704.000000000,-1.272888323,0.062503855,1.288907276,0.692580000,-0.717967000,-0.010086000,0.068944000
1718187361089150720.000000000,-1.311287685,0.049962044,1.290297960,0.701368000,-0.710970000,0.007228000,0.050520000
1718187361155828736.000000000,-1.349398086,0.038893248,1.291611486,0.704732000,-0.708750000,0.020055000,0.024982000
1718187361255844352.000000000,-1.405357915,0.024088458,1.294710877,0.700124000,-0.712665000,0.043824000,0.003699000
1718187361322528000.000000000,-1.441216446,0.019559444,1.297097194,0.699484000,-0.711409000,0.067448000,-0.008451000
1718187361422553600.000000000,-1.495131113,0.015075799,1.300634930,0.700972000,-0.707149000,0.087890000,-0.029230000
1718187361489237248.000000000,-1.533542830,0.013491255,1.299974767,0.702053000,-0.704084000,0.097508000,-0.043349000
1718187361555920896.000000000,-1.572671469,0.016493684,1.297817803,0.702264000,-0.701113000,0.111764000,-0.052678000
1718187361655945472.000000000,-1.634417826,0.023774620,1.294637528,0.705254000,-0.694318000,0.126051000,-0.068202000
1718187361755971072.000000000,-1.696267078,0.036840033,1.291402976,0.708076000,-0.687480000,0.138099000,-0.083240000
1718187361822654720.000000000,-1.738613805,0.046167172,1.289900673,0.697260000,-0.694126000,0.153787000,-0.091474000
1718187361922680320.000000000,-1.796244993,0.063677959,1.295396450,0.699580000,-0.687419000,0.162928000,-0.107232000
1718187362022705920.000000000,-1.852705146,0.082566467,1.299505391,0.687367000,-0.690770000,0.185483000,-0.126330000
1718187362122731008.000000000,-1.904149558,0.102160800,1.300331987,0.685552000,-0.684145000,0.202484000,-0.144791000
1718187362189414656.000000000,-1.941620943,0.111851859,1.298146758,0.684585000,-0.678855000,0.211864000,-0.160043000
1718187362256098816.000000000,-1.978076727,0.122694670,1.294095415,0.679531000,-0.676127000,0.223982000,-0.175846000
1718187362356125952.000000000,-2.032461685,0.137156756,1.291668762,0.681541000,-0.659545000,0.244550000,-0.201734000
1718187362422810880.000000000,-2.070614349,0.146654516,1.287004813,0.672112000,-0.654658000,0.262296000,-0.225584000
1718187362522836736.000000000,-2.125190830,0.161959120,1.287720356,0.660717000,-0.649229000,0.288346000,-0.242511000
1718187362589521920.000000000,-2.156995892,0.174685699,1.289561548,0.655591000,-0.640726000,0.309638000,-0.252576000
1718187362656206848.000000000,-2.187202903,0.190423181,1.291970089,0.651996000,-0.633666000,0.329904000,-0.254031000
1718187362722891520.000000000,-2.216977883,0.208845136,1.291612207,0.651173000,-0.626506000,0.335109000,-0.266769000
1718187362822919168.000000000,-2.259971950,0.245235706,1.287459321,0.647328000,-0.617136000,0.347040000,-0.282264000
1718187362889604352.000000000,-2.286381985,0.272907407,1.283961067,0.647647000,-0.611060000,0.354603000,-0.285335000
1718187362989630720.000000000,-2.324932028,0.318946485,1.281219399,0.648675000,-0.599848000,0.356065000,-0.304338000
1718187363056315648.000000000,-2.351226707,0.351710273,1.278466827,0.644958000,-0.596886000,0.357658000,-0.315970000
1718187363156343296.000000000,-2.387943889,0.401343595,1.280577689,0.633179000,-0.602227000,0.373850000,-0.310875000
1718187363223028736.000000000,-2.410347087,0.433365066,1.283098121,0.635608000,-0.595897000,0.373225000,-0.318765000
1718187363323055104.000000000,-2.439623743,0.482128870,1.284394647,0.622144000,-0.595778000,0.388791000,-0.326844000
1718187363389739264.000000000,-2.457321749,0.512491487,1.285915268,0.621452000,-0.590905000,0.392547000,-0.332468000
1718187363456422400.000000000,-2.476722271,0.545053351,1.284761247,0.614482000,-0.588001000,0.394134000,-0.348316000
1718187363523106304.000000000,-2.496225304,0.578762527,1.281497088,0.612659000,-0.581839000,0.401366000,-0.353579000
1718187363589790720.000000000,-2.513827056,0.615989743,1.278105496,0.606124000,-0.574516000,0.413511000,-0.362704000
1718187363656474880.000000000,-2.531494298,0.651567800,1.276208613,0.599997000,-0.565250000,0.422164000,-0.377191000
1718187363756501248.000000000,-2.556081061,0.707508153,1.271624157,0.587033000,-0.548443000,0.440242000,-0.400986000
1718187363823185408.000000000,-2.572382058,0.745211931,1.267260257,0.566337000,-0.548489000,0.460550000,-0.407819000
1718187363923210496.000000000,-2.585557476,0.797839697,1.266786836,0.559452000,-0.525677000,0.479832000,-0.424779000
1718187363989895168.000000000,-2.592272780,0.834079047,1.266596193,0.544908000,-0.516885000,0.498852000,-0.432496000
1718187364089921536.000000000,-2.596802759,0.888038389,1.266006460,0.535489000,-0.501075000,0.511076000,-0.448305000
1718187364156605696.000000000,-2.595438402,0.928558198,1.264157372,0.524030000,-0.491349000,0.521783000,-0.460121000
1718187364223289856.000000000,-2.588401831,0.968535671,1.262729885,0.520402000,-0.474096000,0.531190000,-0.471436000
1718187364289973248.000000000,-2.581676882,1.011800950,1.258868133,0.514818000,-0.463085000,0.539245000,-0.479301000
1718187364389998848.000000000,-2.563693115,1.078590156,1.254724753,0.494541000,-0.449715000,0.560358000,-0.489065000
1718187364490024704.000000000,-2.545807634,1.140120865,1.262074362,0.485072000,-0.435235000,0.572525000,-0.497484000
1718187364590050816.000000000,-2.530226969,1.202847403,1.263456675,0.461060000,-0.432837000,0.574664000,-0.519459000
1718187364690076672.000000000,-2.513120423,1.255573836,1.269895797,0.448697000,-0.416757000,0.589866000,-0.526349000
1718187364756759296.000000000,-2.502876213,1.290414582,1.273787331,0.437673000,-0.409032000,0.589834000,-0.541509000
1718187364823443712.000000000,-2.494484939,1.326262512,1.275471548,0.424070000,-0.400466000,0.593205000,-0.554887000
1718187364923469568.000000000,-2.481204164,1.382266718,1.273941557,0.410682000,-0.374988000,0.608165000,-0.566445000
1718187364990153472.000000000,-2.472580111,1.416747565,1.273859337,0.397606000,-0.357486000,0.618496000,-0.575826000
1718187365056837632.000000000,-2.469277828,1.450949901,1.273266293,0.381535000,-0.346714000,0.624821000,-0.586361000
1718187365123521536.000000000,-2.464788903,1.482935029,1.275161795,0.359730000,-0.341550000,0.630212000,-0.597303000
1718187365223546624.000000000,-2.452754507,1.525085012,1.280940482,0.349263000,-0.309484000,0.641213000,-0.609165000
1718187365323571712.000000000,-2.435101794,1.563508182,1.285571651,0.333635000,-0.288195000,0.654606000,-0.614103000
1718187365390255104.000000000,-2.420968985,1.589388710,1.285223480,0.319801000,-0.282112000,0.655451000,-0.623316000
1718187365456938240.000000000,-2.401316887,1.615234151,1.284067643,0.310783000,-0.268771000,0.662885000,-0.625907000
1718187365523621120.000000000,-2.380012872,1.641915167,1.283579239,0.305568000,-0.254779000,0.666969000,-0.629976000
1718187365590304512.000000000,-2.357773060,1.670060721,1.283409330,0.295948000,-0.245307000,0.667548000,-0.637667000
1718187365690328320.000000000,-2.319182432,1.710040002,1.286128672,0.282635000,-0.231457000,0.663228000,-0.653203000
1718187365757011712.000000000,-2.292178441,1.736002875,1.290413962,0.274624000,-0.218244000,0.666651000,-0.657668000
1718187365823694336.000000000,-2.263750855,1.759994820,1.293651126,0.270734000,-0.204409000,0.673370000,-0.656881000
1718187365890377984.000000000,-2.236207811,1.783123907,1.297670982,0.266843000,-0.201756000,0.670726000,-0.661979000
1718187365990402816.000000000,-2.195230775,1.814779702,1.297929398,0.243695000,-0.194541000,0.678220000,-0.665420000
1718187366057085952.000000000,-2.169751035,1.830753959,1.301642790,0.244187000,-0.181309000,0.682737000,-0.664356000
1718187366123768320.000000000,-2.142173859,1.849277379,1.301929461,0.230305000,-0.175244000,0.686676000,-0.666878000
1718187366190451456.000000000,-2.112854016,1.866356949,1.301850515,0.218519000,-0.166346000,0.687738000,-0.672008000
1718187366290476288.000000000,-2.066881466,1.897190028,1.303211931,0.202819000,-0.144960000,0.694966000,-0.674443000
1718187366357159936.000000000,-2.035034565,1.917858427,1.298937622,0.188492000,-0.127751000,0.695483000,-0.681509000
1718187366423843840.000000000,-2.003361471,1.937436586,1.303525769,0.173331000,-0.113592000,0.695392000,-0.688101000
1718187366490527488.000000000,-1.970122255,1.951901965,1.296405029,0.156958000,-0.098795000,0.698414000,-0.691246000
1718187366590552064.000000000,-1.928656105,1.975864489,1.302042473,-0.138522000,0.079459000,-0.696695000,0.699367000
1718187366657235712.000000000,-1.898170321,1.989718742,1.294398249,0.127857000,-0.067807000,0.701289000,-0.698032000
1718187366757261312.000000000,-1.853878703,2.012603892,1.304454260,0.119075000,-0.056426000,0.702199000,-0.699681000
1718187366823944704.000000000,-1.816893238,2.024007699,1.310691443,0.108059000,-0.051808000,0.703161000,-0.700859000
1718187366923970304.000000000,-1.766168316,2.046303175,1.303859883,-0.113771000,0.037410000,-0.698043000,0.705970000
1718187366990652672.000000000,-1.726828713,2.056107019,1.300866497,-0.108643000,0.034920000,-0.694917000,0.709978000
1718187367057336320.000000000,-1.688813599,2.065548267,1.302265170,-0.095821000,0.029501000,-0.699246000,0.707816000
1718187367124020480.000000000,-1.649846119,2.069963565,1.305019905,-0.094272000,0.017788000,-0.702010000,0.705675000
1718187367190703872.000000000,-1.610704628,2.073772834,1.301264854,-0.088331000,0.007182000,-0.693985000,0.714514000
1718187367290729472.000000000,-1.548951607,2.056789779,1.305472064,-0.061377000,-0.008289000,-0.701499000,0.709974000
1718187367357412608.000000000,-1.513783843,2.049267245,1.303808129,-0.053039000,-0.021920000,-0.700685000,0.711159000
1718187367424094720.000000000,-1.475704704,2.046041491,1.304460113,-0.032261000,-0.029087000,-0.702875000,0.709986000
1718187367490777856.000000000,-1.435258220,2.037045055,1.303049180,-0.018855000,-0.039734000,-0.701082000,0.711723000
1718187367590802432.000000000,-1.375954994,2.024861873,1.305466420,0.006747000,-0.058281000,-0.699467000,0.712253000
1718187367690827008.000000000,-1.315562975,2.013446581,1.308251944,0.029597000,-0.081662000,-0.691756000,0.716888000
1718187367757509888.000000000,-1.275953728,2.007318258,1.307331181,0.050366000,-0.099477000,-0.692211000,0.713030000
1718187367824193536.000000000,-1.235979000,2.006643715,1.309236280,0.064613000,-0.110857000,-0.696388000,0.706102000
1718187367890875648.000000000,-1.199795423,1.996431354,1.314580213,0.076861000,-0.127577000,-0.687906000,0.710353000
1718187367957558528.000000000,-1.163795801,1.986739494,1.317885988,0.088974000,-0.143316000,-0.693620000,0.700311000
1718187368024241664.000000000,-1.129291270,1.968307934,1.321042954,0.100516000,-0.156521000,-0.685942000,0.703478000
1718187368090924800.000000000,-1.092808127,1.954271617,1.315734756,0.122875000,-0.166253000,-0.681478000,0.702033000
1718187368157607680.000000000,-1.073362713,1.946858608,1.282645123,0.133026000,-0.185669000,-0.675454000,0.701136000
1718187368224291072.000000000,-1.045891599,1.924625682,1.273730027,0.138122000,-0.202815000,-0.668425000,0.702137000
1718187368290974208.000000000,-0.979310237,1.908502807,1.291671662,0.159086000,-0.214543000,-0.661738000,0.700546000
1718187368390997504.000000000,-0.914129367,1.870194721,1.316355644,0.181587000,-0.234318000,-0.659039000,0.691223000
1718187368457680640.000000000,-0.885070933,1.828489684,1.316350446,0.185479000,-0.246037000,-0.658381000,0.686730000
1718187368524363520.000000000,-0.857326066,1.804390087,1.295195458,0.202874000,-0.251506000,-0.652508000,0.685435000
1718187368591046656.000000000,-0.829132333,1.782106529,1.290546787,0.215415000,-0.267416000,-0.652229000,0.675783000
1718187368657729536.000000000,-0.800721759,1.744724780,1.307284173,0.223351000,-0.278302000,-0.647686000,0.673175000
1718187368724412672.000000000,-0.767264162,1.709904261,1.323545933,0.240676000,-0.283644000,-0.644614000,0.667903000
1718187368824436224.000000000,-0.724125992,1.659631378,1.332815812,0.255634000,-0.302377000,-0.637948000,0.660486000
1718187368891119104.000000000,-0.699346571,1.625835278,1.329648807,0.272326000,-0.314775000,-0.629329000,0.656278000
1718187368991143680.000000000,-0.660121670,1.579874683,1.327784093,0.303481000,-0.334491000,-0.609238000,0.651801000
1718187369091168256.000000000,-0.619057583,1.534051129,1.328689675,0.327607000,-0.363575000,-0.602775000,0.630198000
1718187369157851136.000000000,-0.597697326,1.504428305,1.333481678,0.343391000,-0.376798000,-0.589224000,0.626834000
1718187369224533248.000000000,-0.575869042,1.474730332,1.333341158,0.350376000,-0.398144000,-0.583227000,0.615276000
1718187369291216640.000000000,-0.558277803,1.442141916,1.338856440,0.351659000,-0.416068000,-0.572150000,0.613080000
1718187369357900288.000000000,-0.541033484,1.406907316,1.340779427,0.371944000,-0.421583000,-0.562549000,0.606188000
1718187369424583936.000000000,-0.521659603,1.371195489,1.340129202,0.380262000,-0.432106000,-0.556030000,0.599596000
1718187369491268096.000000000,-0.503749421,1.334562180,1.338907874,0.380761000,-0.438710000,-0.549317000,0.600670000
1718187369557952256.000000000,-0.487755417,1.295144558,1.339538291,0.399217000,-0.438350000,-0.543554000,0.594158000
1718187369624634880.000000000,-0.472349370,1.254747479,1.342466273,0.412876000,-0.437328000,-0.532732000,0.595378000
1718187369691318784.000000000,-0.459166568,1.211812631,1.343740560,0.414960000,-0.448843000,-0.526956000,0.590479000
1718187369758002688.000000000,-0.448692248,1.170456591,1.346434145,0.406779000,-0.465086000,-0.528930000,0.581772000
1718187369858028800.000000000,-0.436937433,1.109615486,1.349206755,0.421363000,-0.468605000,-0.524186000,0.572793000
1718187369958054912.000000000,-0.427502836,1.054021991,1.352456404,0.423551000,-0.482871000,-0.520532000,0.562572000
1718187370058081024.000000000,-0.419981808,0.997382186,1.353430132,0.448693000,-0.483054000,-0.515059000,0.547766000
1718187370124763904.000000000,-0.417084817,0.957279667,1.351449849,0.457001000,-0.491836000,-0.506505000,0.541018000
1718187370191448064.000000000,-0.416891642,0.915947320,1.348742988,0.463741000,-0.505518000,-0.495259000,0.533024000
1718187370258131712.000000000,-0.416445895,0.875632053,1.347576518,0.476727000,-0.517360000,-0.479995000,0.524094000
1718187370324815616.000000000,-0.413882506,0.835409113,1.344063270,-0.492803000,0.527153000,0.465743000,-0.512190000
1718187370391498752.000000000,-0.411557050,0.795808065,1.342881540,-0.499710000,0.544498000,0.461732000,-0.490525000
1718187370458181888.000000000,-0.413152184,0.759885635,1.349159931,0.514636000,-0.549431000,-0.446665000,0.483493000
1718187370524864512.000000000,-0.418062125,0.723760917,1.349242375,0.525210000,-0.561687000,-0.435273000,0.468188000
1718187370591547904.000000000,-0.425970357,0.688284943,1.352081526,0.525284000,-0.576761000,-0.421723000,0.462139000
1718187370658231296.000000000,-0.438674240,0.653153391,1.353493901,0.534192000,-0.584175000,-0.408196000,0.454702000
1718187370724914432.000000000,-0.453155816,0.616051457,1.351935055,0.543658000,-0.593679000,-0.397823000,0.440134000
1718187370791597824.000000000,-0.471977788,0.580624232,1.350789528,0.548349000,-0.601124000,-0.381615000,0.438558000
1718187370858281216.000000000,-0.492072078,0.543620563,1.346797130,0.555347000,-0.606508000,-0.372954000,0.429700000
1718187370924964608.000000000,-0.515087418,0.506462978,1.343162989,0.561993000,-0.610096000,-0.360213000,0.426842000
1718187371024988672.000000000,-0.555755075,0.449797557,1.339058756,0.561324000,-0.627408000,-0.346593000,0.413700000
1718187371091672064.000000000,-0.582506595,0.415700737,1.341991640,0.560349000,-0.634596000,-0.339726000,0.409735000
1718187371191697408.000000000,-0.627456119,0.367319279,1.345781653,0.578674000,-0.638121000,-0.329433000,0.386537000
1718187371291722240.000000000,-0.671834926,0.324446734,1.352378016,0.586570000,-0.645436000,-0.311326000,0.377391000
1718187371358405888.000000000,-0.700549613,0.296594506,1.353939499,0.601734000,-0.644289000,-0.306558000,0.358929000
1718187371425088768.000000000,-0.732213839,0.266741000,1.352335275,0.609350000,-0.649926000,-0.295648000,0.344791000
1718187371525114112.000000000,-0.781828221,0.223469706,1.349574865,0.619143000,-0.659317000,-0.272102000,0.328517000
1718187371591797504.000000000,-0.815725768,0.194872752,1.347618944,0.632548000,-0.661674000,-0.257095000,0.309793000
1718187371658481152.000000000,-0.850525996,0.167196792,1.345467790,0.646529000,-0.665820000,-0.233404000,0.290184000
1718187371725164800.000000000,-0.886087620,0.140798068,1.344618767,0.647136000,-0.683660000,-0.210610000,0.263568000
1718187371791848448.000000000,-0.919261188,0.119657874,1.347717381,0.657522000,-0.684559000,-0.192342000,0.249094000
1718187371858531072.000000000,-0.954022625,0.100549772,1.348291711,0.657616000,-0.695259000,-0.178271000,0.228856000
1718187371925214464.000000000,-0.989420905,0.083805814,1.352290604,0.666480000,-0.694233000,-0.161918000,0.218237000
1718187371991898624.000000000,-1.024788486,0.067496261,1.352064551,0.671230000,-0.696437000,-0.152007000,0.203271000
1718187372058582016.000000000,-1.063162116,0.051925415,1.352277194,0.676201000,-0.696398000,-0.137605000,0.197097000
1718187372125265664.000000000,-1.103403150,0.036632848,1.350566143,0.679285000,-0.696921000,-0.127250000,0.191521000
1718187372191949312.000000000,-1.145628753,0.023174242,1.349649136,0.687666000,-0.692377000,-0.116400000,0.184881000
1718187372258633216.000000000,-1.190772243,0.011897035,1.348116645,0.693859000,-0.690304000,-0.108296000,0.174104000
1718187372325315584.000000000,-1.236812557,0.002387190,1.347380726,0.687398000,-0.699657000,-0.096894000,0.169045000
1718187372391998720.000000000,-1.279161994,-0.003288409,1.352007871,0.688848000,-0.699665000,-0.085571000,0.169218000
1718187372458682368.000000000,-1.321820469,-0.009311829,1.354895763,0.697408000,-0.694870000,-0.081756000,0.155219000
1718187372558707456.000000000,-1.383528174,-0.017279137,1.353251136,0.692315000,-0.705295000,-0.068004000,0.136508000
1718187372625390848.000000000,-1.421703048,-0.020990310,1.353026370,0.695144000,-0.704752000,-0.060823000,0.128063000
1718187372692074240.000000000,-1.460284848,-0.025061062,1.351467042,0.697353000,-0.705479000,-0.056129000,0.113348000
1718187372758756864.000000000,-1.499798523,-0.029339433,1.347683227,0.697283000,-0.707365000,-0.045159000,0.106732000
1718187372825440256.000000000,-1.538810411,-0.032600471,1.344473585,0.698489000,-0.708761000,-0.033157000,0.093121000
1718187372892123136.000000000,-1.577726084,-0.035825224,1.342385227,0.702550000,-0.706576000,-0.021919000,0.081817000
1718187372958807296.000000000,-1.617849862,-0.038703298,1.340406282,0.707814000,-0.703033000,-0.006440000,0.068572000
1718187373025490432.000000000,-1.658239567,-0.039761683,1.340098519,0.709898000,-0.702596000,0.011500000,0.047661000
1718187373125515520.000000000,-1.716582860,-0.037194815,1.344326662,0.712185000,-0.700911000,0.032699000,0.021174000
1718187373192197888.000000000,-1.754790075,-0.033174458,1.347563785,0.709079000,-0.703444000,0.048291000,0.006430000
1718187373258881536.000000000,-1.791487714,-0.027663473,1.352325558,0.706098000,-0.705167000,0.064490000,-0.002463000
1718187373358906880.000000000,-1.849888851,-0.014256937,1.352908480,0.708963000,-0.699782000,0.084304000,-0.023841000
1718187373425590528.000000000,-1.889339164,-0.001876590,1.350564501,0.709899000,-0.696701000,0.097082000,-0.035025000
1718187373492274432.000000000,-1.929831909,0.014022471,1.347180388,0.709269000,-0.694734000,0.109747000,-0.047306000
1718187373592300032.000000000,-1.992914009,0.044152512,1.342373041,0.710509000,-0.689181000,0.128458000,-0.060859000
1718187373658982656.000000000,-2.034613410,0.067635396,1.340016483,0.713021000,-0.683618000,0.135939000,-0.076085000
1718187373725666304.000000000,-2.076678362,0.092379867,1.338586582,0.703069000,-0.689897000,0.144323000,-0.094372000
1718187373792349952.000000000,-2.114589413,0.117204533,1.343012886,0.703845000,-0.686562000,0.151204000,-0.101839000
1718187373859033856.000000000,-2.151077412,0.144196970,1.342103780,0.701936000,-0.683570000,0.158496000,-0.122056000
1718187373925717504.000000000,-2.184862674,0.170936781,1.341533080,0.690806000,-0.687602000,0.178690000,-0.134392000
1718187373992401408.000000000,-2.214935861,0.195172044,1.343760978,0.691666000,-0.681345000,0.191991000,-0.143197000
1718187374059085056.000000000,-2.245201829,0.220047538,1.342654494,0.688958000,-0.677026000,0.198504000,-0.166037000
1718187374125767936.000000000,-2.276423749,0.245801885,1.339286046,0.686173000,-0.672383000,0.214207000,-0.176585000
1718187374192451840.000000000,-2.304205702,0.274164396,1.336317570,0.683077000,-0.666094000,0.232191000,-0.189240000
1718187374259135488.000000000,-2.331202387,0.302102548,1.332505837,0.680173000,-0.656654000,0.244617000,-0.215251000
1718187374359160832.000000000,-2.371724015,0.344144404,1.326081646,0.674015000,-0.641227000,0.269626000,-0.248663000
1718187374425844224.000000000,-2.398912732,0.370838413,1.323492521,0.657911000,-0.641239000,0.292380000,-0.265480000
1718187374492527104.000000000,-2.423094450,0.398456777,1.325348274,0.657311000,-0.626783000,0.310280000,-0.280735000
1718187374592551680.000000000,-2.458705068,0.440561818,1.328734697,0.643670000,-0.617847000,0.343198000,-0.293546000
1718187374659235072.000000000,-2.478668660,0.467665924,1.332529549,0.643977000,-0.607181000,0.351255000,-0.305360000
1718187374759260416.000000000,-2.508855549,0.516492498,1.332006031,0.636646000,-0.598306000,0.361387000,-0.325748000
1718187374825944064.000000000,-2.526584017,0.552653738,1.331476857,0.635717000,-0.590688000,0.371362000,-0.330215000
1718187374892627200.000000000,-2.544364898,0.589495002,1.329427410,0.633002000,-0.586659000,0.373880000,-0.339637000
1718187374992651520.000000000,-2.568926364,0.649421083,1.326389748,0.630099000,-0.578089000,0.377304000,-0.355570000
1718187375059334656.000000000,-2.582043132,0.690529868,1.326214813,0.622803000,-0.577964000,0.392175000,-0.352524000
1718187375159360000.000000000,-2.596630010,0.750891344,1.332472792,0.624677000,-0.566328000,0.399667000,-0.359607000
1718187375226043136.000000000,-2.606523225,0.793273317,1.331217741,0.614134000,-0.565328000,0.407633000,-0.370241000
1718187375292726528.000000000,-2.613904808,0.833059698,1.331989091,0.606251000,-0.561629000,0.420118000,-0.374879000
1718187375359409408.000000000,-2.622008971,0.871441922,1.330669068,0.599310000,-0.558971000,0.422120000,-0.387548000
1718187375426091264.000000000,-2.630580448,0.913584280,1.325246880,0.592463000,-0.555782000,0.429658000,-0.394319000
1718187375526115072.000000000,-2.641322080,0.979188859,1.315000324,0.581589000,-0.547301000,0.453565000,-0.395593000
1718187375592798208.000000000,-2.648764851,1.022483384,1.310935612,0.574211000,-0.540133000,0.459732000,-0.408882000
1718187375659481088.000000000,-2.656243199,1.066018247,1.308655198,0.568130000,-0.528410000,0.466090000,-0.425172000
1718187375726164224.000000000,-2.662837371,1.111231500,1.307195401,0.552645000,-0.520392000,0.484309000,-0.434996000
1718187375792846848.000000000,-2.666938096,1.152284216,1.310564543,0.543922000,-0.514171000,0.495873000,-0.440326000
1718187375892869888.000000000,-2.665550506,1.215656534,1.312066440,0.528784000,-0.494551000,0.512954000,-0.461178000
1718187375959552768.000000000,-2.661216461,1.256481398,1.313096419,0.523322000,-0.483656000,0.530226000,-0.459426000
1718187376026235648.000000000,-2.653080169,1.295716752,1.314237264,0.519466000,-0.469218000,0.536022000,-0.471879000
1718187376092918272.000000000,-2.644462304,1.338854270,1.312191364,0.505830000,-0.462829000,0.541893000,-0.486084000
1718187376159600896.000000000,-2.633011265,1.381618029,1.310655808,0.503924000,-0.451305000,0.549248000,-0.490623000
1718187376226284032.000000000,-2.617934084,1.425305244,1.308179838,0.498017000,-0.442612000,0.553814000,-0.499364000
1718187376292965120.000000000,-2.599825886,1.468882528,1.306440551,0.489864000,-0.432023000,0.558475000,-0.511365000
1718187376359642368.000000000,-2.579208770,1.509573485,1.306769935,0.480911000,-0.423512000,0.574495000,-0.509232000
1718187376426319616.000000000,-2.555093618,1.544961013,1.314658027,0.476042000,-0.412383000,0.582296000,-0.514058000
1718187376492996864.000000000,-2.531009135,1.580002836,1.321955598,0.468747000,-0.399471000,0.579694000,-0.533530000
1718187376559673856.000000000,-2.507014510,1.616600645,1.323826393,0.450906000,-0.388192000,0.589726000,-0.546090000
1718187376693027840.000000000,-2.460089545,1.679051477,1.323290806,0.432257000,-0.365390000,0.612189000,-0.552148000
1718187376759703552.000000000,-2.438908660,1.711800011,1.322592575,0.413885000,-0.358985000,0.615089000,-0.567005000
1718187376826380032.000000000,-2.414865381,1.742789558,1.319290912,0.400462000,-0.345982000,0.622444000,-0.576620000
1718187376893056768.000000000,-2.388353380,1.773098015,1.314482779,0.383925000,-0.331959000,0.633433000,-0.584095000
1718187376959733504.000000000,-2.362195566,1.802871155,1.312630565,0.365073000,-0.312730000,0.639921000,-0.599519000
1718187377026409728.000000000,-2.336955401,1.832677308,1.309901854,0.339857000,-0.291633000,0.651184000,-0.612704000
1718187377093085952.000000000,-2.313248008,1.859705476,1.309715144,0.315465000,-0.275965000,0.668663000,-0.614178000
1718187377159761920.000000000,-2.288729270,1.880876981,1.313787211,0.299257000,-0.253362000,0.668870000,-0.631558000
1718187377226437120.000000000,-2.263689457,1.899676552,1.314949085,0.277467000,-0.234151000,0.680258000,-0.636737000
1718187377326455808.000000000,-2.223317281,1.922749195,1.317715368,0.258807000,-0.207281000,0.688719000,-0.644764000
1718187377393139200.000000000,-2.193126524,1.939200434,1.318328932,0.239236000,-0.195190000,0.690813000,-0.653792000
1718187377493163520.000000000,-2.145655614,1.961212010,1.315917155,0.228279000,-0.169314000,0.699141000,-0.656066000
1718187377593188864.000000000,-2.095091377,1.983039891,1.314550233,0.212769000,-0.154661000,0.695673000,-0.668467000
1718187377659870720.000000000,-2.057644385,1.997261663,1.316154047,0.204025000,-0.145294000,0.692575000,-0.676464000
1718187377726554112.000000000,-2.021660428,2.013152490,1.315052918,0.199762000,-0.138434000,0.702758000,-0.668627000
1718187377793237504.000000000,-1.987571419,2.027820802,1.318939517,0.197782000,-0.134840000,0.703832000,-0.668821000
1718187377859920640.000000000,-1.955391680,2.041439729,1.321893632,0.187910000,-0.133902000,0.695610000,-0.680358000
1718187377926604032.000000000,-1.922171752,2.055310030,1.322106146,0.170358000,-0.127333000,0.700921000,-0.680790000
1718187377993287168.000000000,-1.892455478,2.064495258,1.326558506,0.167607000,-0.116555000,0.702900000,-0.681362000
1718187378059970304.000000000,-1.863813536,2.078399586,1.330135494,0.153027000,-0.110823000,0.700649000,-0.688035000
1718187378126652416.000000000,-1.832465324,2.093443149,1.332392949,0.138703000,-0.104389000,0.702485000,-0.690202000
1718187378193336064.000000000,-1.798756312,2.104310351,1.332138680,0.131706000,-0.088138000,0.706373000,-0.689871000
1718187378293360896.000000000,-1.746861436,2.123471325,1.329366347,0.109331000,-0.070156000,0.708653000,-0.693495000
1718187378360045312.000000000,-1.711768612,2.139211174,1.326812734,0.095243000,-0.057927000,0.710526000,-0.694785000
1718187378426730240.000000000,-1.677957483,2.155423169,1.324585543,0.076440000,-0.049756000,0.714883000,-0.693270000
1718187378493414912.000000000,-1.645526607,2.169066687,1.323934480,0.060032000,-0.034770000,0.716115000,-0.694526000
1718187378560098304.000000000,-1.612694963,2.179752671,1.326644454,0.051659000,-0.011905000,0.715295000,-0.696809000
1718187378626783232.000000000,-1.577991368,2.186634713,1.327621495,0.038645000,0.004523000,0.717535000,-0.695435000
1718187378693467904.000000000,-1.542550227,2.191423034,1.329061527,0.030263000,0.013891000,0.714388000,-0.698957000
1718187378760152320.000000000,-1.504118222,2.193000488,1.328626859,0.019005000,0.022481000,0.713773000,-0.699758000
1718187378826837248.000000000,-1.462969872,2.191545926,1.326569478,0.015401000,0.037872000,0.714321000,-0.698623000
1718187378893521920.000000000,-1.420853625,2.190859288,1.321641654,0.013087000,0.046235000,0.713949000,-0.698547000
1718187378960206080.000000000,-1.377962957,2.189257247,1.318257236,0.002592000,0.048665000,0.709553000,-0.702965000
1718187379060233472.000000000,-1.310565436,2.179652929,1.316583866,-0.002808000,0.064280000,0.707859000,-0.703417000
1718187379126918656.000000000,-1.268039641,2.172067987,1.323279519,-0.003358000,0.071457000,0.709283000,-0.701285000
1718187379193603328.000000000,-1.224918841,2.164161810,1.329895501,0.015704000,-0.073533000,-0.702278000,0.707921000
1718187379260288256.000000000,-1.181913149,2.155974279,1.335515553,-0.025279000,0.081024000,0.706607000,-0.702498000
1718187379326972416.000000000,-1.143619770,2.147120710,1.342304748,0.028957000,-0.090116000,-0.700595000,0.707253000
1718187379393656064.000000000,-1.101303716,2.142352151,1.341831621,0.040989000,-0.090281000,-0.700125000,0.707103000
1718187379460338688.000000000,-1.057306756,2.136290942,1.339541296,0.044152000,-0.098170000,-0.700178000,0.705808000
1718187379527022336.000000000,-1.012519947,2.128644587,1.336027875,0.049969000,-0.108916000,-0.699413000,0.704600000
1718187379593706240.000000000,-0.968190161,2.120688499,1.333823980,0.069099000,-0.114841000,-0.693590000,0.707792000
1718187379660389632.000000000,-0.922196482,2.113149369,1.331270664,0.087373000,-0.127402000,-0.689129000,0.707980000
1718187379727073536.000000000,-0.876255849,2.104148675,1.329429293,0.099004000,-0.144084000,-0.694450000,0.697980000
1718187379793756928.000000000,-0.833965464,2.093071715,1.331329679,-0.115065000,0.153840000,0.697894000,-0.689955000
1718187379860439808.000000000,-0.797572516,2.079196856,1.334177591,0.130316000,-0.174120000,-0.688034000,0.692322000
1718187379927123456.000000000,-0.761360900,2.063866252,1.335539766,-0.134744000,0.196585000,0.691805000,-0.681619000
1718187379993807104.000000000,-0.728948661,2.046242038,1.339993353,-0.139294000,0.211385000,0.685209000,-0.682937000
1718187380060491008.000000000,-0.694195226,2.025032622,1.340277754,-0.156566000,0.217195000,0.681998000,-0.680582000
1718187380127174912.000000000,-0.659619390,1.998095309,1.339255745,0.164225000,-0.234775000,-0.676713000,0.678211000
1718187380227200512.000000000,-0.606474431,1.953300893,1.336130955,0.176597000,-0.250599000,-0.667927000,0.678149000
1718187380327225088.000000000,-0.554157874,1.901444500,1.335180837,0.194858000,-0.259450000,-0.659384000,0.678181000
1718187380393908224.000000000,-0.522296841,1.865971727,1.338791472,0.194039000,-0.274458000,-0.662885000,0.669033000
1718187380493933568.000000000,-0.481719274,1.814486924,1.349797407,0.209559000,-0.277525000,-0.650367000,0.675343000
1718187380560616704.000000000,-0.453789816,1.780249874,1.351667935,0.223722000,-0.286628000,-0.653008000,0.664360000
1718187380660642048.000000000,-0.420247915,1.733536435,1.357570575,0.229370000,-0.299508000,-0.643532000,0.665996000
1718187380727325696.000000000,-0.396033850,1.701805099,1.356079298,0.245823000,-0.302302000,-0.642627000,0.659709000
1718187380794008320.000000000,-0.371408606,1.667514647,1.351579804,0.247391000,-0.316358000,-0.640440000,0.654638000
1718187380860691456.000000000,-0.347341531,1.630994424,1.348449634,0.253100000,-0.332323000,-0.636799000,0.648065000
1718187380927375104.000000000,-0.325418169,1.593058974,1.347111267,0.274700000,-0.341139000,-0.627918000,0.643337000
1718187380994058752.000000000,-0.303529954,1.554793415,1.346332352,0.295862000,-0.352503000,-0.616476000,0.638877000
1718187381060742400.000000000,-0.279517680,1.518563972,1.344221240,0.303293000,-0.373462000,-0.617873000,0.621911000
1718187381127425536.000000000,-0.262787741,1.483129169,1.348021344,0.313414000,-0.385440000,-0.611517000,0.615837000
1718187381194108416.000000000,-0.250129641,1.444087791,1.350278786,0.331007000,-0.403937000,-0.596875000,0.609105000
1718187381327475200.000000000,-0.235353248,1.366777223,1.354659240,0.346509000,-0.435575000,-0.577608000,0.597139000
1718187381394158336.000000000,-0.231366034,1.325179098,1.352309583,0.367095000,-0.443923000,-0.570293000,0.585611000
1718187381494183424.000000000,-0.230682136,1.260220718,1.347819847,0.374298000,-0.463112000,-0.553424000,0.582367000
1718187381594208000.000000000,-0.233876668,1.190943826,1.344819832,0.395987000,-0.467125000,-0.540719000,0.576725000
1718187381660890368.000000000,-0.239939836,1.142683184,1.343720993,0.404549000,-0.477065000,-0.532244000,0.570495000
1718187381727573504.000000000,-0.246652573,1.097081041,1.346538275,0.399052000,-0.494117000,-0.529951000,0.561924000
1718187381794256896.000000000,-0.256280795,1.053876997,1.353815118,0.411897000,-0.492976000,-0.520751000,0.562258000
1718187381860940032.000000000,-0.265246697,1.010916746,1.357629205,0.427294000,-0.495803000,-0.521939000,0.546973000
1718187381927622912.000000000,-0.276251290,0.972084245,1.362613609,0.430860000,-0.507829000,-0.512026000,0.542494000
1718187381994306304.000000000,-0.287912699,0.933966482,1.366554594,0.440741000,-0.512964000,-0.502097000,0.538993000
1718187382060989696.000000000,-0.296599479,0.894866236,1.364472646,0.454753000,-0.518170000,-0.496124000,0.527788000
1718187382127671808.000000000,-0.306549937,0.854830434,1.361480946,-0.464794000,0.526150000,0.486487000,-0.520060000
1718187382227696384.000000000,-0.323537822,0.792119895,1.355855686,-0.478374000,0.540045000,0.471052000,-0.507563000
1718187382294380032.000000000,-0.334380877,0.749529919,1.352004185,-0.491421000,0.547071000,0.459855000,-0.497747000
1718187382361063680.000000000,-0.344192753,0.705648601,1.349691792,0.503388000,-0.560892000,-0.446257000,0.482551000
1718187382427747584.000000000,-0.352861063,0.664073749,1.351105601,0.509721000,-0.571648000,-0.440465000,0.468394000
1718187382494431488.000000000,-0.364646221,0.625858555,1.353668702,0.525423000,-0.575400000,-0.428717000,0.457217000
1718187382561114368.000000000,-0.379130976,0.588083352,1.357645094,0.524387000,-0.594919000,-0.416460000,0.444579000
1718187382627798016.000000000,-0.400336877,0.554178944,1.362178947,0.526207000,-0.608349000,-0.394316000,0.444445000
1718187382694481920.000000000,-0.422781556,0.519702494,1.366460227,0.542913000,-0.613897000,-0.378210000,0.430503000
1718187382761166080.000000000,-0.448849575,0.484701181,1.367091968,0.555059000,-0.620238000,-0.360532000,0.420989000
1718187382827849984.000000000,-0.476989678,0.448141986,1.365278763,0.558714000,-0.627049000,-0.349307000,0.415490000
1718187382894533632.000000000,-0.507251163,0.410815325,1.362747532,0.568576000,-0.630138000,-0.341077000,0.404120000
1718187382961216768.000000000,-0.540134667,0.374918631,1.361038051,0.580026000,-0.632123000,-0.330667000,0.393256000
1718187383027900672.000000000,-0.576305413,0.340861846,1.360520615,0.585317000,-0.642345000,-0.320339000,0.377068000
1718187383127926784.000000000,-0.627961077,0.294647021,1.367642215,0.594943000,-0.648188000,-0.304566000,0.364877000
1718187383194610688.000000000,-0.662204862,0.265779513,1.368589410,0.605833000,-0.651665000,-0.299643000,0.344258000
1718187383261294336.000000000,-0.693971250,0.239551243,1.370024616,0.607376000,-0.662300000,-0.288646000,0.330359000
1718187383327978240.000000000,-0.722562006,0.216125724,1.369995207,0.617159000,-0.662040000,-0.277930000,0.321827000
1718187383394661120.000000000,-0.752713833,0.190145484,1.370708607,0.629496000,-0.662149000,-0.271110000,0.302973000
1718187383461343232.000000000,-0.785890806,0.166967632,1.368591072,0.638292000,-0.668502000,-0.251553000,0.287072000
1718187383528026368.000000000,-0.820490788,0.146315913,1.366722264,0.645623000,-0.677326000,-0.225727000,0.271014000
1718187383594709248.000000000,-0.854203557,0.127214800,1.365688016,0.658433000,-0.680886000,-0.200781000,0.250096000
1718187383661392384.000000000,-0.887600409,0.107383396,1.362744213,0.667742000,-0.689062000,-0.178707000,0.217663000
1718187383761416704.000000000,-0.931477678,0.081339416,1.362091884,0.669421000,-0.703285000,-0.150332000,0.186187000
1718187383828099840.000000000,-0.960660453,0.067630483,1.358275225,0.672198000,-0.710792000,-0.126941000,0.163739000
1718187383894781952.000000000,-0.988781614,0.054142391,1.355576686,0.669854000,-0.718548000,-0.110747000,0.150730000
1718187383961465088.000000000,-1.018485742,0.042345177,1.353843828,0.674383000,-0.719112000,-0.098910000,0.135285000
1718187384028147968.000000000,-1.050741603,0.030844178,1.351279235,0.677200000,-0.720270000,-0.090086000,0.120400000
1718187384094831104.000000000,-1.085394368,0.022390584,1.348804912,0.680853000,-0.719944000,-0.073394000,0.112845000
1718187384161513984.000000000,-1.122515156,0.013125458,1.345297550,0.684660000,-0.718632000,-0.064477000,0.103206000
1718187384228197120.000000000,-1.163387645,0.005252238,1.343331457,0.689909000,-0.715324000,-0.055260000,0.096350000
1718187384294879232.000000000,-1.206041610,-0.000721275,1.342378763,0.692890000,-0.714297000,-0.045958000,0.087011000
1718187384361562624.000000000,-1.248014832,-0.008016239,1.344663379,0.685411000,-0.722647000,-0.034556000,0.082457000
1718187384428246272.000000000,-1.287384879,-0.014147503,1.351302797,0.693620000,-0.715057000,-0.031627000,0.081149000
1718187384494929920.000000000,-1.328170175,-0.018559577,1.356346568,0.694807000,-0.715979000,-0.028156000,0.061841000
1718187384594955264.000000000,-1.382850137,-0.022222198,1.365419138,0.693821000,-0.717807000,-0.005734000,0.057733000
1718187384661638912.000000000,-1.417642556,-0.026948839,1.368065634,0.697561000,-0.715260000,-0.003130000,0.042446000
1718187384728322304.000000000,-1.453294709,-0.033423412,1.368436589,0.701117000,-0.712414000,0.002918000,0.029868000
1718187384795005184.000000000,-1.491352120,-0.041227640,1.364007282,0.699085000,-0.714622000,0.014610000,0.019575000
1718187384861688320.000000000,-1.530851850,-0.049522178,1.359646988,0.698377000,-0.715149000,0.028189000,0.006052000
1718187384928372480.000000000,-1.570457249,-0.058729031,1.358256202,0.700906000,-0.711920000,0.042227000,-0.010838000
1718187384995055872.000000000,-1.609393232,-0.067116338,1.359158633,0.704244000,-0.706709000,0.059521000,-0.032561000
1718187385061739520.000000000,-1.648698240,-0.074800107,1.357144002,0.693941000,-0.713448000,0.081987000,-0.052123000
1718187385128423168.000000000,-1.686999041,-0.081413467,1.362080390,0.690289000,-0.713740000,0.101978000,-0.060638000
1718187385195105536.000000000,-1.723278846,-0.083524786,1.363598926,0.689360000,-0.710089000,0.122699000,-0.074172000
1718187385261789440.000000000,-1.759804200,-0.084237915,1.364915763,0.683025000,-0.712232000,0.140875000,-0.079731000
1718187385361815040.000000000,-1.814358917,-0.080116311,1.363933746,0.685627000,-0.703715000,0.153964000,-0.104861000
1718187385428498432.000000000,-1.853334696,-0.074161783,1.361261436,0.683240000,-0.701085000,0.169786000,-0.113293000
1718187385495182336.000000000,-1.891826718,-0.064428287,1.356168422,0.682146000,-0.697658000,0.182900000,-0.120408000
1718187385561865984.000000000,-1.932579591,-0.052582154,1.349713358,0.680697000,-0.694345000,0.189977000,-0.135816000
1718187385661890304.000000000,-1.991476547,-0.030450505,1.347903588,0.684538000,-0.681769000,0.203723000,-0.158416000
1718187385728574464.000000000,-2.030182089,-0.012619655,1.347947530,0.677459000,-0.681583000,0.217424000,-0.170943000
1718187385795258112.000000000,-2.065650455,0.005371712,1.351432126,0.678869000,-0.674641000,0.227842000,-0.179122000
1718187385861941504.000000000,-2.100630477,0.022404751,1.352498200,0.665577000,-0.678434000,0.242938000,-0.194204000
1718187385928625920.000000000,-2.129249781,0.038190722,1.358829568,0.669443000,-0.668297000,0.253692000,-0.202150000
1718187385995309568.000000000,-2.160353450,0.055987982,1.356864118,0.661975000,-0.667687000,0.259233000,-0.220866000
1718187386061993472.000000000,-2.191997603,0.074918694,1.354085984,0.656614000,-0.664075000,0.273746000,-0.230057000
1718187386162018048.000000000,-2.239455676,0.104441388,1.347408141,0.649015000,-0.656132000,0.291318000,-0.251802000
1718187386228701952.000000000,-2.271357771,0.124191464,1.343213382,0.644537000,-0.647334000,0.304356000,-0.269996000
1718187386295385856.000000000,-2.300136426,0.145772181,1.339687063,0.643005000,-0.633510000,0.319358000,-0.288479000
1718187386395411456.000000000,-2.339571816,0.180096914,1.332801483,0.617444000,-0.627773000,0.354156000,-0.315020000
1718187386495436800.000000000,-2.367605377,0.216319998,1.331279970,0.606603000,-0.610333000,0.384737000,-0.333922000
1718187386562119680.000000000,-2.386294568,0.242606983,1.331553623,0.594392000,-0.603267000,0.411383000,-0.336942000
1718187386628803584.000000000,-2.402098351,0.270218002,1.332793445,0.594202000,-0.588717000,0.422665000,-0.348842000
1718187386695487232.000000000,-2.418709695,0.301649623,1.332087237,0.584876000,-0.580620000,0.428328000,-0.370588000
1718187386762171136.000000000,-2.434926515,0.335330943,1.331280075,0.584666000,-0.568756000,0.437476000,-0.378547000
1718187386828855040.000000000,-2.451376397,0.374184210,1.327658940,0.582908000,-0.560858000,0.443856000,-0.385550000
1718187386928880640.000000000,-2.474705284,0.438006778,1.326396918,0.578935000,-0.547265000,0.448394000,-0.405312000
1718187386995563520.000000000,-2.486823224,0.481897772,1.327501223,0.567757000,-0.545293000,0.459665000,-0.411115000
1718187387062247168.000000000,-2.497321833,0.523385230,1.334536633,0.567733000,-0.539680000,0.462692000,-0.415140000
1718187387128931072.000000000,-2.506168190,0.564600583,1.339026105,0.562774000,-0.533739000,0.460616000,-0.431556000
1718187387195614720.000000000,-2.513753588,0.606173464,1.341553151,0.547563000,-0.532856000,0.476494000,-0.434963000
1718187387262298880.000000000,-2.517897861,0.640568990,1.345889341,0.548448000,-0.522523000,0.481326000,-0.441022000
1718187387362347008.000000000,-2.525506839,0.698948320,1.343974226,0.529361000,-0.518706000,0.485850000,-0.463326000
1718187387462480640.000000000,-2.530714933,0.759905879,1.338738879,0.518581000,-0.503507000,0.503812000,-0.472998000
1718187387529238016.000000000,-2.531985034,0.800475978,1.337073606,0.505252000,-0.493379000,0.511044000,-0.490034000
1718187387595996416.000000000,-2.531786492,0.839887213,1.337496667,0.494282000,-0.477287000,0.520071000,-0.507355000
1718187387662755840.000000000,-2.531406410,0.878756325,1.336688383,0.470202000,-0.468264000,0.537256000,-0.520572000
1718187387762896384.000000000,-2.527257605,0.932389483,1.341514735,0.448700000,-0.446720000,0.549563000,-0.545059000
1718187387829657856.000000000,-2.519277725,0.968881915,1.340395109,0.433607000,-0.425813000,0.571066000,-0.551863000
1718187387896419072.000000000,-2.510876650,1.004115209,1.340561217,0.421811000,-0.412283000,0.587735000,-0.553773000
1718187387963182336.000000000,-2.501101493,1.038298871,1.342685487,0.410834000,-0.399242000,0.589364000,-0.569624000
1718187388029947136.000000000,-2.487236368,1.076283310,1.340220367,0.400613000,-0.383398000,0.597006000,-0.579741000
1718187388096712448.000000000,-2.472543618,1.115215674,1.337963617,0.399011000,-0.366136000,0.606801000,-0.581831000
1718187388163478272.000000000,-2.456392762,1.156895739,1.333928291,0.390131000,-0.356169000,0.611292000,-0.589290000
1718187388230245632.000000000,-2.438210906,1.199043811,1.331939284,0.384559000,-0.347114000,0.615209000,-0.594259000
1718187388297012736.000000000,-2.417701277,1.240677098,1.329732381,0.376663000,-0.333803000,0.631695000,-0.589629000
1718187388363751936.000000000,-2.399962703,1.280850757,1.334319019,0.375287000,-0.323478000,0.640205000,-0.587077000
1718187388430428928.000000000,-2.383635110,1.321481107,1.338445034,0.370456000,-0.317815000,0.634410000,-0.599400000
1718187388497105408.000000000,-2.363854522,1.358004624,1.342574511,0.357208000,-0.314396000,0.639539000,-0.603778000
1718187388563781888.000000000,-2.345337773,1.390808460,1.345764429,0.354044000,-0.300442000,0.646425000,-0.605410000
1718187388630458368.000000000,-2.328147537,1.423750017,1.345767153,0.343835000,-0.294821000,0.648232000,-0.612090000
1718187388697134336.000000000,-2.310174170,1.456895114,1.344110096,0.330318000,-0.286761000,0.651070000,-0.620295000
1718187388797147904.000000000,-2.283193321,1.507556590,1.339396346,0.312781000,-0.270388000,0.660920000,-0.626294000
1718187388897161984.000000000,-2.256311766,1.554108701,1.341519445,0.288580000,-0.244815000,0.661053000,-0.647917000
1718187388997175552.000000000,-2.227473929,1.597683592,1.346925940,0.251220000,-0.218473000,0.677724000,-0.655628000
1718187389097188864.000000000,-2.197542854,1.634493345,1.353605486,0.226107000,-0.190461000,0.680633000,-0.670327000
1718187389163864320.000000000,-2.175119121,1.657428580,1.356228319,0.214911000,-0.172178000,0.691582000,-0.667744000
1718187389230538752.000000000,-2.152481434,1.677931376,1.359507756,0.207471000,-0.158464000,0.691683000,-0.673364000
1718187389330551552.000000000,-2.110313928,1.712993066,1.355300897,0.186744000,-0.141296000,0.695857000,-0.678930000
1718187389397228032.000000000,-2.078911453,1.736313879,1.350964154,0.185433000,-0.128769000,0.698068000,-0.679510000
1718187389497242112.000000000,-2.027121924,1.770837212,1.350199257,0.171705000,-0.120878000,0.695074000,-0.687589000
1718187389563917824.000000000,-1.988572330,1.792231632,1.352176794,0.165818000,-0.110584000,0.696135000,-0.689689000
1718187389630592768.000000000,-1.949849610,1.812357838,1.357774759,0.161265000,-0.100924000,0.703494000,-0.684766000
1718187389697268480.000000000,-1.913423869,1.833907746,1.365325079,0.158543000,-0.102008000,0.694658000,-0.694196000
1718187389763943936.000000000,-1.873281681,1.853687922,1.367448224,0.140153000,-0.102662000,0.698364000,-0.694338000
1718187389830619136.000000000,-1.835620042,1.872818989,1.369559968,0.137355000,-0.090624000,0.705412000,-0.689431000
1718187389897294848.000000000,-1.799880529,1.890231843,1.370501863,0.133709000,-0.082923000,0.705761000,-0.690758000
1718187389997307648.000000000,-1.742722868,1.919384130,1.367589508,0.114779000,-0.075826000,0.705258000,-0.695476000
1718187390130656512.000000000,-1.664942495,1.956015632,1.366735537,0.092900000,-0.051417000,0.703890000,-0.702329000
1718187390230668800.000000000,-1.607085867,1.983196074,1.367609541,-0.063455000,0.034659000,-0.702294000,0.708206000
1718187390330680320.000000000,-1.550304557,2.008325159,1.369099710,0.039774000,-0.018544000,0.714339000,-0.698423000
1718187390397356800.000000000,-1.515007800,2.017521835,1.372096547,-0.023197000,-0.003395000,-0.706589000,0.707236000
1718187390464032768.000000000,-1.478690050,2.026548110,1.373932093,0.012959000,0.021095000,0.712767000,-0.700964000
1718187390530708224.000000000,-1.441868011,2.033093801,1.374420158,0.008759000,0.034718000,0.708947000,-0.704353000
1718187390597383936.000000000,-1.401748978,2.036750408,1.372578590,-0.004341000,0.046652000,0.708007000,-0.704649000
1718187390664059904.000000000,-1.361173157,2.036468259,1.372766164,0.007252000,-0.066768000,-0.702432000,0.708575000
1718187390730735872.000000000,-1.316822303,2.034492081,1.369548870,0.013414000,-0.081302000,-0.700194000,0.709181000
1718187390797411584.000000000,-1.272719841,2.030118792,1.371531291,0.024198000,-0.088071000,-0.692586000,0.715530000
1718187390864087040.000000000,-1.229981885,2.022019332,1.376110472,0.031003000,-0.104675000,-0.686808000,0.718594000
1718187390930762496.000000000,-1.188503998,2.016049678,1.382647283,0.032198000,-0.115137000,-0.688857000,0.714970000
1718187391030774272.000000000,-1.125731292,2.005651200,1.389227061,0.053582000,-0.120329000,-0.687808000,0.713842000
1718187391097449472.000000000,-1.083937495,1.999415848,1.390044528,0.061913000,-0.129283000,-0.692875000,0.706666000
1718187391164124416.000000000,-1.043955281,1.991790108,1.391310464,0.072262000,-0.134856000,-0.691302000,0.706183000
1718187391264136704.000000000,-0.981475718,1.978456767,1.389857022,0.095410000,-0.147532000,-0.688126000,0.703998000
1718187391364149504.000000000,-0.916664552,1.962644033,1.384437923,0.119325000,-0.170131000,-0.684931000,0.698345000
1718187391430825216.000000000,-0.875325502,1.950789092,1.382364528,0.138636000,-0.184537000,-0.679049000,0.696863000
1718187391497501440.000000000,-0.836007462,1.938137476,1.382985976,0.159774000,-0.204546000,-0.671300000,0.694255000
1718187391564177664.000000000,-0.797371024,1.927228085,1.383115531,0.183308000,-0.222646000,-0.671076000,0.682997000
1718187391664192000.000000000,-0.745542787,1.907283800,1.385895168,0.208761000,-0.250402000,-0.659084000,0.677736000
1718187391730867712.000000000,-0.713858691,1.889794035,1.387957450,0.219254000,-0.272141000,-0.659141000,0.665882000
1718187391830881280.000000000,-0.671876466,1.857011074,1.394861289,0.246095000,-0.292934000,-0.641645000,0.664770000
1718187391897555968.000000000,-0.646619312,1.826999060,1.396806213,0.263015000,-0.311280000,-0.631024000,0.660104000
1718187391964231680.000000000,-0.621518798,1.794428131,1.393567238,0.273992000,-0.330528000,-0.618704000,0.657939000
1718187392030906880.000000000,-0.598558889,1.757724087,1.391704238,0.297092000,-0.343620000,-0.608881000,0.650328000
1718187392097582336.000000000,-0.579612464,1.716291400,1.391251830,0.324108000,-0.355520000,-0.597611000,0.641421000
1718187392164257280.000000000,-0.561620072,1.675739448,1.392020295,0.334562000,-0.379088000,-0.596644000,0.623199000
1718187392230932480.000000000,-0.543619740,1.640215815,1.397721656,0.349069000,-0.389104000,-0.585818000,0.619327000
1718187392297605888.000000000,-0.525869021,1.604807913,1.400109486,0.369068000,-0.400820000,-0.581714000,0.603938000
1718187392364281088.000000000,-0.508364225,1.573710535,1.404922139,0.377996000,-0.416608000,-0.576234000,0.592884000
1718187392430956800.000000000,-0.491745736,1.545681304,1.409503039,0.393394000,-0.424856000,-0.567522000,0.585370000
1718187392497632000.000000000,-0.475136285,1.515819501,1.410234991,0.409928000,-0.433865000,-0.561607000,0.572989000
1718187392564307200.000000000,-0.459024406,1.484259722,1.409022581,0.418328000,-0.451108000,-0.551391000,0.563446000
1718187392630981888.000000000,-0.442449777,1.452935150,1.406973952,0.430018000,-0.465933000,-0.541191000,0.552362000
1718187392697656320.000000000,-0.422998692,1.422451522,1.406780711,0.449054000,-0.474637000,-0.529578000,0.540942000
1718187392797667072.000000000,-0.389592335,1.377171766,1.407041597,-0.468975000,0.491843000,0.520990000,-0.516452000
1718187392864341504.000000000,-0.368626857,1.348559593,1.412986553,-0.479241000,0.497906000,0.515205000,-0.506934000
1718187392931015680.000000000,-0.350559934,1.319672947,1.416612271,-0.490382000,0.508532000,0.497137000,-0.503761000
1718187392997689600.000000000,-0.332979701,1.290602028,1.420417910,-0.486660000,0.523573000,0.489134000,-0.499781000
1718187393064363520.000000000,-0.318086312,1.260029877,1.424025389,-0.497148000,0.526029000,0.483286000,-0.492516000
1718187393131036928.000000000,-0.305950152,1.225441943,1.425733377,0.505270000,-0.528786000,-0.476642000,0.487750000
1718187393231045888.000000000,-0.290376024,1.167969431,1.421669091,0.509020000,-0.542391000,-0.459485000,0.485371000
1718187393297719552.000000000,-0.280902013,1.124990442,1.417076816,0.513913000,-0.546619000,-0.454073000,0.480540000
1718187393397731072.000000000,-0.271623896,1.057945744,1.414572027,0.524397000,-0.549137000,-0.441337000,0.478203000
1718187393497744384.000000000,-0.264496137,0.989344687,1.416595678,0.520576000,-0.565924000,-0.436026000,0.467560000
1718187393564419840.000000000,-0.263314541,0.944354719,1.418841072,0.533133000,-0.562946000,-0.429162000,0.463336000
1718187393631095040.000000000,-0.262587562,0.899766381,1.418808646,0.534368000,-0.574651000,-0.425274000,0.450964000
1718187393697768704.000000000,-0.262050211,0.857908094,1.420407150,0.533463000,-0.583780000,-0.417351000,0.447700000
1718187393831118848.000000000,-0.265768718,0.771824749,1.416305137,0.546819000,-0.591053000,-0.407632000,0.430675000
1718187393897793536.000000000,-0.270910617,0.728100371,1.414384827,0.552460000,-0.599524000,-0.396930000,0.421670000
1718187393997805312.000000000,-0.280689345,0.666133086,1.411420465,0.570094000,-0.608014000,-0.374869000,0.405937000
1718187394064480000.000000000,-0.290833673,0.628484050,1.412145208,0.588881000,-0.614413000,-0.353921000,0.387886000
1718187394131153152.000000000,-0.297580815,0.590611769,1.413596214,0.593709000,-0.628953000,-0.341511000,0.367828000
1718187394231163904.000000000,-0.317728818,0.540227925,1.419041222,0.611154000,-0.636259000,-0.317552000,0.347600000
1718187394297838336.000000000,-0.334646011,0.507717248,1.422425337,0.612279000,-0.648657000,-0.301234000,0.337070000
1718187394364513024.000000000,-0.351621802,0.477055544,1.425460059,0.620601000,-0.652575000,-0.285019000,0.328275000
1718187394431188736.000000000,-0.371930397,0.444299622,1.423891924,0.633038000,-0.652088000,-0.275487000,0.313292000
1718187394497864704.000000000,-0.395752783,0.412337860,1.419987811,0.639885000,-0.653608000,-0.262559000,0.307256000
1718187394564539904.000000000,-0.425370902,0.380945606,1.417228078,0.644330000,-0.655888000,-0.249749000,0.303769000
1718187394631215616.000000000,-0.458945871,0.350301756,1.414293417,0.654203000,-0.654538000,-0.235764000,0.296670000
1718187394697891072.000000000,-0.496288554,0.322598216,1.409636069,0.657026000,-0.661135000,-0.223637000,0.284961000
1718187394797904128.000000000,-0.550226335,0.282654716,1.412196965,0.656181000,-0.670158000,-0.213632000,0.273269000
1718187394864579584.000000000,-0.587788444,0.260518652,1.413633146,0.663310000,-0.672271000,-0.202622000,0.258875000
1718187394931254528.000000000,-0.625014026,0.236719796,1.416043594,0.661426000,-0.683822000,-0.191053000,0.241665000
1718187394997928704.000000000,-0.658974700,0.215725918,1.419357401,0.668582000,-0.683335000,-0.178040000,0.233136000
1718187395064603904.000000000,-0.695133727,0.193173184,1.420238242,0.674927000,-0.684803000,-0.167310000,0.218005000
1718187395164615936.000000000,-0.750259791,0.158122202,1.418745600,0.678888000,-0.690781000,-0.141421000,0.204776000
1718187395231290624.000000000,-0.785679384,0.133558717,1.418264796,0.683835000,-0.692737000,-0.125537000,0.191637000
1718187395297965056.000000000,-0.820174681,0.108707111,1.418263277,0.696878000,-0.686935000,-0.115394000,0.170780000
1718187395397978112.000000000,-0.875229591,0.078579357,1.417329057,0.696146000,-0.699055000,-0.083462000,0.140489000
1718187395464652800.000000000,-0.909976391,0.060286234,1.422797735,0.696091000,-0.702612000,-0.063003000,0.133506000
1718187395531328512.000000000,-0.945808793,0.045837184,1.426372563,0.695335000,-0.708075000,-0.047863000,0.113354000
1718187395598003968.000000000,-0.980155155,0.031571579,1.434645767,0.702988000,-0.703187000,-0.030836000,0.101903000
1718187395664679424.000000000,-1.017683035,0.017100135,1.436335133,0.706288000,-0.701783000,-0.019451000,0.090993000
1718187395731354624.000000000,-1.056266982,0.001484610,1.436480029,0.709200000,-0.699846000,-0.006993000,0.084863000
1718187395798029824.000000000,-1.097063172,-0.013474313,1.433344746,0.710723000,-0.698979000,-0.001315000,0.079364000
1718187395898041088.000000000,-1.162284358,-0.031917388,1.427215414,0.719057000,-0.691658000,0.005234000,0.067369000
1718187395964716032.000000000,-1.208488230,-0.040558181,1.423042173,0.718270000,-0.692713000,0.013734000,0.063617000
1718187396031390720.000000000,-1.254520551,-0.046727765,1.423002118,0.712332000,-0.699129000,0.022209000,0.057516000
1718187396098065408.000000000,-1.298863481,-0.052968663,1.429873018,0.716252000,-0.695370000,0.025721000,0.052753000
1718187396164740096.000000000,-1.342737430,-0.056934132,1.434873359,0.721485000,-0.690629000,0.026975000,0.041996000
1718187396231414272.000000000,-1.385797848,-0.063044897,1.437577018,0.715268000,-0.697200000,0.035476000,0.032342000
1718187396298087424.000000000,-1.427719581,-0.067968253,1.437999921,0.717198000,-0.695422000,0.037465000,0.024742000
1718187396364762112.000000000,-1.471237836,-0.073602177,1.436048024,0.714707000,-0.698039000,0.042296000,0.012100000
1718187396431437824.000000000,-1.514293048,-0.076382257,1.433268163,0.716486000,-0.695302000,0.056397000,0.004756000
1718187396531451136.000000000,-1.578094682,-0.079275488,1.426558463,0.714353000,-0.695427000,0.076503000,-0.015079000
1718187396598126336.000000000,-1.617297186,-0.078538361,1.424069752,0.720882000,-0.686433000,0.089164000,-0.034478000
1718187396698139648.000000000,-1.679561328,-0.075684413,1.417094732,0.707514000,-0.692548000,0.121621000,-0.070775000
1718187396764813824.000000000,-1.718460344,-0.070481540,1.418819837,0.705718000,-0.689685000,0.137544000,-0.085898000
1718187396831488768.000000000,-1.757228080,-0.061014301,1.415879833,0.696576000,-0.691898000,0.160379000,-0.101675000
1718187396898163712.000000000,-1.795325990,-0.051282807,1.418290002,0.696117000,-0.686900000,0.178870000,-0.107678000
1718187396998175488.000000000,-1.857698871,-0.033347145,1.415961149,0.692748000,-0.684059000,0.187901000,-0.129837000
1718187397064850432.000000000,-1.898137413,-0.016761658,1.414102118,0.696825000,-0.676270000,0.198589000,-0.132880000
1718187397164862208.000000000,-1.961029166,0.015342685,1.410695958,0.699474000,-0.668883000,0.208863000,-0.140384000
1718187397231535104.000000000,-2.001349373,0.041251623,1.409336979,0.705017000,-0.658996000,0.216398000,-0.147812000
1718187397298209536.000000000,-2.042541626,0.069511836,1.407307979,0.698602000,-0.662135000,0.225041000,-0.151290000
1718187397398222080.000000000,-2.098997708,0.117236361,1.410533033,0.698936000,-0.653298000,0.234073000,-0.172914000
1718187397498235648.000000000,-2.147515238,0.168140683,1.412756812,0.683585000,-0.650437000,0.267563000,-0.195073000
1718187397564911104.000000000,-2.175789399,0.202280031,1.409427822,0.679149000,-0.645345000,0.276896000,-0.213574000
1718187397631585536.000000000,-2.204819877,0.237818940,1.405717832,0.670052000,-0.640628000,0.293434000,-0.233502000
1718187397698260736.000000000,-2.229812246,0.273614306,1.401379017,0.664781000,-0.632006000,0.311811000,-0.247805000
1718187397798274048.000000000,-2.263942326,0.327707061,1.398085311,0.654011000,-0.610664000,0.340613000,-0.288690000
1718187397864948736.000000000,-2.283655231,0.363729493,1.395055590,0.647345000,-0.594984000,0.360176000,-0.311788000
1718187397964961280.000000000,-2.313664182,0.415116873,1.393437782,0.619404000,-0.583065000,0.394578000,-0.347393000
1718187398031635968.000000000,-2.327836384,0.444670515,1.395592387,0.609084000,-0.566651000,0.409685000,-0.374275000
1718187398098309632.000000000,-2.339805301,0.475620041,1.396553580,0.596703000,-0.553974000,0.434670000,-0.384864000
1718187398164984320.000000000,-2.352170372,0.510778299,1.397054990,0.587510000,-0.540470000,0.453743000,-0.396032000
1718187398231658496.000000000,-2.365202330,0.545630928,1.395866763,0.575132000,-0.531682000,0.465285000,-0.412369000
1718187398331669504.000000000,-2.387445570,0.598161390,1.394237271,0.569218000,-0.515934000,0.475071000,-0.429081000
1718187398431683072.000000000,-2.409969706,0.655289595,1.391107848,0.560276000,-0.507359000,0.478631000,-0.446755000
1718187398498359040.000000000,-2.421352356,0.698336074,1.389768924,0.556716000,-0.496930000,0.487983000,-0.452771000
1718187398565033472.000000000,-2.431789361,0.740815111,1.390144057,0.546600000,-0.489369000,0.505495000,-0.454116000
1718187398631709184.000000000,-2.441890236,0.780554744,1.394758167,0.540626000,-0.482536000,0.508465000,-0.465130000
1718187398698384640.000000000,-2.449647087,0.819900324,1.396691267,0.525255000,-0.478922000,0.515186000,-0.478878000
1718187398765059584.000000000,-2.455352227,0.857130871,1.398118634,0.514388000,-0.469859000,0.528737000,-0.484845000
1718187398831734784.000000000,-2.459187125,0.892006785,1.400661274,0.504435000,-0.464650000,0.532568000,-0.496001000
1718187398898409728.000000000,-2.463273758,0.929342303,1.401685092,0.493221000,-0.454933000,0.539565000,-0.508565000
1718187398965083904.000000000,-2.467251328,0.966751440,1.401420270,0.486591000,-0.442854000,0.545627000,-0.519038000
1718187399031758848.000000000,-2.469913376,1.003821650,1.401198690,0.473320000,-0.430896000,0.553161000,-0.533207000
1718187399098433280.000000000,-2.472091908,1.041002047,1.402487638,0.459882000,-0.413795000,0.559743000,-0.551335000
1718187399165107968.000000000,-2.476832652,1.080195833,1.402295115,0.446314000,-0.407379000,0.567350000,-0.559428000
1718187399231781888.000000000,-2.477103938,1.116707557,1.403523702,0.434414000,-0.393247000,0.580457000,-0.565430000
1718187399298456320.000000000,-2.474757107,1.153359983,1.404599391,0.431358000,-0.373964000,0.592596000,-0.568253000
1718187399365131264.000000000,-2.470432895,1.189034021,1.404625197,0.420129000,-0.363276000,0.604436000,-0.571121000
1718187399431806208.000000000,-2.465552480,1.225224385,1.404723348,0.412370000,-0.353878000,0.606017000,-0.580917000
1718187399531820288.000000000,-2.452722172,1.285030884,1.399183862,0.400835000,-0.345030000,0.615938000,-0.583870000
1718187399598496256.000000000,-2.437934701,1.324209657,1.395975765,0.396468000,-0.333831000,0.616784000,-0.592408000
1718187399698509568.000000000,-2.410349806,1.387069943,1.389287753,0.389829000,-0.320844000,0.619374000,-0.601222000
1718187399798523136.000000000,-2.376539462,1.449515322,1.388893786,0.374588000,-0.310269000,0.639310000,-0.595566000
1718187399865197312.000000000,-2.352478285,1.484382409,1.397510883,0.374173000,-0.298169000,0.634097000,-0.607463000
1718187399931872768.000000000,-2.327053866,1.518616033,1.400007874,0.356986000,-0.295128000,0.632142000,-0.621174000
1718187400031885056.000000000,-2.292403827,1.566228713,1.404932229,0.344630000,-0.277911000,0.644884000,-0.622993000
1718187400131897600.000000000,-2.256130108,1.608996234,1.406305622,0.321420000,-0.268752000,0.650906000,-0.633075000
1718187400198572288.000000000,-2.231313729,1.637639081,1.404490511,0.308662000,-0.257651000,0.654842000,-0.639942000
1718187400265247232.000000000,-2.205526315,1.666556653,1.399555246,0.292360000,-0.247893000,0.659756000,-0.646372000
1718187400331920640.000000000,-2.177926672,1.694062231,1.397813868,0.273438000,-0.235597000,0.659986000,-0.658896000
1718187400398596352.000000000,-2.147647449,1.721625938,1.395789774,-0.255938000,0.220586000,-0.663752000,0.667286000
1718187400465272320.000000000,-2.116883230,1.747257283,1.396851838,0.235306000,-0.199278000,0.673697000,-0.671604000
1718187400531948800.000000000,-2.090303397,1.773999304,1.401313799,0.216008000,-0.186642000,0.683259000,-0.672058000
1718187400631962624.000000000,-2.049100756,1.810225450,1.402852523,0.197793000,-0.162702000,0.686658000,-0.680372000
1718187400698638336.000000000,-2.021506827,1.835326692,1.405978801,0.194878000,-0.147681000,0.694709000,-0.676456000
1718187400798650880.000000000,-1.973596060,1.872706038,1.404936020,0.176269000,-0.137655000,0.692569000,-0.685804000
1718187400865326336.000000000,-1.938351223,1.896509378,1.407081653,0.175455000,-0.122739000,0.694515000,-0.686877000
1718187400965339136.000000000,-1.879055514,1.931568893,1.405222609,-0.171443000,0.109040000,-0.691827000,0.692888000
1718187401032014336.000000000,-1.839112420,1.952464239,1.404836439,-0.169328000,0.100701000,-0.686354000,0.700076000
1718187401165364736.000000000,-1.760988194,1.994635185,1.400494200,0.163919000,-0.088080000,0.697936000,-0.691562000
1718187401232038400.000000000,-1.722703697,2.014780223,1.394615069,-0.152343000,0.087081000,-0.691320000,0.700917000
1718187401332050688.000000000,-1.666530788,2.039591667,1.418731548,0.140736000,-0.072947000,0.702213000,-0.694096000
1718187401432064256.000000000,-1.610735066,2.064562031,1.411397057,0.124663000,-0.065155000,0.702171000,-0.697976000
1718187401498740224.000000000,-1.575189793,2.082192643,1.406026084,0.113872000,-0.055899000,0.703533000,-0.699250000
1718187401565416448.000000000,-1.533532928,2.099434734,1.401123533,0.099128000,-0.043778000,0.707092000,-0.698769000
1718187401632091136.000000000,-1.497876209,2.113228660,1.393384569,0.082985000,-0.029380000,0.705064000,-0.703658000
1718187401732104448.000000000,-1.441531113,2.131551902,1.393610119,-0.056001000,0.006244000,-0.705431000,0.706535000
1718187401798779904.000000000,-1.404976482,2.140494457,1.397173137,0.037528000,0.001550000,0.709179000,-0.704027000
1718187401898792704.000000000,-1.349950830,2.145848059,1.403588828,0.019545000,0.026029000,0.707435000,-0.706028000
1718187401965467904.000000000,-1.309241654,2.149649260,1.403971170,0.012636000,0.043256000,0.708070000,-0.704702000
1718187402065480704.000000000,-1.245761130,2.153068718,1.399665264,0.008657000,-0.053092000,-0.704355000,0.707807000
1718187402165491968.000000000,-1.177307070,2.148295962,1.401151189,0.020753000,-0.067909000,-0.697969000,0.712599000
1718187402265504000.000000000,-1.105377395,2.140528260,1.399591755,0.031201000,-0.079229000,-0.690677000,0.718132000
1718187402365516032.000000000,-1.031666539,2.127220878,1.402425080,0.043815000,-0.092773000,-0.693163000,0.713441000
1718187402432190720.000000000,-0.985721181,2.119073952,1.408012930,0.050814000,-0.094841000,-0.689811000,0.715950000
1718187402498865408.000000000,-0.938549775,2.107227957,1.408835152,0.071676000,-0.101273000,-0.693357000,0.709833000
1718187402565539072.000000000,-0.898137668,2.093622949,1.414883653,0.073069000,-0.118083000,-0.693627000,0.706823000
1718187402665550848.000000000,-0.836637795,2.072079552,1.417494886,0.094894000,-0.128119000,-0.691415000,0.704646000
1718187402765562368.000000000,-0.775040231,2.048348488,1.417544455,0.112887000,-0.148038000,-0.683189000,0.706112000
1718187402832236288.000000000,-0.734492948,2.030657284,1.417584167,0.129579000,-0.168184000,-0.678377000,0.703369000
1718187402898910208.000000000,-0.694324945,2.011325354,1.417451003,0.149642000,-0.189611000,-0.666807000,0.704999000
1718187402998919936.000000000,-0.634011383,1.984015292,1.416455580,0.175162000,-0.223795000,-0.668043000,0.687716000
1718187403065593600.000000000,-0.600010516,1.963259564,1.420299984,0.196838000,-0.240388000,-0.658728000,0.685234000
1718187403132267008.000000000,-0.568190189,1.939062383,1.422971871,0.206536000,-0.266238000,-0.654920000,0.676418000
1718187403198940416.000000000,-0.537251450,1.912976721,1.425535463,0.210401000,-0.287106000,-0.648404000,0.672959000
1718187403265613568.000000000,-0.507023134,1.882585561,1.427945278,0.228895000,-0.296440000,-0.643749000,0.667321000
1718187403332286720.000000000,-0.479243705,1.849059855,1.427601328,0.241090000,-0.312113000,-0.633582000,0.665608000
1718187403398980352.000000000,-0.451992959,1.813325498,1.424929981,0.248958000,-0.323064000,-0.627020000,0.663698000
1718187403499054336.000000000,-0.411915277,1.755768178,1.422256444,0.268354000,-0.330746000,-0.615029000,0.663575000
1718187403565772800.000000000,-0.386192301,1.714173838,1.420103304,0.275505000,-0.342761000,-0.615926000,0.653641000
1718187403632491264.000000000,-0.362513744,1.675624840,1.424678739,0.279431000,-0.352178000,-0.615217000,0.647609000
1718187403732571648.000000000,-0.330567273,1.617875994,1.430016826,0.299646000,-0.358107000,-0.611789000,0.638503000
1718187403832653824.000000000,-0.304879023,1.563366495,1.439489041,0.307624000,-0.371114000,-0.599943000,0.638522000
1718187403899375104.000000000,-0.287684066,1.525634425,1.441213144,0.322259000,-0.372723000,-0.598734000,0.631462000
1718187403966098688.000000000,-0.270206878,1.485018820,1.439809722,0.329036000,-0.382623000,-0.592172000,0.628225000
1718187404066185472.000000000,-0.243474314,1.422174975,1.434777643,0.339420000,-0.401177000,-0.583163000,0.619493000
1718187404132911616.000000000,-0.226531261,1.380811293,1.431720282,0.358013000,-0.406351000,-0.574222000,0.613982000
1718187404233001984.000000000,-0.201511809,1.317894943,1.425104269,0.375416000,-0.425137000,-0.568660000,0.595774000
1718187404299729408.000000000,-0.185828551,1.279110667,1.425633278,0.384380000,-0.433108000,-0.569797000,0.583096000
1718187404366458624.000000000,-0.174675732,1.239250456,1.428565725,0.397729000,-0.443225000,-0.559994000,0.575995000
1718187404433138688.000000000,-0.164712063,1.199510818,1.431888304,0.396214000,-0.461811000,-0.550938000,0.571151000
1718187404499818752.000000000,-0.155479200,1.159830907,1.437380734,0.401202000,-0.468951000,-0.541203000,0.571158000
1718187404599838720.000000000,-0.145994429,1.095790484,1.437463438,0.421339000,-0.470659000,-0.532249000,0.563617000
1718187404666518784.000000000,-0.144259800,1.050281705,1.434989298,0.420638000,-0.478916000,-0.524955000,0.564026000
1718187404733198336.000000000,-0.147280371,1.001425706,1.431426747,0.427814000,-0.485639000,-0.516949000,0.560262000
1718187404833217536.000000000,-0.160189964,0.926727175,1.430130702,0.437302000,-0.492026000,-0.504118000,0.559055000
1718187404899897600.000000000,-0.168835834,0.877230797,1.429868701,0.434710000,-0.508597000,-0.508879000,0.541662000
1718187404966577152.000000000,-0.175104810,0.832982805,1.437718304,0.439130000,-0.505893000,-0.506335000,0.543012000
1718187405066596864.000000000,-0.186418517,0.765006970,1.442578982,0.460834000,-0.503332000,-0.506675000,0.526848000
1718187405166616320.000000000,-0.199861896,0.702877001,1.450564552,0.459356000,-0.519276000,-0.488239000,0.530064000
1718187405233294848.000000000,-0.208133710,0.661248487,1.450243134,-0.474892000,0.521087000,0.484462000,-0.517922000
1718187405333314304.000000000,-0.218075534,0.596366537,1.445645884,-0.480086000,0.532891000,0.472119000,-0.512492000
1718187405433337088.000000000,-0.228313037,0.531210922,1.440444771,-0.498761000,0.541326000,0.460639000,-0.495999000
1718187405500020480.000000000,-0.235922490,0.489670349,1.437780172,0.512580000,-0.546722000,-0.445911000,0.489408000
1718187405566703872.000000000,-0.245292119,0.446712257,1.434968128,0.521264000,-0.563068000,-0.435752000,0.470487000
1718187405633386240.000000000,-0.253707760,0.406354337,1.438547522,0.527055000,-0.573125000,-0.426194000,0.460542000
1718187405733411072.000000000,-0.276859384,0.351080654,1.445772882,0.543250000,-0.588192000,-0.403114000,0.443181000
1718187405833435904.000000000,-0.304185132,0.302240414,1.453178764,0.558489000,-0.597766000,-0.379435000,0.432198000
1718187405900119296.000000000,-0.325427805,0.265218629,1.452798980,0.569238000,-0.605182000,-0.369790000,0.415906000
1718187405966802688.000000000,-0.351079807,0.232318517,1.451048764,0.573247000,-0.616618000,-0.350843000,0.409975000
1718187406033486080.000000000,-0.375908556,0.198470598,1.449393873,0.580600000,-0.623345000,-0.337193000,0.400806000
1718187406100168448.000000000,-0.404289712,0.167941438,1.447006405,0.594262000,-0.623764000,-0.326073000,0.389162000
1718187406200193280.000000000,-0.451512680,0.129909369,1.445900422,0.598802000,-0.644097000,-0.302854000,0.367225000
1718187406266876672.000000000,-0.481290121,0.108970783,1.451634452,0.610007000,-0.647428000,-0.285381000,0.356771000
1718187406333560064.000000000,-0.509030617,0.087782528,1.455709629,0.626570000,-0.643566000,-0.279705000,0.339113000
1718187406400243456.000000000,-0.537824800,0.070146564,1.456414436,0.633909000,-0.654363000,-0.264492000,0.316247000
1718187406466927104.000000000,-0.563360859,0.056733033,1.460766172,0.642596000,-0.660836000,-0.243531000,0.301760000
1718187406533609728.000000000,-0.585786801,0.043609008,1.461505914,0.655449000,-0.663727000,-0.231083000,0.276501000
1718187406666977280.000000000,-0.627873283,0.022291409,1.461483670,0.674812000,-0.673357000,-0.192096000,0.233061000
1718187406733660672.000000000,-0.645125916,0.012908358,1.460223999,0.682048000,-0.680850000,-0.171037000,0.204940000
1718187406800344320.000000000,-0.658345805,0.003410524,1.463018033,0.696591000,-0.678861000,-0.142578000,0.183250000
1718187406867027712.000000000,-0.668823119,-0.007592672,1.463355984,0.700300000,-0.687132000,-0.115828000,0.154961000
1718187406933711872.000000000,-0.675321981,-0.021862188,1.468180508,0.705685000,-0.687779000,-0.096417000,0.140262000
1718187407000394240.000000000,-0.680913809,-0.028716127,1.468567854,0.707945000,-0.691782000,-0.079056000,0.118326000
1718187407067077888.000000000,-0.682849067,-0.032288619,1.471931319,0.708171000,-0.695232000,-0.059431000,0.107771000
1718187407133761536.000000000,-0.681810552,-0.031284145,1.473944684,0.709262000,-0.696765000,-0.042264000,0.098383000
1718187407200445440.000000000,-0.679274137,-0.030093469,1.476789649,0.712265000,-0.695777000,-0.033223000,0.086420000
1718187407267129088.000000000,-0.675071546,-0.026062339,1.480391630,0.715907000,-0.693519000,-0.026562000,0.076177000
1718187407333812736.000000000,-0.668999649,-0.019500821,1.482609977,0.717037000,-0.693146000,-0.022525000,0.069999000
1718187407433839104.000000000,-0.656537260,-0.006035513,1.482316613,0.718083000,-0.693156000,-0.016774000,0.060080000
1718187407500524288.000000000,-0.645027172,0.002994360,1.480514168,0.718386000,-0.693024000,-0.016056000,0.058153000
1718187407567209984.000000000,-0.631489288,0.012657858,1.477494757,0.717728000,-0.693407000,-0.019695000,0.060546000
1718187407633895424.000000000,-0.615334223,0.019608362,1.476139100,0.716537000,-0.694172000,-0.026297000,0.063313000
1718187407700581120.000000000,-0.596820415,0.026248240,1.474092914,0.714525000,-0.695552000,-0.034974000,0.066624000
1718187407833952512.000000000,-0.559457157,0.042663360,1.473539401,0.718410000,-0.690893000,-0.038817000,0.071039000
1718187407900637184.000000000,-0.540735761,0.051438454,1.474710734,0.717900000,-0.691690000,-0.038238000,0.068725000
1718187408000665600.000000000,-0.510933633,0.062213528,1.480705320,0.719919000,-0.690402000,-0.030165000,0.064435000
1718187408067351552.000000000,-0.490071969,0.067317906,1.485655397,0.726863000,-0.683800000,-0.026963000,0.057974000
1718187408134037248.000000000,-0.469502335,0.069401504,1.487564739,0.729268000,-0.681990000,-0.023224000,0.050182000
1718187408200723200.000000000,-0.446353022,0.068862690,1.486413759,0.729144000,-0.682605000,-0.016343000,0.046177000
1718187408267408896.000000000,-0.421831368,0.067020152,1.486458490,0.731369000,-0.680680000,-0.011099000,0.040634000
1718187408334093824.000000000,-0.394919305,0.065104184,1.484885469,0.734999000,-0.677213000,-0.008729000,0.032900000
1718187408400778752.000000000,-0.367132213,0.056837779,1.480326824,0.731444000,-0.681217000,-0.004600000,0.030182000
1718187408467462656.000000000,-0.339047155,0.045725100,1.475462033,0.728056000,-0.684877000,-0.006921000,0.028833000
1718187408534147072.000000000,-0.312629684,0.031581827,1.471853499,0.728288000,-0.684537000,-0.015135000,0.027887000
1718187408634173184.000000000,-0.277856225,0.015523861,1.466228572,0.723310000,-0.689666000,-0.018634000,0.028917000
1718187408700857088.000000000,-0.255256996,0.009800081,1.466983909,0.720453000,-0.692415000,-0.017081000,0.034888000
1718187408767540224.000000000,-0.233320855,0.009146989,1.471101317,0.723966000,-0.688656000,-0.019901000,0.035082000
1718187408834224384.000000000,-0.215394326,0.009214034,1.474326193,0.727438000,-0.684966000,-0.027370000,0.030103000
1718187408900908288.000000000,-0.198075617,0.010420887,1.475255849,0.727248000,-0.684724000,-0.027841000,0.038578000
1718187409000934912.000000000,-0.173393911,0.019306580,1.473712015,0.727745000,-0.683834000,-0.025892000,0.045697000
1718187409067618816.000000000,-0.156807107,0.025365217,1.471796385,0.729505000,-0.681626000,-0.030094000,0.047990000
1718187409134303232.000000000,-0.139352191,0.032337353,1.470280332,0.727098000,-0.683607000,-0.032462000,0.054364000
1718187409200986368.000000000,-0.120927422,0.039933946,1.471758395,0.731527000,-0.678385000,-0.029222000,0.061707000
1718187409267670272.000000000,-0.104576730,0.048187607,1.472081010,0.732567000,-0.676985000,-0.026460000,0.065851000
1718187409334354688.000000000,-0.088250367,0.055127231,1.473711992,0.733859000,-0.675525000,-0.021500000,0.068217000
1718187409401041920.000000000,-0.071954972,0.057547863,1.475445375,0.732542000,-0.677788000,-0.020109000,0.059849000
1718187409467731968.000000000,-0.056951510,0.057756095,1.478828060,0.735859000,-0.674436000,-0.025725000,0.054642000
1718187409534422272.000000000,-0.045514860,0.056695004,1.481405816,0.732447000,-0.678512000,-0.020966000,0.051995000
1718187409601112064.000000000,-0.031147069,0.052371116,1.486158648,0.732762000,-0.677610000,-0.016397000,0.060291000
1718187409667801088.000000000,-0.017663750,0.047744974,1.488850195,0.736839000,-0.673715000,-0.014045000,0.054585000
1718187409734491648.000000000,-0.005432939,0.037905421,1.487509731,0.737046000,-0.674133000,-0.013450000,0.046121000
1718187409801181696.000000000,0.008464302,0.024862732,1.484671184,0.740720000,-0.670330000,-0.010052000,0.043473000
1718187409867872256.000000000,0.020475395,0.011769240,1.484116520,0.744087000,-0.666571000,-0.002895000,0.044830000
1718187409934562816.000000000,0.030788439,-0.000328101,1.482432458,0.748869000,-0.661344000,0.001309000,0.042634000
1718187410034598912.000000000,0.040923956,-0.017752414,1.478052722,0.743690000,-0.667927000,0.000957000,0.028244000
1718187410101288448.000000000,0.047051313,-0.027068613,1.475555807,0.743678000,-0.668218000,-0.000187000,0.020693000
1718187410167979520.000000000,0.051430297,-0.031489207,1.476771136,0.743929000,-0.667874000,0.002048000,0.022585000
1718187410234670336.000000000,0.054953636,-0.030817279,1.477961297,0.747866000,-0.663366000,0.010169000,0.023198000
1718187410301361408.000000000,0.056249493,-0.031961884,1.475537553,0.745004000,-0.666697000,0.011479000,0.018767000
1718187410401393920.000000000,0.060835924,-0.029568372,1.471453117,0.748806000,-0.662499000,0.007249000,0.018218000
1718187410468077056.000000000,0.061986750,-0.025299095,1.466287258,0.748117000,-0.663298000,0.008043000,0.017063000
1718187410534758656.000000000,0.064344206,-0.019576338,1.461303392,0.747151000,-0.664128000,0.011715000,0.023710000
1718187410601441280.000000000,0.068759011,-0.013755895,1.457262484,0.747467000,-0.663630000,0.015061000,0.025736000
1718187410668123904.000000000,0.072833885,-0.009138524,1.454384177,0.748031000,-0.663152000,0.011626000,0.023306000
1718187410734807040.000000000,0.076622537,-0.004252693,1.451887372,0.750882000,-0.659930000,0.011667000,0.023082000
1718187410834831104.000000000,0.079952279,0.001557248,1.441555614,0.752666000,-0.657705000,0.013953000,0.026894000
1718187410901513472.000000000,0.080369627,0.003998158,1.428837175,0.749361000,-0.661291000,0.018360000,0.028543000
1718187411001537024.000000000,0.078788785,0.002184081,1.405805010,0.747290000,-0.663714000,0.017457000,0.027149000
1718187411068219904.000000000,0.073507707,-0.001797577,1.384495662,0.747311000,-0.664061000,0.010101000,0.021148000
1718187411168243968.000000000,0.061959840,-0.005885084,1.344555356,0.746753000,-0.664538000,0.012133000,0.024533000
1718187411234926336.000000000,0.053632069,-0.010905976,1.310764265,0.747356000,-0.663615000,0.019769000,0.026136000
1718187411334950912.000000000,0.040211300,-0.017541422,1.250495591,0.748735000,-0.662690000,0.013290000,0.007857000
1718187411401633536.000000000,0.032399999,-0.023670791,1.201328550,0.750342000,-0.661008000,0.007279000,-0.001339000
1718187411468315136.000000000,0.025536620,-0.028009084,1.148125323,0.745742000,-0.666190000,0.007509000,-0.002007000
1718187411534998016.000000000,0.022133603,-0.029601205,1.093835999,0.743162000,-0.669080000,0.006130000,0.002381000
1718187411635022080.000000000,0.023499768,-0.026557011,1.003430322,0.741060000,-0.671324000,0.006280000,0.010673000
1718187411701704704.000000000,0.026623895,-0.020362284,0.939419694,0.734762000,-0.678046000,0.011812000,0.015472000
1718187411768387840.000000000,0.034291185,-0.012023167,0.880962928,0.734635000,-0.677684000,0.018296000,0.026838000
1718187411835070720.000000000,0.040513711,-0.005601690,0.821742058,0.732715000,-0.680069000,0.012740000,0.021769000
1718187411901752320.000000000,0.046308878,-0.002452641,0.766479674,0.727948000,-0.685330000,0.004201000,0.019945000
1718187411968434688.000000000,0.054903852,0.002425636,0.721719366,0.726451000,-0.686731000,0.005244000,0.025330000
1718187412035117568.000000000,0.060388381,0.003515319,0.677416073,0.724805000,-0.688664000,-0.004054000,0.019575000
1718187412135141632.000000000,0.068738373,0.006797330,0.616941673,0.727585000,-0.685520000,-0.012050000,0.023176000
1718187412201824512.000000000,0.072843457,0.010756483,0.575297307,0.726404000,-0.686705000,-0.016252000,0.022564000
1718187412268506880.000000000,0.074999869,0.016009467,0.541239185,0.725276000,-0.687845000,-0.011970000,0.026459000
1718187412335188736.000000000,0.077520266,0.020811305,0.515235540,0.730087000,-0.682372000,-0.009678000,0.035316000
1718187412435212800.000000000,0.079573188,0.027970671,0.485889665,0.736496000,-0.675641000,-0.016455000,0.028480000
1718187412501895424.000000000,0.080026353,0.030615246,0.470582170,0.737102000,-0.675160000,-0.012445000,0.026174000
1718187412568578304.000000000,0.081623357,0.032531739,0.459929010,0.739188000,-0.673024000,-0.003921000,0.024986000
1718187412635261184.000000000,0.082702627,0.030927535,0.450363864,0.737413000,-0.674614000,0.002305000,0.033342000
1718187412735285248.000000000,0.086823111,0.026304873,0.432655481,0.737836000,-0.674195000,-0.008188000,0.031497000
1718187412835308288.000000000,0.087894338,0.024374877,0.415959319,0.738645000,-0.673372000,-0.008959000,0.029900000
1718187412935332608.000000000,0.086279496,0.025318231,0.401225786,0.735533000,-0.676464000,0.000064000,0.037250000
1718187413035356672.000000000,0.085021869,0.025732596,0.385451594,0.727049000,-0.684749000,0.008086000,0.049533000
1718187413102039296.000000000,0.085219180,0.025669514,0.377936909,0.726961000,-0.685062000,0.009395000,0.046142000
1718187413168721920.000000000,0.082549652,0.025612217,0.369895780,0.726370000,-0.686282000,0.006438000,0.036910000
1718187413268745216.000000000,0.079148943,0.025427670,0.361319615,0.720243000,-0.691853000,0.013534000,0.049049000
1718187413335427840.000000000,0.081939628,0.021392814,0.357177338,0.720927000,-0.691397000,0.002930000,0.047179000
1718187413402110464.000000000,0.083231588,0.017056038,0.354755772,0.721073000,-0.691246000,-0.010198000,0.046135000
1718187413468793088.000000000,0.083982344,0.013933291,0.349548845,0.718504000,-0.693604000,-0.019917000,0.047640000
1718187413535476224.000000000,0.084476309,0.012221178,0.341220153,0.715566000,-0.696653000,-0.020270000,0.047216000
1718187413602159104.000000000,0.086180597,0.012890421,0.338954191,0.717612000,-0.694709000,-0.022261000,0.043777000
1718187413702181888.000000000,0.086901312,0.009789465,0.335753938,0.716455000,-0.695931000,-0.028228000,0.039692000
1718187413802206464.000000000,0.088818240,0.009025555,0.332033265,0.715372000,-0.696656000,-0.029731000,0.045052000
1718187413868889088.000000000,0.088230142,0.008137760,0.330872641,0.713366000,-0.698802000,-0.029790000,0.043562000
1718187413935571968.000000000,0.088990276,0.008444182,0.329648072,0.715051000,-0.697643000,-0.025539000,0.036657000
1718187414035596032.000000000,0.088852340,0.014204230,0.329336530,0.715758000,-0.697217000,-0.010648000,0.038286000
1718187414102277632.000000000,0.087907321,0.018493776,0.326556144,0.713178000,-0.700125000,0.002754000,0.034555000
1718187414168960768.000000000,0.087549482,0.018144557,0.328415987,0.712669000,-0.700715000,0.000711000,0.033169000
1718187414268984832.000000000,0.088948683,0.019496814,0.324649637,0.711610000,-0.701956000,0.000239000,0.029492000
1718187414335667456.000000000,0.087920411,0.019835575,0.323447753,0.708260000,-0.705221000,0.000271000,0.032108000
1718187414402350336.000000000,0.088716857,0.019370217,0.321477012,0.707006000,-0.706437000,-0.002868000,0.032872000
1718187414535714304.000000000,0.087778267,0.018840858,0.320666515,0.703476000,-0.709887000,-0.004924000,0.034020000
1718187414602397440.000000000,0.087461548,0.021955426,0.319471029,0.701538000,-0.711768000,-0.006049000,0.034558000
1718187414669080064.000000000,0.087626373,0.018832709,0.320994265,0.703617000,-0.709801000,-0.007343000,0.032426000
1718187414769104128.000000000,0.087233970,0.018020291,0.321278027,0.703611000,-0.709827000,-0.008951000,0.031578000
1718187414835786496.000000000,0.086802133,0.018062353,0.321838575,0.702444000,-0.710959000,-0.009280000,0.031987000
1718187414902469120.000000000,0.087926609,0.018135013,0.321169474,0.703365000,-0.710089000,-0.010507000,0.030675000
1718187414969150720.000000000,0.088671002,0.018200155,0.320695401,0.704032000,-0.709484000,-0.012024000,0.028745000
1718187415035833600.000000000,0.087934849,0.017134216,0.322193663,0.704126000,-0.709382000,-0.012532000,0.028771000
1718187415102516224.000000000,0.088641722,0.017863667,0.321474095,0.704137000,-0.709312000,-0.012735000,0.030093000
1718187415169198848.000000000,0.089333665,0.018173259,0.320958548,0.704410000,-0.708936000,-0.015257000,0.031375000
1718187415269222656.000000000,0.089027838,0.017713720,0.321307501,0.704480000,-0.708833000,-0.016230000,0.031640000
1718187415335905024.000000000,0.089740870,0.021899582,0.320384832,0.703457000,-0.709849000,-0.015684000,0.031868000
1718187415402587648.000000000,0.090375969,0.021636513,0.321695281,0.702972000,-0.710337000,-0.016635000,0.031228000
1718187415469269248.000000000,0.091616180,0.022489936,0.321174527,0.703925000,-0.709370000,-0.017601000,0.031219000
1718187415535951872.000000000,0.090476497,0.021659247,0.322187684,0.703194000,-0.710054000,-0.017689000,0.032065000
1718187415602634496.000000000,0.090770012,0.022164748,0.321671813,0.702079000,-0.711095000,-0.018463000,0.032992000
1718187415669317120.000000000,0.091919778,0.023797581,0.320785979,0.702077000,-0.711077000,-0.019359000,0.032890000
1718187415735999488.000000000,0.090866600,0.022663171,0.322125103,0.702002000,-0.711141000,-0.019730000,0.032893000
1718187415836023296.000000000,0.090434620,0.021833331,0.323134659,0.702103000,-0.711062000,-0.020050000,0.032265000
1718187415902705152.000000000,0.091970011,0.023721450,0.321685131,0.702537000,-0.710574000,-0.020535000,0.033235000
1718187415969387520.000000000,0.093286258,0.025920101,0.320053429,0.702571000,-0.710472000,-0.021270000,0.034207000
1718187416036069888.000000000,0.091595277,0.024257061,0.321064012,0.700712000,-0.712333000,-0.021954000,0.033192000
1718187416102752768.000000000,0.091896908,0.024395490,0.320997812,0.700044000,-0.713013000,-0.022047000,0.032624000
1718187416169435136.000000000,0.093693166,0.026745134,0.319446636,0.700310000,-0.712704000,-0.022819000,0.033142000
1718187416236117504.000000000,0.092255934,0.025331916,0.320665664,0.699825000,-0.713194000,-0.022770000,0.032876000
1718187416302799104.000000000,0.092136197,0.025118202,0.321013980,0.699561000,-0.713479000,-0.022885000,0.032232000
