1718187342566749184.000000000,-0.046636154,-0.006464973,0.182389603,0.999831338,-0.012221990,-0.009443058,-0.009937161
1718187342576749312.000000000,-0.046650757,-0.006459720,0.182383957,0.999829997,-0.012232695,-0.009528472,-0.009977279
1718187342586749440.000000000,-0.046669716,-0.006477721,0.182387115,0.999828402,-0.012359708,-0.009533235,-0.009976063
1718187342596749312.000000000,-0.046677116,-0.006488920,0.182367737,0.999827539,-0.012330441,-0.009664578,-0.009972363
1718187342606749184.000000000,-0.046685375,-0.006519556,0.182370026,0.999829412,-0.012250574,-0.009619419,-0.009926546
1718187342616749312.000000000,-0.046703896,-0.006563470,0.182358047,0.999832094,-0.012035048,-0.009680325,-0.009860671
1718187342626749440.000000000,-0.046699757,-0.006627493,0.182350327,0.999833699,-0.011872347,-0.009853042,-0.009723096
1718187342636749312.000000000,-0.046704529,-0.006674833,0.182337524,0.999836122,-0.011787479,-0.009751866,-0.009679091
1718187342646749184.000000000,-0.046704109,-0.006730165,0.182327789,0.999837725,-0.011783885,-0.009742690,-0.009525969
1718187342656749312.000000000,-0.046709587,-0.006784644,0.182335129,0.999838746,-0.011725531,-0.009759350,-0.009473591
1718187342666749440.000000000,-0.046693600,-0.006839928,0.182317307,0.999843618,-0.011358843,-0.009822796,-0.009339693
1718187342676749312.000000000,-0.046705482,-0.006871805,0.182309036,0.999845244,-0.011339940,-0.009756388,-0.009257780
1718187342686749184.000000000,-0.046700916,-0.006917586,0.182303177,0.999845465,-0.011361840,-0.009812438,-0.009147132
1718187342696749312.000000000,-0.046717930,-0.006955465,0.182293869,0.999849278,-0.011203941,-0.009656988,-0.009090373
1718187342706749440.000000000,-0.046725067,-0.006974767,0.182288879,0.999850896,-0.011022171,-0.009786160,-0.008996001
1718187342716749312.000000000,-0.046746872,-0.007001700,0.182280151,0.999847913,-0.011153101,-0.009895443,-0.009046479
1718187342726749184.000000000,-0.046767097,-0.007025789,0.182283859,0.999850796,-0.010991838,-0.009923557,-0.008893189
1718187342736749312.000000000,-0.046776501,-0.007041625,0.182265915,0.999848302,-0.011024533,-0.010174257,-0.008849721
1718187342746749440.000000000,-0.046782825,-0.007080835,0.182253677,0.999852357,-0.010866030,-0.010120830,-0.008646554
1718187342756749312.000000000,-0.046794701,-0.007111771,0.182241455,0.999852862,-0.010988226,-0.010139888,-0.008408039
1718187342766749184.000000000,-0.046823639,-0.007149220,0.182232666,0.999856559,-0.010895077,-0.010108750,-0.008122292
1718187342776749312.000000000,-0.046850197,-0.007168973,0.182215912,0.999859406,-0.010714590,-0.010266038,-0.007808641
1718187342786749440.000000000,-0.046890862,-0.007192271,0.182225830,0.999856843,-0.010905368,-0.010469842,-0.007599319
1718187342796749312.000000000,-0.046926010,-0.007208788,0.182234024,0.999860228,-0.010834463,-0.010433601,-0.007299227
1718187342806749184.000000000,-0.046950153,-0.007194969,0.182208344,0.999860069,-0.010914085,-0.010473212,-0.007144008
1718187342816749312.000000000,-0.046948990,-0.007197922,0.182212891,0.999858679,-0.010950273,-0.010616756,-0.007070941
1718187342826749440.000000000,-0.046932117,-0.007197194,0.182194107,0.999860776,-0.010977211,-0.010448019,-0.006983425
1718187342836749312.000000000,-0.046924850,-0.007204710,0.182197250,0.999863505,-0.010882494,-0.010301942,-0.006957872
1718187342846749184.000000000,-0.046921585,-0.007244342,0.182201736,0.999861009,-0.010938414,-0.010563393,-0.006835774
1718187342856749312.000000000,-0.046932537,-0.007287934,0.182185257,0.999863998,-0.010911701,-0.010413373,-0.006669405
1718187342866749440.000000000,-0.046962242,-0.007375114,0.182190643,0.999867178,-0.010721807,-0.010558484,-0.006259995
1718187342876749312.000000000,-0.047003681,-0.007446142,0.182159546,0.999870699,-0.010598167,-0.010544805,-0.005922083
1718187342886749184.000000000,-0.047064266,-0.007539828,0.182167023,0.999870423,-0.010502736,-0.010874463,-0.005529528
1718187342896749312.000000000,-0.047135422,-0.007620700,0.182141449,0.999872839,-0.010293188,-0.011023674,-0.005180297
1718187342906749440.000000000,-0.047206501,-0.007697186,0.182136932,0.999876303,-0.010079566,-0.011040696,-0.004887143
1718187342916749312.000000000,-0.047284012,-0.007743581,0.182107773,0.999872741,-0.010149136,-0.011322984,-0.004825744
1718187342926749184.000000000,-0.047362148,-0.007789248,0.182086563,0.999873528,-0.010013998,-0.011455079,-0.004629041
1718187342936749312.000000000,-0.047431030,-0.007823047,0.182064285,0.999870604,-0.010005910,-0.011722312,-0.004609084
1718187342946749440.000000000,-0.047510254,-0.007845465,0.182036102,0.999871801,-0.009789340,-0.011875644,-0.004418046
1718187342956749312.000000000,-0.047585159,-0.007879881,0.182019684,0.999868737,-0.009830759,-0.012113394,-0.004373849
1718187342966749184.000000000,-0.047650715,-0.007907043,0.182005432,0.999865087,-0.009935065,-0.012360368,-0.004280551
1718187342976749312.000000000,-0.047709232,-0.007923875,0.181989899,0.999863508,-0.009994962,-0.012466915,-0.004200359
1718187342986749440.000000000,-0.047765182,-0.007938236,0.181968964,0.999864365,-0.009798052,-0.012591828,-0.004086123
1718187342996749312.000000000,-0.047802399,-0.007959554,0.181967010,0.999862143,-0.009899210,-0.012734345,-0.003941821
1718187343006749184.000000000,-0.047825871,-0.007963977,0.181958572,0.999862970,-0.009768634,-0.012789456,-0.003878696
1718187343016749312.000000000,-0.047837997,-0.007952788,0.181954376,0.999862918,-0.009764391,-0.012803694,-0.003855784
1718187343026749440.000000000,-0.047825386,-0.007962289,0.181959610,0.999862985,-0.009784626,-0.012787774,-0.003839893
1718187343036749312.000000000,-0.047796658,-0.007974323,0.181958069,0.999864264,-0.009743674,-0.012724613,-0.003820765
1718187343046749184.000000000,-0.047781364,-0.007993245,0.181967987,0.999863838,-0.009901822,-0.012622607,-0.003863779
1718187343056749312.000000000,-0.047740799,-0.008022687,0.181978683,0.999865825,-0.009764031,-0.012589673,-0.003807229
1718187343066749440.000000000,-0.047728237,-0.008047953,0.181961395,0.999868845,-0.009678998,-0.012426373,-0.003767604
1718187343076749312.000000000,-0.047727478,-0.008087902,0.181959320,0.999867751,-0.009716946,-0.012490935,-0.003746700
1718187343086749184.000000000,-0.047745968,-0.008131797,0.181958038,0.999870551,-0.009503208,-0.012484430,-0.003564996
1718187343096749312.000000000,-0.047771309,-0.008173219,0.181949997,0.999871394,-0.009376843,-0.012548053,-0.003437528
1718187343106749440.000000000,-0.047812637,-0.008205626,0.181937561,0.999870295,-0.009232770,-0.012745686,-0.003420019
1718187343116749312.000000000,-0.047868244,-0.008222853,0.181917068,0.999867459,-0.009205419,-0.012954711,-0.003535543
1718187343126749184.000000000,-0.047924652,-0.008244736,0.181888107,0.999866203,-0.009235136,-0.012996484,-0.003657783
1718187343136749312.000000000,-0.047987583,-0.008259248,0.181878830,0.999863733,-0.009050734,-0.013278535,-0.003778866
1718187343146749440.000000000,-0.048059452,-0.008280970,0.181850418,0.999861233,-0.009078607,-0.013405119,-0.003923834
1718187343156749312.000000000,-0.048135406,-0.008308067,0.181836472,0.999860732,-0.008819588,-0.013598638,-0.003976016
1718187343166749184.000000000,-0.048228580,-0.008328018,0.181799454,0.999857056,-0.008898995,-0.013834407,-0.003909678
1718187343176749312.000000000,-0.048336746,-0.008359656,0.181783112,0.999852374,-0.008764424,-0.014274608,-0.003827624
1718187343186749440.000000000,-0.048462296,-0.008377927,0.181757309,0.999849324,-0.008729659,-0.014573982,-0.003566769
1718187343196749312.000000000,-0.048584885,-0.008381675,0.181731766,0.999842638,-0.008812474,-0.014992745,-0.003501127
1718187343206749184.000000000,-0.048695061,-0.008381821,0.181703842,0.999838594,-0.008764158,-0.015307131,-0.003415638
1718187343216749312.000000000,-0.048814053,-0.008376932,0.181676712,0.999833171,-0.008808887,-0.015635594,-0.003400175
1718187343226749440.000000000,-0.048910465,-0.008351102,0.181659302,0.999828605,-0.008876910,-0.015854022,-0.003551095
1718187343236749312.000000000,-0.048990017,-0.008324800,0.181643524,0.999826045,-0.008915533,-0.015990261,-0.003564398
1718187343246749184.000000000,-0.049047634,-0.008314513,0.181642029,0.999821326,-0.009093427,-0.016164344,-0.003652273
1718187343256749312.000000000,-0.049100681,-0.008300252,0.181622162,0.999819115,-0.008998730,-0.016371924,-0.003566604
1718187343266749440.000000000,-0.049123367,-0.008299257,0.181621780,0.999815537,-0.009185089,-0.016505589,-0.003477403
1718187343276749312.000000000,-0.049158535,-0.008309160,0.181604813,0.999815034,-0.009162763,-0.016580061,-0.003323262
1718187343286749184.000000000,-0.049169060,-0.008334704,0.181621521,0.999815220,-0.009150927,-0.016621259,-0.003085526
1718187343296749312.000000000,-0.049189114,-0.008357400,0.181629364,0.999814982,-0.009199909,-0.016662411,-0.002779832
1718187343306749440.000000000,-0.049199558,-0.008372467,0.181623581,0.999816292,-0.009090041,-0.016657963,-0.002695489
1718187343316749312.000000000,-0.049177338,-0.008388557,0.181608475,0.999817834,-0.009023142,-0.016646777,-0.002401385
1718187343326749184.000000000,-0.049171745,-0.008402383,0.181611176,0.999817071,-0.008978047,-0.016727551,-0.002325379
1718187343336749312.000000000,-0.049165943,-0.008434347,0.181630386,0.999819652,-0.009044935,-0.016520441,-0.002434606
1718187343346749440.000000000,-0.049150040,-0.008467011,0.181641113,0.999821203,-0.008946591,-0.016496160,-0.002323305
1718187343356749312.000000000,-0.049138882,-0.008495170,0.181634537,0.999819265,-0.008907076,-0.016636891,-0.002305399
1718187343366749184.000000000,-0.049141754,-0.008553000,0.181645569,0.999823763,-0.008882894,-0.016361486,-0.002416536
1718187343376749312.000000000,-0.049122242,-0.008607193,0.181613403,0.999822836,-0.008552515,-0.016605488,-0.002325716
1718187343386749440.000000000,-0.049154594,-0.008656577,0.181611893,0.999822630,-0.008459801,-0.016659861,-0.002364114
1718187343396749312.000000000,-0.049186546,-0.008724682,0.181606552,0.999825740,-0.008187428,-0.016633411,-0.002187422
1718187343406749184.000000000,-0.049210453,-0.008773589,0.181589798,0.999824564,-0.008038951,-0.016797049,-0.002018815
1718187343416749312.000000000,-0.049252289,-0.008829414,0.181586258,0.999823795,-0.007981363,-0.016871760,-0.002004941
1718187343426749440.000000000,-0.049295189,-0.008870460,0.181588165,0.999821836,-0.008019124,-0.016972358,-0.001982386
1718187343436749312.000000000,-0.049324326,-0.008900393,0.181570679,0.999822290,-0.007806151,-0.017062478,-0.001823527
1718187343446749184.000000000,-0.049354733,-0.008911756,0.181567337,0.999819736,-0.007819630,-0.017215721,-0.001722985
1718187343456749312.000000000,-0.049385841,-0.008919924,0.181575333,0.999816427,-0.007904457,-0.017367492,-0.001732632
1718187343466749440.000000000,-0.049410015,-0.008902189,0.181547379,0.999818369,-0.007771404,-0.017313008,-0.001758887
1718187343476749312.000000000,-0.049445618,-0.008898390,0.181553177,0.999818667,-0.007878441,-0.017246261,-0.001769218
1718187343486749184.000000000,-0.049506622,-0.008879829,0.181530930,0.999815487,-0.007733848,-0.017485303,-0.001855514
1718187343496749312.000000000,-0.049559727,-0.008866958,0.181520142,0.999811136,-0.007927975,-0.017627602,-0.002026454
1718187343506749440.000000000,-0.049627701,-0.008871030,0.181519562,0.999806622,-0.007878674,-0.017905279,-0.002011253
1718187343516749312.000000000,-0.049679443,-0.008873931,0.181492722,0.999805678,-0.007627467,-0.018057133,-0.002089856
1718187343526749184.000000000,-0.049745850,-0.008878304,0.181495514,0.999802777,-0.007897677,-0.018089822,-0.002188951
1718187343536749312.000000000,-0.049786629,-0.008910431,0.181493515,0.999798944,-0.007766465,-0.018358162,-0.002175137
1718187343546749440.000000000,-0.049815418,-0.008937099,0.181484222,0.999799280,-0.007712138,-0.018383687,-0.001990421
1718187343556749312.000000000,-0.049840790,-0.008969792,0.181467026,0.999800507,-0.007506726,-0.018419311,-0.001823484
1718187343566749184.000000000,-0.049873787,-0.009002276,0.181467575,0.999802141,-0.007253636,-0.018453405,-0.001592172
1718187343576749312.000000000,-0.049899055,-0.009035816,0.181487488,0.999795033,-0.007463685,-0.018743835,-0.001689151
1718187343586749440.000000000,-0.049948051,-0.009047819,0.181491425,0.999795777,-0.007445667,-0.018703766,-0.001770477
1718187343596749312.000000000,-0.049992142,-0.009051458,0.181500961,0.999793807,-0.007528597,-0.018771268,-0.001817509
1718187343606749184.000000000,-0.050059826,-0.009039376,0.181490906,0.999793759,-0.007345250,-0.018846586,-0.001814611
1718187343616749312.000000000,-0.050171944,-0.009040483,0.181466339,0.999791293,-0.007379303,-0.018951073,-0.001942450
1718187343626749440.000000000,-0.050347530,-0.009042723,0.181447083,0.999781557,-0.007453987,-0.019398751,-0.002228007
1718187343636749312.000000000,-0.050591103,-0.009067638,0.181415970,0.999769644,-0.007294316,-0.020078049,-0.002079368
1718187343646749184.000000000,-0.050894382,-0.009106291,0.181359238,0.999756249,-0.007139897,-0.020813666,-0.001804607
1718187343656749312.000000000,-0.051274395,-0.009157099,0.181339539,0.999733888,-0.007173076,-0.021875255,-0.001474541
1718187343666749440.000000000,-0.051687969,-0.009204798,0.181309875,0.999710921,-0.007143870,-0.022937210,-0.000961298
1718187343676749312.000000000,-0.052115818,-0.009232973,0.181346725,0.999680654,-0.007250352,-0.024204192,-0.000424832
1718187343686749184.000000000,-0.052504589,-0.009262699,0.181391449,0.999655907,-0.007270095,-0.025200359,0.000392694
1718187343696749312.000000000,-0.052835434,-0.009289135,0.181418411,0.999622520,-0.007731110,-0.026322666,0.001471228
1718187343706749440.000000000,-0.053145828,-0.009372762,0.181474594,0.999599925,-0.007562277,-0.027107002,0.002830664
1718187343716749312.000000000,-0.053415039,-0.009477109,0.181555344,0.999577336,-0.007519761,-0.027784168,0.004079628
1718187343726749184.000000000,-0.053657330,-0.009630471,0.181641205,0.999552579,-0.007187819,-0.028540162,0.005332624
1718187343736749312.000000000,-0.053905388,-0.009808531,0.181770035,0.999518786,-0.007098821,-0.029523130,0.006339388
1718187343746749440.000000000,-0.054212425,-0.010002606,0.181954239,0.999479985,-0.006985592,-0.030615064,0.007326553
1718187343756749312.000000000,-0.054548367,-0.010219766,0.182204926,0.999445649,-0.007092166,-0.031536226,0.007972625
1718187343766749184.000000000,-0.054977852,-0.010488919,0.182646545,0.999407642,-0.007641569,-0.032499326,0.008352553
1718187343776749312.000000000,-0.055410950,-0.010814478,0.183267395,0.999358820,-0.007297769,-0.033810071,0.009250460
1718187343786749440.000000000,-0.055858681,-0.011147851,0.184071671,0.999319012,-0.006608049,-0.034969850,0.009744540
1718187343796749312.000000000,-0.056355721,-0.011528257,0.185138382,0.999271127,-0.006004892,-0.036310070,0.010135847
1718187343806749184.000000000,-0.056873676,-0.011921339,0.186477417,0.999243376,-0.004905089,-0.037083439,0.010650544
1718187343816749312.000000000,-0.057364609,-0.012321740,0.188089508,0.999225048,-0.003998687,-0.037576410,0.011014830
1718187343826749440.000000000,-0.057918896,-0.012717714,0.190067642,0.999215969,-0.003970423,-0.037698814,0.011422858
1718187343836749312.000000000,-0.058459209,-0.013002908,0.192228638,0.999201086,-0.003178447,-0.038147562,0.011482600
1718187343846749184.000000000,-0.058974251,-0.013308745,0.194758881,0.999203938,-0.002612603,-0.038172388,0.011293052
1718187343856749312.000000000,-0.059587772,-0.013479595,0.197589996,0.999215065,-0.003065698,-0.037804295,0.011432033
1718187343866749440.000000000,-0.060157410,-0.013520183,0.200711914,0.999210689,-0.003508011,-0.038002676,0.011022235
1718187343876749312.000000000,-0.060797421,-0.013438148,0.204142609,0.999219718,-0.004798770,-0.037690124,0.010788028
1718187343886749184.000000000,-0.061419483,-0.013256423,0.207865646,0.999239209,-0.006563995,-0.037027858,0.010337060
1718187343896749312.000000000,-0.062121693,-0.012928335,0.211846054,0.999238851,-0.009063978,-0.036646888,0.009826908
1718187343906749440.000000000,-0.062858433,-0.012588144,0.216114029,0.999229165,-0.012098640,-0.036194879,0.009199445
1718187343916749312.000000000,-0.063620480,-0.012138528,0.220573105,0.999203874,-0.015350247,-0.035753622,0.008812851
1718187343926749184.000000000,-0.064416809,-0.011753438,0.225310013,0.999176519,-0.018295172,-0.035275640,0.008197564
1718187343936749312.000000000,-0.065214317,-0.011359568,0.230187469,0.999154680,-0.021009003,-0.034464029,0.007796052
1718187343946749440.000000000,-0.066018280,-0.010991493,0.235231857,0.999127788,-0.023516430,-0.033739293,0.007231931
1718187343956749312.000000000,-0.066819595,-0.010687374,0.240470795,0.999109756,-0.025407806,-0.033041664,0.006510615
1718187343966749184.000000000,-0.067672272,-0.010384299,0.245860413,0.999073913,-0.027855582,-0.032297070,0.005681815
1718187343976749312.000000000,-0.068465775,-0.010125242,0.251332825,0.999074353,-0.029124460,-0.031298331,0.004755725
1718187343986749440.000000000,-0.069212952,-0.009918875,0.256921204,0.999040966,-0.030900682,-0.030772019,0.003921651
1718187343996749312.000000000,-0.070010368,-0.009774927,0.262676544,0.999006860,-0.032491653,-0.030378843,0.002590916
1718187344006749184.000000000,-0.070660683,-0.009698167,0.268457031,0.998987715,-0.033463200,-0.030000586,0.001929763
1718187344016749312.000000000,-0.071295547,-0.009648047,0.274384430,0.998977002,-0.034876882,-0.028778035,0.000614261
1718187344026749440.000000000,-0.071809753,-0.009646618,0.280390778,0.998966738,-0.035915091,-0.027848536,-0.000149158
1718187344036749312.000000000,-0.072215576,-0.009690344,0.286437378,0.998958857,-0.036780256,-0.026978164,-0.000769891
1718187344046749184.000000000,-0.072578300,-0.009842415,0.292584290,0.998965901,-0.037754440,-0.025304221,-0.001194776
1718187344056749312.000000000,-0.072788467,-0.010127463,0.298713013,0.998987165,-0.038014004,-0.024061189,-0.000799107
1718187344066749440.000000000,-0.073009567,-0.010536145,0.304906616,0.999032992,-0.037768929,-0.022505862,-0.000272872
1718187344076749312.000000000,-0.073218369,-0.011062771,0.311062805,0.999104055,-0.036738530,-0.021003479,0.000471190
1718187344086749184.000000000,-0.073410995,-0.011688881,0.317265808,0.999163401,-0.035468837,-0.020301403,0.001520862
1718187344096749312.000000000,-0.073600113,-0.012383991,0.323436005,0.999249143,-0.033502402,-0.019329493,0.002260442
1718187344106749440.000000000,-0.073799126,-0.013126712,0.329654236,0.999319377,-0.031577250,-0.018837632,0.002967148
1718187344116749312.000000000,-0.073940369,-0.013851145,0.335835724,0.999384486,-0.029887157,-0.018049633,0.003408563
1718187344126749184.000000000,-0.074023361,-0.014538369,0.342034424,0.999457790,-0.027606009,-0.017448279,0.004194221
1718187344136749312.000000000,-0.074105453,-0.015201425,0.348224976,0.999521021,-0.025994091,-0.016221492,0.004347374
1718187344146749440.000000000,-0.074138603,-0.015817998,0.354370544,0.999583480,-0.024099820,-0.015343817,0.004078290
1718187344156749312.000000000,-0.074196312,-0.016400074,0.360500580,0.999632949,-0.022468889,-0.014642047,0.003837605
1718187344166749184.000000000,-0.074245033,-0.016881556,0.366556915,0.999679201,-0.020633881,-0.014214976,0.003697739
1718187344176749312.000000000,-0.074354958,-0.017333509,0.372618622,0.999725420,-0.018958668,-0.013315721,0.003513659
1718187344186749440.000000000,-0.074446518,-0.017694359,0.378629578,0.999757175,-0.017933813,-0.012452748,0.002982891
1718187344196749312.000000000,-0.074537689,-0.018005123,0.384598816,0.999765915,-0.017268002,-0.012715235,0.002873094
1718187344206749184.000000000,-0.074617256,-0.018232889,0.390585236,0.999779219,-0.016627775,-0.012556118,0.002715387
1718187344216749312.000000000,-0.074733047,-0.018390442,0.396590057,0.999782425,-0.016818883,-0.012117066,0.002324962
1718187344226749440.000000000,-0.074794868,-0.018464542,0.402540436,0.999778500,-0.017029301,-0.012172274,0.002188485
1718187344236749312.000000000,-0.074893082,-0.018503958,0.408481049,0.999764568,-0.017485004,-0.012684876,0.002043953
1718187344246749184.000000000,-0.075010513,-0.018459356,0.414461548,0.999739232,-0.019068812,-0.012436927,0.001780681
1718187344256749312.000000000,-0.075138496,-0.018379425,0.420451996,0.999703127,-0.020693888,-0.012787871,0.001375241
1718187344266749440.000000000,-0.075220764,-0.018250433,0.426377838,0.999661344,-0.021999937,-0.013848614,0.001190161
1718187344276749312.000000000,-0.075349136,-0.018094725,0.432415558,0.999606443,-0.024161157,-0.014244653,0.000536687
1718187344286749184.000000000,-0.075429733,-0.017969027,0.438448944,0.999553409,-0.026066690,-0.014611959,0.000000452
1718187344296749312.000000000,-0.075415138,-0.017851381,0.444498047,0.999502384,-0.027527762,-0.015397328,-0.000359564
1718187344306749440.000000000,-0.075425919,-0.017784216,0.450650940,0.999445375,-0.029482427,-0.015449518,-0.001020285
1718187344316749312.000000000,-0.075335556,-0.017780115,0.456799011,0.999403276,-0.030846287,-0.015507799,-0.001052209
1718187344326749184.000000000,-0.075195274,-0.017868204,0.462998871,0.999387009,-0.031524297,-0.015208733,-0.000721275
1718187344336749312.000000000,-0.075136147,-0.018051437,0.469226624,0.999367670,-0.032331482,-0.014780323,-0.000691714
1718187344346749440.000000000,-0.075064095,-0.018304428,0.475441864,0.999366238,-0.032378401,-0.014784663,-0.000418495
1718187344356749312.000000000,-0.075007011,-0.018645315,0.481721100,0.999383984,-0.031707490,-0.015042852,-0.000004688
1718187344366749184.000000000,-0.075007980,-0.019044373,0.488035767,0.999404227,-0.030838886,-0.015490963,0.000428097
1718187344376749312.000000000,-0.074975807,-0.019551138,0.494408051,0.999442699,-0.029364696,-0.015858031,0.000726640
1718187344386749440.000000000,-0.074942909,-0.020100592,0.500903534,0.999492742,-0.027590734,-0.015870729,0.001062899
1718187344396749312.000000000,-0.074904076,-0.020704451,0.507486938,0.999530344,-0.026393841,-0.015524909,0.001197026
1718187344406749184.000000000,-0.074872269,-0.021258530,0.514132813,0.999574891,-0.024478952,-0.015786591,0.001265776
1718187344416749312.000000000,-0.074869629,-0.021830519,0.520908203,0.999618516,-0.022815687,-0.015516058,0.001232197
1718187344426749440.000000000,-0.074862206,-0.022407921,0.527781738,0.999639083,-0.021781902,-0.015670430,0.001300331
1718187344436749312.000000000,-0.074893425,-0.022977070,0.534744629,0.999663593,-0.020415184,-0.015884027,0.001902239
1718187344446749184.000000000,-0.074983788,-0.023536678,0.541811951,0.999669136,-0.019722266,-0.016376646,0.002110906
1718187344456749312.000000000,-0.075063721,-0.024077589,0.548956726,0.999680848,-0.018663048,-0.016842742,0.002492860
1718187344466749440.000000000,-0.075210518,-0.024621344,0.556163086,0.999678613,-0.018328629,-0.017211090,0.003241963
1718187344476749312.000000000,-0.075387283,-0.025147242,0.563456238,0.999676431,-0.017896049,-0.017671675,0.003804877
1718187344486749184.000000000,-0.075605812,-0.025656715,0.570852661,0.999658264,-0.017731467,-0.018687824,0.004440277
1718187344496749312.000000000,-0.075791916,-0.026212410,0.578376953,0.999649891,-0.017184519,-0.019501005,0.004949534
1718187344506749440.000000000,-0.076016075,-0.026749622,0.585957764,0.999650109,-0.016785022,-0.019691561,0.005492293
1718187344516749312.000000000,-0.076220444,-0.027283640,0.593661438,0.999645313,-0.016557089,-0.020065198,0.005700841
1718187344526749184.000000000,-0.076432442,-0.027780773,0.601445557,0.999637357,-0.016395189,-0.020572592,0.005755034
1718187344536749312.000000000,-0.076594109,-0.028282478,0.609337769,0.999630644,-0.016064802,-0.021162378,0.005714116
1718187344546749440.000000000,-0.076771446,-0.028726431,0.617358215,0.999624884,-0.016247007,-0.021390899,0.005343676
1718187344556749312.000000000,-0.076920494,-0.029132719,0.625492188,0.999619612,-0.016740467,-0.021330583,0.005039355
1718187344566749184.000000000,-0.077081436,-0.029510746,0.633740112,0.999615516,-0.017307851,-0.021227133,0.004320500
1718187344576749312.000000000,-0.077235191,-0.029907747,0.642095337,0.999608515,-0.018097293,-0.021009582,0.003728592
1718187344586749440.000000000,-0.077455864,-0.030322792,0.650550293,0.999601496,-0.018875874,-0.020801250,0.002803202
1718187344596749312.000000000,-0.077708702,-0.030758224,0.659059570,0.999595438,-0.019413948,-0.020674718,0.002148309
1718187344606749184.000000000,-0.078068771,-0.031278255,0.667705688,0.999591305,-0.020011223,-0.020368721,0.001374480
1718187344616749312.000000000,-0.078428307,-0.031842728,0.676389709,0.999577706,-0.020337211,-0.020731714,0.001002074
1718187344626749440.000000000,-0.078859367,-0.032405865,0.685183777,0.999562331,-0.020718192,-0.021090612,0.001043181
1718187344636749312.000000000,-0.079271721,-0.032977554,0.694055542,0.999542763,-0.021390062,-0.021359472,0.000709880
1718187344646749184.000000000,-0.079721947,-0.033547245,0.703075012,0.999529641,-0.022179411,-0.021179483,0.000015823
1718187344656749312.000000000,-0.080098335,-0.034135296,0.712153625,0.999512931,-0.023029043,-0.021055148,-0.000494113
1718187344666749440.000000000,-0.080522835,-0.034692600,0.721283752,0.999503699,-0.023876882,-0.020500981,-0.001399926
1718187344676749312.000000000,-0.081010048,-0.035293922,0.730472473,0.999475417,-0.025276320,-0.020060525,-0.002752174
1718187344686749184.000000000,-0.081507965,-0.036000874,0.739694580,0.999461000,-0.025700682,-0.020122288,-0.003504088
1718187344696749312.000000000,-0.082157623,-0.036782784,0.748966187,0.999447534,-0.026131640,-0.019959803,-0.004834222
1718187344706749440.000000000,-0.082791801,-0.037720600,0.758255493,0.999437040,-0.026053127,-0.020499833,-0.005156987
1718187344716749312.000000000,-0.083518402,-0.038750904,0.767641113,0.999445859,-0.025698376,-0.020391740,-0.005634259
1718187344726749184.000000000,-0.084195801,-0.039839020,0.777023010,0.999457497,-0.024468691,-0.021377731,-0.005383933
1718187344736749312.000000000,-0.084901299,-0.040982670,0.786519043,0.999476428,-0.023739260,-0.021356201,-0.005218296
1718187344746749440.000000000,-0.085541367,-0.042147785,0.796113831,0.999503112,-0.022803756,-0.021229641,-0.004777028
1718187344756749312.000000000,-0.086130089,-0.043280449,0.805744080,0.999531416,-0.022249259,-0.020550247,-0.004427875
1718187344766749184.000000000,-0.086750603,-0.044377800,0.815489929,0.999559323,-0.021380629,-0.020027516,-0.004788223
1718187344776749312.000000000,-0.087271118,-0.045542862,0.825338867,0.999576814,-0.021224077,-0.019474059,-0.004061214
1718187344786749440.000000000,-0.087878319,-0.046661819,0.835180420,0.999596181,-0.021058452,-0.018584238,-0.004317820
1718187344796749312.000000000,-0.088522659,-0.047777733,0.845050354,0.999598950,-0.021008537,-0.018425716,-0.004590505
1718187344806749184.000000000,-0.089187370,-0.048877361,0.854900024,0.999619970,-0.020314732,-0.018060157,-0.004588799
1718187344816749312.000000000,-0.089952484,-0.050034698,0.864803406,0.999608913,-0.020763344,-0.017960055,-0.005323679
1718187344826749440.000000000,-0.090716835,-0.051168858,0.874683350,0.999623864,-0.020230799,-0.017568630,-0.005847081
1718187344836749312.000000000,-0.091435310,-0.052313354,0.884497620,0.999627310,-0.019592709,-0.018199629,-0.005490095
1718187344846749184.000000000,-0.092204987,-0.053445305,0.894370056,0.999640033,-0.019264468,-0.017739259,-0.005831228
1718187344856749312.000000000,-0.092945465,-0.054553741,0.904202026,0.999651829,-0.018987830,-0.017259272,-0.006148211
1718187344866749440.000000000,-0.093657272,-0.055655807,0.914061218,0.999648633,-0.019480365,-0.016785895,-0.006431113
1718187344876749312.000000000,-0.094369492,-0.056622288,0.923820313,0.999646582,-0.019518118,-0.016678071,-0.006899058
1718187344886749184.000000000,-0.095082092,-0.057555511,0.933587463,0.999627262,-0.020420479,-0.016560896,-0.007353775
1718187344896749312.000000000,-0.095827736,-0.058391785,0.943310974,0.999590437,-0.021645075,-0.016503910,-0.008835716
1718187344906749440.000000000,-0.096527405,-0.059195580,0.952958374,0.999546548,-0.023318170,-0.016202182,-0.010022544
1718187344916749312.000000000,-0.097255150,-0.060017090,0.962554199,0.999485178,-0.025456499,-0.015888335,-0.011353705
1718187344926749184.000000000,-0.097983185,-0.060848606,0.972043030,0.999434381,-0.026983156,-0.015560568,-0.012676622
1718187344936749312.000000000,-0.098645500,-0.061767479,0.981402649,0.999378203,-0.028582330,-0.015910449,-0.013157341
1718187344946749440.000000000,-0.099333115,-0.062725952,0.990625183,0.999339235,-0.029909671,-0.015339451,-0.013827715
1718187344956749312.000000000,-0.100089279,-0.063787655,0.999805298,0.999300764,-0.030993689,-0.015285205,-0.014273656
1718187344966749184.000000000,-0.100816414,-0.064885475,1.008791809,0.999291659,-0.031108835,-0.015364934,-0.014571898
1718187344976749312.000000000,-0.101549683,-0.066103218,1.017741333,0.999290083,-0.031451969,-0.014804865,-0.014523062
1718187344986749440.000000000,-0.102283768,-0.067332588,1.026571045,0.999310900,-0.030871152,-0.014524961,-0.014619232
1718187344996749312.000000000,-0.102966858,-0.068622391,1.035327148,0.999329167,-0.030254812,-0.014421397,-0.014760935
1718187345006749184.000000000,-0.103636597,-0.069847549,1.044012207,0.999357586,-0.029199584,-0.013766937,-0.015565039
1718187345016749312.000000000,-0.104195244,-0.071070190,1.052592285,0.999396411,-0.027490434,-0.013403915,-0.016474961
1718187345026749440.000000000,-0.104760139,-0.072260918,1.061141724,0.999391323,-0.027173541,-0.012464099,-0.017978567
1718187345036749312.000000000,-0.105226547,-0.073357109,1.069566650,0.999398048,-0.026189786,-0.011408199,-0.019684767
1718187345046749184.000000000,-0.105704948,-0.074413849,1.077937134,0.999381037,-0.026163625,-0.009778261,-0.021386775
1718187345056749312.000000000,-0.106070129,-0.075428505,1.086148926,0.999365656,-0.026401617,-0.008435454,-0.022362563
1718187345066749440.000000000,-0.106526199,-0.076400536,1.094278931,0.999336067,-0.026714381,-0.007257193,-0.023687539
1718187345076749312.000000000,-0.107013596,-0.077404045,1.102289551,0.999284314,-0.027437767,-0.006219459,-0.025285295
1718187345086749184.000000000,-0.107530548,-0.078443970,1.110173218,0.999277629,-0.027734925,-0.004801197,-0.025533151
1718187345096749312.000000000,-0.108106842,-0.079545013,1.117891357,0.999283959,-0.027947753,-0.003714401,-0.025232828
1718187345106749440.000000000,-0.108698738,-0.080754478,1.125493896,0.999312146,-0.027471554,-0.002892248,-0.024742354
1718187345116749312.000000000,-0.109394638,-0.081888626,1.132910889,0.999350390,-0.026306321,-0.002188972,-0.024535360
1718187345126749184.000000000,-0.110132370,-0.083113464,1.140317871,0.999389605,-0.025626327,-0.001480147,-0.023696368
1718187345136749312.000000000,-0.110892006,-0.084236664,1.147473145,0.999436985,-0.023880037,-0.001437544,-0.023524251
1718187345146749440.000000000,-0.111641747,-0.085360481,1.154568481,0.999470990,-0.022583883,-0.000819722,-0.023388796
1718187345156749312.000000000,-0.112427254,-0.086292160,1.161481689,0.999483408,-0.021200074,-0.000642420,-0.024146664
1718187345166749184.000000000,-0.113148270,-0.087192230,1.168291626,0.999492185,-0.020063276,-0.000525201,-0.024749964
1718187345176749312.000000000,-0.113854378,-0.087990913,1.175056641,0.999468844,-0.019919956,-0.000122296,-0.025791684
1718187345186749440.000000000,-0.114579781,-0.088647835,1.181696289,0.999410328,-0.020250132,0.000262157,-0.027728321
1718187345196749312.000000000,-0.115240944,-0.089249580,1.188192261,0.999359430,-0.020475153,0.000587228,-0.029345412
1718187345206749184.000000000,-0.115842651,-0.089751266,1.194512817,0.999313555,-0.020585687,0.000653348,-0.030793204
1718187345216749312.000000000,-0.116466454,-0.090273880,1.200786865,0.999253455,-0.021787917,0.001298999,-0.031876829
1718187345226749440.000000000,-0.117066505,-0.090774971,1.206878174,0.999223739,-0.022611422,0.001733213,-0.032212395
1718187345236749312.000000000,-0.117621750,-0.091297165,1.212835693,0.999191241,-0.023697927,0.001827084,-0.032433536
1718187345246749184.000000000,-0.118070854,-0.091869125,1.218671875,0.999202975,-0.024222607,0.002450195,-0.031633473
1718187345256749312.000000000,-0.118490875,-0.092393684,1.224337646,0.999215907,-0.024513130,0.003277960,-0.030918151
1718187345266749440.000000000,-0.118884514,-0.092910896,1.229951782,0.999228119,-0.025258303,0.004354756,-0.029769438
1718187345276749312.000000000,-0.119156754,-0.093389839,1.235358154,0.999252059,-0.025763626,0.005488392,-0.028309644
1718187345286749184.000000000,-0.119361534,-0.093800453,1.240602295,0.999245100,-0.026381836,0.007358220,-0.027551510
1718187345296749312.000000000,-0.119615135,-0.094138992,1.245701904,0.999240047,-0.026915951,0.008436682,-0.026901340
1718187345306749440.000000000,-0.119762810,-0.094361954,1.250557739,0.999211681,-0.027439263,0.010292358,-0.026780056
1718187345316749312.000000000,-0.120027702,-0.094588371,1.255323486,0.999161864,-0.028280281,0.011423823,-0.027300013
1718187345326749184.000000000,-0.120235321,-0.094771454,1.259840820,0.999138360,-0.028410157,0.012422428,-0.027587758
1718187345336749312.000000000,-0.120546913,-0.094929832,1.264163330,0.999084760,-0.028594952,0.013597421,-0.028759006
1718187345346749440.000000000,-0.120882118,-0.095125275,1.268266357,0.999090839,-0.027861982,0.014019467,-0.029063025
1718187345356749312.000000000,-0.121283890,-0.095375137,1.272237061,0.999092399,-0.027053637,0.014192307,-0.029682610
1718187345366749184.000000000,-0.121694206,-0.095659676,1.276009644,0.999099481,-0.026185170,0.015113142,-0.029768398
1718187345376749312.000000000,-0.122102997,-0.095853584,1.279539185,0.999145290,-0.024392938,0.015467900,-0.029570554
1718187345386749440.000000000,-0.122517456,-0.096034576,1.282922852,0.999165778,-0.023037892,0.015812504,-0.029782014
1718187345396749312.000000000,-0.122898575,-0.096192200,1.286110474,0.999198861,-0.021936697,0.016503392,-0.029121387
1718187345406749184.000000000,-0.123275612,-0.096258377,1.289167480,0.999206222,-0.020773126,0.017174452,-0.029333286
1718187345416749312.000000000,-0.123598412,-0.096278893,1.292048218,0.999209944,-0.020005950,0.018376136,-0.029009786
1718187345426749440.000000000,-0.123846161,-0.096216652,1.294699463,0.999215048,-0.018742594,0.019474083,-0.028961408
1718187345436749312.000000000,-0.124105309,-0.096031250,1.297192871,0.999205925,-0.017851303,0.020802147,-0.028915765
1718187345446749184.000000000,-0.124424812,-0.095962502,1.299580322,0.999199367,-0.017694026,0.021590164,-0.028660279
1718187345456749312.000000000,-0.124706367,-0.095770203,1.301738892,0.999187083,-0.016991071,0.023190735,-0.028260687
1718187345466749440.000000000,-0.125032944,-0.095530701,1.303707886,0.999189523,-0.016603027,0.024372525,-0.027397401
1718187345476749312.000000000,-0.125419098,-0.095319435,1.305578003,0.999195794,-0.017089217,0.024861679,-0.026412494
1718187345486749184.000000000,-0.125907463,-0.095078651,1.307307373,0.999202878,-0.017497207,0.025148325,-0.025593335
1718187345496749312.000000000,-0.126372025,-0.094724037,1.308813232,0.999223307,-0.017341991,0.025592511,-0.024434855
1718187345506749440.000000000,-0.126985413,-0.094453880,1.310213989,0.999265522,-0.017746251,0.025077877,-0.022903864
1718187345516749312.000000000,-0.127654686,-0.094178513,1.311498413,0.999294638,-0.018396384,0.024800467,-0.021371389
1718187345526749184.000000000,-0.128364807,-0.093863007,1.312615479,0.999332223,-0.018761918,0.024437599,-0.019644408
1718187345536749312.000000000,-0.129081818,-0.093609962,1.313612671,0.999377285,-0.019247040,0.023990947,-0.017292404
1718187345546749440.000000000,-0.129812225,-0.093328491,1.314480835,0.999409038,-0.019414269,0.023755907,-0.015502178
1718187345556749312.000000000,-0.130518951,-0.093071472,1.315283813,0.999447775,-0.019616607,0.023346654,-0.013201045
1718187345566749184.000000000,-0.131226379,-0.092773849,1.316011719,0.999457846,-0.020154679,0.023564874,-0.011067952
1718187345576749312.000000000,-0.131918747,-0.092435051,1.316612305,0.999478431,-0.020159825,0.023443238,-0.009320029
1718187345586749440.000000000,-0.132504745,-0.092130829,1.317167725,0.999490214,-0.019938559,0.023899546,-0.007111743
1718187345596749312.000000000,-0.133171249,-0.091832520,1.317704224,0.999503336,-0.020120702,0.023653899,-0.005360124
1718187345606749184.000000000,-0.133778503,-0.091436523,1.317985229,0.999513451,-0.018696951,0.024790221,-0.002954725
1718187345616749312.000000000,-0.134457230,-0.091117027,1.318286987,0.999522721,-0.017633053,0.025332929,-0.001284194
1718187345626749440.000000000,-0.135115753,-0.090825966,1.318532471,0.999539128,-0.016034843,0.025748183,0.001202373
1718187345636749312.000000000,-0.135878922,-0.090418304,1.318616333,0.999584449,-0.013377839,0.025335131,0.003177076
1718187345646749184.000000000,-0.136736588,-0.090096817,1.318748779,0.999577019,-0.012229162,0.025877237,0.005157543
1718187345656749312.000000000,-0.137588730,-0.089685707,1.318794678,0.999574558,-0.010262371,0.026088556,0.008048173
1718187345666749440.000000000,-0.138508591,-0.089161369,1.318755371,0.999567628,-0.008854225,0.026272945,0.009792481
1718187345676749312.000000000,-0.139498718,-0.088519577,1.318729248,0.999568701,-0.007827868,0.025597177,0.012079767
1718187345686749184.000000000,-0.140460358,-0.087696678,1.318582764,0.999571862,-0.006231204,0.024906310,0.014033568
1718187345696749312.000000000,-0.141367462,-0.086829765,1.318476440,0.999556150,-0.005922644,0.024180789,0.016361997
1718187345706749440.000000000,-0.142378708,-0.085770844,1.318366089,0.999527222,-0.006180621,0.023712420,0.018570232
1718187345716749312.000000000,-0.143431320,-0.084653252,1.318291382,0.999496852,-0.007379691,0.023191589,0.020340417
1718187345726749184.000000000,-0.144432175,-0.083427299,1.318192017,0.999439566,-0.008724497,0.022440945,0.023255980
1718187345736749312.000000000,-0.145407562,-0.082080391,1.317980469,0.999380151,-0.009247577,0.021388994,0.026387649
1718187345746749440.000000000,-0.146383743,-0.080751442,1.317812622,0.999278002,-0.010721798,0.020070630,0.030425130
1718187345756749312.000000000,-0.147425491,-0.079381126,1.317639648,0.999163429,-0.011539025,0.019273230,0.034173613
1718187345766749184.000000000,-0.148709686,-0.077925972,1.317590942,0.999046875,-0.013672312,0.020057333,0.036278260
1718187345776749312.000000000,-0.149718048,-0.076523476,1.317378418,0.998896142,-0.013736990,0.017782368,0.041250214
1718187345786749440.000000000,-0.150893097,-0.075033501,1.317191284,0.998750867,-0.014056696,0.017006912,0.044831681
1718187345796749312.000000000,-0.152090393,-0.073503922,1.317029053,0.998606431,-0.014481554,0.016074681,0.048136103
1718187345806749184.000000000,-0.153384491,-0.071891655,1.316899414,0.998455009,-0.015147787,0.014940948,0.051331353
1718187345816749312.000000000,-0.154675552,-0.070210114,1.316800781,0.998303812,-0.016159836,0.014040708,0.054140714
1718187345826749440.000000000,-0.155938141,-0.068455933,1.316754639,0.998179080,-0.017351719,0.012626638,0.056373851
1718187345836749312.000000000,-0.157213104,-0.066625229,1.316743286,0.998026965,-0.018500339,0.011877449,0.058811909
1718187345846749184.000000000,-0.158495453,-0.064723564,1.316790527,0.997862510,-0.019787021,0.011320572,0.061243199
1718187345856749312.000000000,-0.159685440,-0.062863922,1.316889648,0.997698355,-0.020996635,0.010805053,0.063564026
1718187345866749440.000000000,-0.160838806,-0.061028156,1.317028076,0.997511627,-0.021909475,0.010458714,0.066190208
1718187345876749312.000000000,-0.161978424,-0.059229343,1.317178467,0.997298856,-0.022285408,0.010792851,0.069151044
1718187345886749184.000000000,-0.163084290,-0.057497135,1.317346191,0.997056918,-0.022378922,0.011237597,0.072459662
1718187345896749312.000000000,-0.164218628,-0.055775410,1.317547119,0.996810429,-0.022203568,0.011485828,0.075789481
1718187345906749440.000000000,-0.165394974,-0.054140694,1.317788452,0.996566623,-0.021695345,0.011639888,0.079049289
1718187345916749312.000000000,-0.166650238,-0.052495686,1.318059326,0.996307946,-0.021032114,0.011684765,0.082411120
1718187345926749184.000000000,-0.167959930,-0.050821262,1.318342773,0.996052222,-0.020094464,0.011912961,0.085640322
1718187345936749312.000000000,-0.169314194,-0.049136177,1.318596924,0.995834857,-0.017932933,0.010906513,0.088726525
1718187345946749440.000000000,-0.170861984,-0.047479885,1.319023193,0.995562682,-0.018123948,0.010673799,0.091719888
1718187345956749312.000000000,-0.172363480,-0.045797970,1.319395264,0.995303081,-0.017577093,0.009540992,0.094719548
1718187345966749184.000000000,-0.173850800,-0.044037365,1.319781006,0.995020239,-0.017337192,0.008241193,0.097807099
1718187345976749312.000000000,-0.175410049,-0.042349648,1.320197998,0.994732979,-0.017486944,0.006270957,0.100802690
1718187345986749440.000000000,-0.176907181,-0.040593060,1.320626099,0.994397697,-0.017927897,0.004413152,0.104078507
1718187345996749312.000000000,-0.178320923,-0.038885773,1.321090210,0.994036305,-0.018311281,0.002952285,0.107460712
1718187346006749184.000000000,-0.179661545,-0.037220032,1.321635254,0.993630957,-0.018579445,0.001477122,0.111131201
1718187346016749312.000000000,-0.180941727,-0.035651516,1.322208130,0.993196930,-0.018665591,0.000648992,0.114939253
1718187346026749440.000000000,-0.182138763,-0.034148727,1.322793213,0.992748328,-0.017963287,0.000319671,0.118861160
1718187346036749312.000000000,-0.183306839,-0.032731686,1.323443970,0.992288190,-0.017203449,0.000658326,0.122750786
1718187346046749184.000000000,-0.184450897,-0.031380650,1.324076416,0.991828009,-0.016260155,0.000847871,0.126538885
1718187346056749312.000000000,-0.185639313,-0.030071119,1.324684082,0.991368820,-0.014967938,0.001583278,0.130235623
1718187346066749440.000000000,-0.186774200,-0.028763678,1.325171875,0.990970880,-0.015423711,0.000465464,0.133186366
1718187346076749312.000000000,-0.188013779,-0.027574390,1.325709595,0.990531589,-0.014794329,0.000575241,0.136484313
1718187346086749184.000000000,-0.189359940,-0.026429594,1.326158813,0.990105912,-0.014450675,0.000600481,0.139574711
1718187346096749312.000000000,-0.190922684,-0.025175789,1.326475586,0.989792741,-0.014255695,-0.000538434,0.141798505
1718187346106749440.000000000,-0.192407623,-0.024229774,1.326739990,0.989292004,-0.013971336,-0.000949372,0.145276396
1718187346116749312.000000000,-0.194075562,-0.023502836,1.327132324,0.988779872,-0.014625937,-0.002502595,0.148641126
1718187346126749184.000000000,-0.195708710,-0.022865641,1.327345825,0.988137125,-0.014108244,-0.002796817,0.152899172
1718187346136749312.000000000,-0.197395218,-0.022373981,1.327595825,0.987496519,-0.014403208,-0.003639433,0.156939249
1718187346146749440.000000000,-0.199141968,-0.022006912,1.327858765,0.986855942,-0.014779550,-0.004396294,0.160865118
1718187346156749312.000000000,-0.200869492,-0.021725782,1.328051270,0.986222279,-0.014927763,-0.004437602,0.164690879
1718187346166749184.000000000,-0.202589371,-0.021651426,1.328357178,0.985512966,-0.015736316,-0.004177573,0.168816792
1718187346176749312.000000000,-0.204462921,-0.021402599,1.328457153,0.985077220,-0.015744300,-0.004428112,0.171334117
1718187346186749440.000000000,-0.206367233,-0.021374487,1.328609619,0.984592467,-0.016250113,-0.004702696,0.174044513
1718187346196749312.000000000,-0.208301193,-0.021588045,1.328809326,0.984091230,-0.017988535,-0.003593500,0.176714319
1718187346206749184.000000000,-0.210399841,-0.021812342,1.328915405,0.983693582,-0.017481652,-0.004140917,0.178953014
1718187346216749312.000000000,-0.212588791,-0.022310436,1.329158936,0.983243203,-0.018312569,-0.004559828,0.181319228
1718187346226749440.000000000,-0.214822235,-0.022857691,1.329249390,0.982721841,-0.016916929,-0.005726451,0.184224885
1718187346236749312.000000000,-0.217252899,-0.023508347,1.329424072,0.982401253,-0.016700487,-0.006609703,0.185917141
1718187346246749184.000000000,-0.219655624,-0.024097267,1.329450806,0.982135882,-0.013870962,-0.007814800,0.187498358
1718187346256749312.000000000,-0.222156540,-0.024848225,1.329678101,0.981811353,-0.013112456,-0.008722948,0.189204760
1718187346266749440.000000000,-0.224655960,-0.025487167,1.329841309,0.981672001,-0.011560052,-0.009526639,0.189988662
1718187346276749312.000000000,-0.227051849,-0.026307533,1.330155762,0.981229336,-0.011469944,-0.010051359,0.192240475
1718187346286749184.000000000,-0.229522217,-0.026988905,1.330503052,0.981023799,-0.012213628,-0.010563453,0.193213732
1718187346296749312.000000000,-0.231875641,-0.027626333,1.330649414,0.980687763,-0.010620231,-0.010493832,0.195009233
1718187346306749440.000000000,-0.234391174,-0.028274635,1.331041016,0.980430049,-0.012097006,-0.010851367,0.196195893
1718187346316749312.000000000,-0.236925400,-0.029005613,1.331538086,0.979902018,-0.013034841,-0.008913512,0.198853409
1718187346326749184.000000000,-0.239446304,-0.029814722,1.331796509,0.979735052,-0.014759061,-0.007996275,0.199593232
1718187346336749312.000000000,-0.242106918,-0.030636375,1.332140259,0.979365197,-0.016902505,-0.008120232,0.201226683
1718187346346749440.000000000,-0.245072708,-0.031713493,1.332719849,0.978868367,-0.019928966,-0.010055814,0.203269370
1718187346356749312.000000000,-0.247908234,-0.032872841,1.332984497,0.978414925,-0.021619390,-0.009953158,0.205274865
1718187346366749184.000000000,-0.250721909,-0.034184502,1.333170898,0.977765625,-0.022138354,-0.010574539,0.208260544
1718187346376749312.000000000,-0.253647797,-0.035701908,1.333389526,0.977147562,-0.023388554,-0.010094800,0.211030123
1718187346386749440.000000000,-0.256700623,-0.037218742,1.333535278,0.976693371,-0.024050008,-0.010167128,0.213045268
1718187346396749312.000000000,-0.259846069,-0.038821182,1.333637329,0.976226573,-0.024481828,-0.009814331,0.215141808
1718187346406749184.000000000,-0.263067444,-0.040525951,1.333735352,0.975852719,-0.025405493,-0.009445981,0.216741331
1718187346416749312.000000000,-0.266343781,-0.042219147,1.333754272,0.975538209,-0.025468368,-0.009140707,0.218158227
1718187346426749440.000000000,-0.269713318,-0.043937866,1.333786865,0.975363400,-0.025883355,-0.009003546,0.218895467
1718187346436749312.000000000,-0.273198883,-0.045690681,1.333813232,0.975328888,-0.026374167,-0.008653036,0.219004770
1718187346446749184.000000000,-0.276759979,-0.047407227,1.333801025,0.975391289,-0.026654231,-0.008141454,0.218712372
1718187346456749312.000000000,-0.280383728,-0.049172043,1.333798340,0.975513047,-0.027455712,-0.007602951,0.218088684
1718187346466749440.000000000,-0.284006287,-0.050944103,1.333731445,0.975770369,-0.029166222,-0.008729922,0.216668657
1718187346476749312.000000000,-0.287731812,-0.052768593,1.333707397,0.975853671,-0.029665104,-0.008151339,0.216247892
1718187346486749184.000000000,-0.291449188,-0.054709431,1.333544434,0.976084658,-0.029696444,-0.005977198,0.215269913
1718187346496749312.000000000,-0.295289429,-0.056631439,1.333453857,0.976152870,-0.030049364,-0.005723649,0.214918241
1718187346506749440.000000000,-0.299195587,-0.058625916,1.333381104,0.976179912,-0.030754150,-0.005982569,0.214688545
1718187346516749312.000000000,-0.303180420,-0.060662987,1.333260132,0.976208081,-0.031045644,-0.006257497,0.214510594
1718187346526749184.000000000,-0.307199707,-0.062739685,1.333131104,0.976238539,-0.031500949,-0.006553263,0.214296665
1718187346536749312.000000000,-0.311227661,-0.064879494,1.332994507,0.976239366,-0.031932538,-0.007139415,0.214210275
1718187346546749440.000000000,-0.315316376,-0.067028610,1.332839478,0.976273664,-0.032386192,-0.007716621,0.213965702
1718187346556749312.000000000,-0.319406830,-0.069241516,1.332711670,0.976287230,-0.032590426,-0.008173978,0.213855781
1718187346566749184.000000000,-0.323484344,-0.071485519,1.332605469,0.976305583,-0.032639091,-0.008517458,0.213751144
1718187346576749312.000000000,-0.327578491,-0.073722969,1.332493164,0.976384932,-0.031971867,-0.008641563,0.213484398
1718187346586749440.000000000,-0.331660919,-0.075949730,1.332443481,0.976461956,-0.031592281,-0.008437977,0.213196566
1718187346596749312.000000000,-0.335723236,-0.078167870,1.332441650,0.976636853,-0.031518426,-0.007911136,0.212425188
1718187346606749184.000000000,-0.339786987,-0.080344269,1.332445435,0.976809407,-0.031145153,-0.007435960,0.211702783
1718187346616749312.000000000,-0.343816345,-0.082503036,1.332417480,0.976960440,-0.030749580,-0.006684879,0.211087835
1718187346626749440.000000000,-0.347854401,-0.084803223,1.332384644,0.977538091,-0.032045538,-0.004772812,0.208253653
1718187346636749312.000000000,-0.351970367,-0.086983360,1.332413574,0.977821944,-0.031681371,-0.003856840,0.206991936
1718187346646749184.000000000,-0.356110291,-0.089195450,1.332460571,0.978031102,-0.031223925,-0.002880157,0.206087203
1718187346656749312.000000000,-0.360333954,-0.091429398,1.332557007,0.978290237,-0.030828450,-0.002457731,0.204918958
1718187346666749440.000000000,-0.364618561,-0.093703575,1.332709106,0.978563382,-0.030437579,-0.001887403,0.203675474
1718187346676749312.000000000,-0.368976166,-0.095988983,1.332877563,0.978786848,-0.029965154,-0.001852372,0.202669592
1718187346686749184.000000000,-0.373454376,-0.098265671,1.333037598,0.979100358,-0.029136953,-0.002163592,0.201268093
1718187346696749312.000000000,-0.377964081,-0.100577393,1.333235352,0.979421328,-0.028304075,-0.002668992,0.199813958
1718187346706749440.000000000,-0.382516479,-0.102863365,1.333417236,0.979686173,-0.027711372,-0.003635265,0.198579625
1718187346716749312.000000000,-0.387157990,-0.104984032,1.333568848,0.980049164,-0.028286022,-0.003892849,0.196693629
1718187346726749184.000000000,-0.391802460,-0.107268166,1.333815430,0.980223577,-0.029396359,-0.004855046,0.195637478
1718187346736749312.000000000,-0.396487488,-0.109648628,1.334118530,0.980443678,-0.028840894,-0.006580587,0.194563854
1718187346746749440.000000000,-0.401129150,-0.111880722,1.334340698,0.980579119,-0.029425526,-0.007208780,0.193769874
1718187346756749312.000000000,-0.405744537,-0.114011894,1.334488281,0.980640805,-0.031229225,-0.006349553,0.193204635
1718187346766749184.000000000,-0.410543213,-0.116366852,1.334789307,0.980862439,-0.031577818,-0.006739609,0.192005975
1718187346776749312.000000000,-0.415161926,-0.118187363,1.334719604,0.980721961,-0.032616358,-0.004885259,0.192605149
1718187346786749440.000000000,-0.420161560,-0.120823341,1.334965210,0.981151270,-0.032382216,-0.005534815,0.190428314
1718187346796749312.000000000,-0.425008209,-0.123217651,1.335063110,0.981176996,-0.033070490,-0.004337943,0.190208377
1718187346806749184.000000000,-0.429931885,-0.125392708,1.334980591,0.981389465,-0.032645498,-0.004004748,0.189190253
1718187346816749312.000000000,-0.434983368,-0.127744453,1.335046021,0.981448806,-0.033503137,-0.003494800,0.188742063
1718187346826749440.000000000,-0.440156891,-0.130071869,1.335191895,0.981528194,-0.035334956,-0.003045310,0.188001520
1718187346836749312.000000000,-0.445138062,-0.132024963,1.335023315,0.981421527,-0.034479996,-0.002445194,0.188724503
1718187346846749184.000000000,-0.450303314,-0.134184189,1.335122314,0.981582528,-0.034742548,-0.002790191,0.187832133
1718187346856749312.000000000,-0.455679321,-0.136388535,1.335421265,0.981780536,-0.036243515,-0.003513333,0.186496763
1718187346866749440.000000000,-0.460749176,-0.138338287,1.335531616,0.981856747,-0.036144483,-0.004204281,0.186100050
1718187346876749312.000000000,-0.466046112,-0.140412155,1.335832642,0.981970880,-0.037436399,-0.005139518,0.185216881
1718187346886749184.000000000,-0.471203186,-0.142172180,1.335975098,0.982054569,-0.038163412,-0.005920734,0.184600442
1718187346896749312.000000000,-0.476365936,-0.144047134,1.336202026,0.982072862,-0.038795203,-0.006699795,0.184344617
1718187346906749440.000000000,-0.481606018,-0.145756104,1.336389038,0.982242433,-0.039261262,-0.007622594,0.183303716
1718187346916749312.000000000,-0.486893036,-0.147636475,1.336747314,0.982201375,-0.041188961,-0.008627950,0.183055964
1718187346926749184.000000000,-0.492025360,-0.149255524,1.336838257,0.982099360,-0.041387041,-0.009392496,0.183520413
1718187346936749312.000000000,-0.497190247,-0.150991913,1.337007813,0.981987642,-0.042159630,-0.009808679,0.183920161
1718187346946749440.000000000,-0.502522583,-0.152702118,1.337112671,0.982040116,-0.041575830,-0.010677749,0.183724378
1718187346956749312.000000000,-0.507782593,-0.154499176,1.337307007,0.981809554,-0.042602625,-0.010708202,0.184716948
1718187346966749184.000000000,-0.513188232,-0.156454300,1.337628052,0.981616480,-0.042271576,-0.009415781,0.185885832
1718187346976749312.000000000,-0.518515747,-0.158122284,1.337606445,0.981629976,-0.040621334,-0.009591805,0.186173292
1718187346986749440.000000000,-0.523871826,-0.159868530,1.337583740,0.981589327,-0.039540652,-0.009277496,0.186635630
1718187346996749312.000000000,-0.529243530,-0.161528229,1.337637573,0.981613420,-0.039172305,-0.009038165,0.186598325
1718187347006749184.000000000,-0.534710876,-0.163029190,1.337597534,0.981746710,-0.038644063,-0.008291734,0.186041074
1718187347016749312.000000000,-0.540089722,-0.164564682,1.337595337,0.981792681,-0.038419944,-0.007577789,0.185875273
1718187347026749440.000000000,-0.545569885,-0.165861481,1.337458618,0.981981442,-0.037327470,-0.006993147,0.185122133
1718187347036749312.000000000,-0.551035706,-0.167202057,1.337414429,0.982057443,-0.037458741,-0.005762312,0.184734451
1718187347046749184.000000000,-0.556596130,-0.168341202,1.337244995,0.982231437,-0.037552988,-0.005132180,0.183806523
1718187347056749312.000000000,-0.562117493,-0.169549652,1.337163940,0.982294775,-0.038005925,-0.004639466,0.183387569
1718187347066749440.000000000,-0.567722168,-0.170625198,1.336973145,0.982364388,-0.037768291,-0.004393722,0.183069549
1718187347076749312.000000000,-0.573392090,-0.171703705,1.336797485,0.982456145,-0.038327344,-0.003598024,0.182477375
1718187347086749184.000000000,-0.579061707,-0.172796707,1.336606445,0.982305251,-0.039129942,-0.003724236,0.183115735
1718187347096749312.000000000,-0.584832336,-0.173796677,1.336348633,0.982309241,-0.039158486,-0.004373278,0.183073872
1718187347106749440.000000000,-0.590608215,-0.174913559,1.336137451,0.982126935,-0.039992994,-0.004388953,0.183869467
1718187347116749312.000000000,-0.596462219,-0.175898636,1.335863647,0.982001656,-0.040237322,-0.005164302,0.184464183
1718187347126749184.000000000,-0.602427551,-0.176873627,1.335569580,0.981926744,-0.040703767,-0.004925746,0.184766905
1718187347136749312.000000000,-0.608370117,-0.177884064,1.335319092,0.981694635,-0.041999445,-0.005148128,0.185701875
1718187347146749440.000000000,-0.614338440,-0.178752594,1.334920288,0.981617916,-0.042097399,-0.005734892,0.186067697
1718187347156749312.000000000,-0.620371826,-0.179605606,1.334666504,0.981498261,-0.043990776,-0.005468807,0.186268804
1718187347166749184.000000000,-0.626360107,-0.180526779,1.334377075,0.981250758,-0.045609615,-0.005582293,0.187177860
1718187347176749312.000000000,-0.632456360,-0.181354691,1.333898804,0.981212715,-0.044883175,-0.005507542,0.187554728
1718187347186749440.000000000,-0.638548462,-0.182187103,1.333511597,0.981045390,-0.045945366,-0.005475984,0.188172739
1718187347196749312.000000000,-0.644671082,-0.183123535,1.333270874,0.980879960,-0.046976172,-0.004883324,0.188795910
1718187347206749184.000000000,-0.650805786,-0.183988342,1.332958740,0.980696058,-0.047876298,-0.004203196,0.189540063
1718187347216749312.000000000,-0.657033020,-0.184870789,1.332534912,0.980648784,-0.046806352,-0.004246810,0.190050237
1718187347226749440.000000000,-0.663231445,-0.185823425,1.332278931,0.980403601,-0.047702088,-0.003344401,0.191107572
1718187347236749312.000000000,-0.669466980,-0.186739197,1.332015625,0.980307088,-0.047766675,-0.002886287,0.191593388
1718187347246749184.000000000,-0.675754944,-0.187606400,1.331700806,0.980185466,-0.047357060,-0.002272147,0.192324199
1718187347256749312.000000000,-0.682055176,-0.188478287,1.331468872,0.980056823,-0.047656638,-0.001886281,0.192909074
1718187347266749440.000000000,-0.688372498,-0.189273636,1.331238159,0.979916169,-0.047656701,-0.001413807,0.193626295
1718187347276749312.000000000,-0.694646851,-0.190046631,1.331034180,0.979783717,-0.047241888,-0.000738170,0.194400431
1718187347286749184.000000000,-0.700929321,-0.190735641,1.330856445,0.979666377,-0.047371036,-0.000256698,0.194960787
1718187347296749312.000000000,-0.707167908,-0.191374176,1.330773315,0.979445381,-0.047703781,0.000503398,0.195986838
1718187347306749440.000000000,-0.713338928,-0.191928070,1.330729614,0.979229633,-0.048068874,0.001672351,0.196966778
1718187347316749312.000000000,-0.719457031,-0.192384460,1.330735840,0.978948213,-0.048765929,0.003246439,0.198170990
1718187347326749184.000000000,-0.725550964,-0.192706223,1.330828247,0.978620829,-0.050089510,0.004099564,0.199437979
1718187347336749312.000000000,-0.731570129,-0.193013275,1.330937866,0.978314271,-0.050757922,0.005401637,0.200737748
1718187347346749440.000000000,-0.737643311,-0.193275955,1.331113403,0.977949678,-0.052013362,0.007483215,0.202121346
1718187347356749312.000000000,-0.743643433,-0.193493683,1.331371826,0.977533007,-0.053140378,0.008878549,0.203780499
1718187347366749184.000000000,-0.749706848,-0.193663116,1.331720215,0.977158723,-0.054359672,0.010452518,0.205174563
1718187347376749312.000000000,-0.755774475,-0.193832504,1.332080078,0.976772464,-0.055025948,0.011352751,0.206782046
1718187347386749440.000000000,-0.761881531,-0.194024414,1.332508301,0.976393198,-0.055665112,0.012339723,0.208339745
1718187347396749312.000000000,-0.768014282,-0.194192474,1.333070190,0.976001396,-0.057359010,0.012546919,0.209699293
1718187347406749184.000000000,-0.774179382,-0.194390488,1.333572021,0.975714651,-0.057336594,0.012846478,0.211017540
1718187347416749312.000000000,-0.780455750,-0.194572769,1.334087402,0.975639614,-0.056966821,0.011897385,0.211519685
1718187347426749440.000000000,-0.786710693,-0.194739563,1.334692993,0.975479895,-0.056966759,0.010966664,0.212305192
1718187347436749312.000000000,-0.792917725,-0.194957413,1.335397949,0.975391120,-0.057314406,0.009599106,0.212685399
1718187347446749184.000000000,-0.799061096,-0.195135330,1.336261719,0.975241311,-0.057951777,0.008045710,0.213263318
1718187347456749312.000000000,-0.805182922,-0.195261063,1.336973633,0.975204816,-0.057867386,0.007684072,0.213466363
1718187347466749440.000000000,-0.811213257,-0.195347961,1.337812256,0.975229310,-0.057490669,0.007338444,0.213468411
1718187347476749312.000000000,-0.817033386,-0.195508804,1.338615479,0.974983944,-0.057482370,0.008138130,0.214559680
1718187347486749184.000000000,-0.822773193,-0.195569946,1.339466919,0.974862085,-0.057557088,0.009054755,0.215056059
1718187347496749312.000000000,-0.828429871,-0.195674210,1.340312256,0.974657644,-0.058081088,0.010494633,0.215775175
1718187347506749440.000000000,-0.834007446,-0.195785095,1.341113892,0.974476047,-0.057800818,0.012675369,0.216552153
1718187347516749312.000000000,-0.839515564,-0.196068817,1.341821045,0.974189948,-0.058932657,0.013217992,0.217499822
1718187347526749184.000000000,-0.845035156,-0.196376221,1.342672852,0.974084674,-0.058833771,0.014483422,0.217917107
1718187347536749312.000000000,-0.850538940,-0.196677963,1.343189697,0.973973878,-0.058479795,0.019002687,0.218160253
1718187347546749440.000000000,-0.856182678,-0.197096985,1.343821289,0.974100823,-0.057423162,0.020289698,0.217757883
1718187347556749312.000000000,-0.861881653,-0.197559677,1.344360840,0.974175700,-0.056267235,0.022093452,0.217549035
1718187347566749184.000000000,-0.867651062,-0.198094360,1.344810181,0.974314990,-0.055299980,0.024277018,0.216939713
1718187347576749312.000000000,-0.873453491,-0.198648621,1.345290771,0.974571919,-0.054323910,0.025807755,0.215852839
1718187347586749440.000000000,-0.879296509,-0.199324203,1.345710083,0.974814244,-0.053489766,0.026026999,0.214938666
1718187347596749312.000000000,-0.885099976,-0.200136414,1.346106812,0.974804860,-0.052582732,0.026258393,0.215176760
1718187347606749184.000000000,-0.890932861,-0.200823853,1.346379883,0.975169239,-0.051227249,0.024907552,0.214010137
1718187347616749312.000000000,-0.896726379,-0.201717377,1.346842529,0.975144136,-0.052196235,0.023970406,0.213997398
1718187347626749440.000000000,-0.902551575,-0.202526749,1.347195923,0.975336069,-0.051662795,0.022522211,0.213408663
1718187347636749312.000000000,-0.908226624,-0.203392609,1.347525513,0.975235970,-0.051619330,0.021058615,0.214025193
1718187347646749184.000000000,-0.913857300,-0.204165237,1.347737305,0.975308345,-0.049857119,0.018973606,0.214307963
1718187347656749312.000000000,-0.919376526,-0.204994247,1.348178345,0.975149327,-0.051885397,0.017339997,0.214688191
1718187347666749440.000000000,-0.924839050,-0.205790253,1.348453125,0.975135409,-0.052387666,0.016099755,0.214726023
1718187347676749312.000000000,-0.930261719,-0.206540207,1.348546509,0.975185394,-0.051656673,0.014885692,0.214763709
1718187347686749184.000000000,-0.935555847,-0.207376968,1.348784790,0.975111134,-0.052542988,0.014211445,0.214931492
1718187347696749312.000000000,-0.940796753,-0.208246689,1.348885498,0.974985862,-0.053321257,0.014037403,0.215319213
1718187347706749440.000000000,-0.946006714,-0.209138687,1.348827026,0.974871896,-0.053428294,0.014277343,0.215792403
1718187347716749312.000000000,-0.951165527,-0.210239059,1.348753784,0.974719742,-0.053574270,0.014600510,0.216420995
1718187347726749184.000000000,-0.956340881,-0.211523071,1.348775757,0.974582522,-0.054560385,0.014859731,0.216774676
1718187347736749312.000000000,-0.961539063,-0.212832275,1.348497314,0.974360893,-0.054656481,0.015808738,0.217677752
1718187347746749440.000000000,-0.966749023,-0.214299744,1.348192017,0.974387608,-0.053563277,0.016240098,0.217798126
1718187347756749312.000000000,-0.971880676,-0.215871902,1.347657471,0.974301258,-0.051614269,0.017513308,0.218555051
1718187347766749184.000000000,-0.977069580,-0.217574219,1.347226807,0.974240845,-0.051210241,0.018291193,0.218855477
1718187347776749312.000000000,-0.982392761,-0.219319168,1.346713623,0.974154957,-0.049388961,0.018786027,0.219613149
1718187347786749440.000000000,-0.987684021,-0.221153656,1.346210449,0.974168708,-0.047946399,0.019104205,0.219844266
1718187347796749312.000000000,-0.992971252,-0.223085999,1.345846191,0.974111184,-0.048085255,0.018429783,0.220126221
1718187347806749184.000000000,-0.998316895,-0.224930969,1.345004639,0.974143152,-0.047825163,0.021014062,0.219809649
1718187347816749312.000000000,-1.003736267,-0.226864807,1.344437256,0.974142542,-0.047577887,0.021087956,0.219858934
1718187347826749440.000000000,-1.009167908,-0.228855743,1.343895142,0.974056520,-0.048575116,0.020942491,0.220035829
1718187347836749312.000000000,-1.014704468,-0.230869400,1.343226196,0.974230452,-0.047532813,0.019556655,0.219620570
1718187347846749184.000000000,-1.022582520,-0.231141357,1.344348999,0.974003800,-0.047474073,0.020804884,0.220522032
1718187347856749312.000000000,-1.025936768,-0.235024063,1.341838745,0.974281506,-0.047862541,0.018561828,0.219408711
1718187347866749440.000000000,-1.031516357,-0.237237534,1.341184692,0.974155413,-0.048170731,0.017642736,0.219976241
1718187347876749312.000000000,-1.037290405,-0.239464935,1.340491333,0.974390044,-0.047727261,0.016509319,0.219120043
1718187347886749184.000000000,-1.042999878,-0.241723389,1.339841187,0.974442960,-0.047892641,0.015253363,0.218939599
1718187347896749312.000000000,-1.048703613,-0.243997086,1.339229980,0.974514001,-0.048077267,0.014243183,0.218650795
1718187347906749440.000000000,-1.054402588,-0.246275848,1.338634155,0.974586405,-0.048245854,0.013447376,0.218341120
1718187347916749312.000000000,-1.060050049,-0.248571701,1.338142334,0.974611033,-0.050138044,0.012731840,0.217847220
1718187347926749184.000000000,-1.065745239,-0.250833755,1.337503296,0.974805578,-0.049657158,0.012128289,0.217120143
1718187347936749312.000000000,-1.071419800,-0.253128143,1.336967529,0.974894173,-0.050219292,0.011673851,0.216617394
1718187347946749440.000000000,-1.077099365,-0.255452240,1.336431885,0.975017254,-0.050927694,0.011599038,0.215900871
1718187347956749312.000000000,-1.082724854,-0.257896912,1.336021729,0.975035262,-0.052405635,0.011816079,0.215453634
1718187347966749184.000000000,-1.088414795,-0.260313477,1.335431152,0.975250924,-0.051384586,0.011799422,0.214723154
1718187347976749312.000000000,-1.094064331,-0.262912201,1.335074951,0.975310466,-0.052989319,0.012479500,0.214023104
1718187347986749440.000000000,-1.099845215,-0.265438995,1.334494629,0.975517573,-0.050729097,0.012399711,0.213631155
1718187347996749312.000000000,-1.105538818,-0.268163452,1.334070557,0.975768717,-0.050957270,0.012947103,0.212393833
1718187348006749184.000000000,-1.111295288,-0.270906189,1.333540039,0.975884959,-0.051600366,0.015115161,0.211559640
1718187348016749312.000000000,-1.117108398,-0.273683838,1.333014526,0.976314556,-0.050057954,0.015332134,0.209926215
1718187348026749440.000000000,-1.122976563,-0.276498566,1.332554443,0.976568201,-0.051215293,0.017363496,0.208302788
1718187348036749312.000000000,-1.128877075,-0.279251831,1.331993408,0.976969158,-0.050549289,0.018542817,0.206475660
1718187348046749184.000000000,-1.134833984,-0.281968933,1.331443115,0.977507194,-0.049362625,0.019531773,0.204111556
1718187348056749312.000000000,-1.140778931,-0.284729645,1.331080200,0.977959282,-0.050342407,0.020696088,0.201576179
1718187348066749440.000000000,-1.146761597,-0.287420593,1.330658813,0.978485088,-0.049922547,0.021480212,0.199030831
1718187348076749312.000000000,-1.152749268,-0.290141296,1.330468140,0.979059689,-0.050944990,0.021089022,0.195964249
1718187348086749184.000000000,-1.158782715,-0.292627655,1.329836548,0.979596868,-0.049059952,0.022492451,0.193590257
1718187348096749312.000000000,-1.164739136,-0.295249298,1.329665039,0.980086379,-0.050402923,0.022151377,0.190786665
1718187348106749440.000000000,-1.170781982,-0.297723724,1.329233521,0.980639252,-0.048999469,0.022437881,0.188261126
1718187348116749312.000000000,-1.176811279,-0.300253021,1.329038452,0.981088841,-0.049580875,0.023130321,0.185664781
1718187348126749184.000000000,-1.182839355,-0.302828552,1.328975464,0.981546980,-0.051119899,0.022217065,0.182917151
1718187348136749312.000000000,-1.188931396,-0.305197052,1.328676880,0.982041806,-0.050165162,0.022204243,0.180511274
1718187348146749440.000000000,-1.195032715,-0.307612823,1.328580200,0.982615753,-0.049744012,0.020206108,0.177717553
1718187348156749312.000000000,-1.201170654,-0.309957153,1.328476807,0.983080647,-0.049243323,0.019554955,0.175342920
1718187348166749184.000000000,-1.207282593,-0.312276794,1.328508789,0.983675855,-0.048672539,0.016673523,0.172437788
1718187348176749312.000000000,-1.213456299,-0.314044861,1.328577148,0.983559057,-0.045641358,0.012551749,0.174272491
1718187348186749440.000000000,-1.219505249,-0.316664581,1.328751343,0.984621469,-0.048569060,0.012241406,0.167367131
1718187348196749312.000000000,-1.225473145,-0.318704590,1.328795288,0.985023690,-0.048006518,0.010472773,0.165269555
1718187348206749184.000000000,-1.231354614,-0.320752777,1.329003662,0.985335479,-0.048665908,0.008976612,0.163294347
1718187348216749312.000000000,-1.237211548,-0.322497681,1.328859985,0.985672833,-0.046836545,0.008463253,0.161814024
1718187348226749440.000000000,-1.242980469,-0.324370941,1.329254150,0.985855081,-0.050376079,0.007041560,0.159694792
1718187348236749312.000000000,-1.248743042,-0.325927948,1.329206909,0.986036382,-0.051185446,0.008042724,0.158264392
1718187348246749184.000000000,-1.254439819,-0.327351196,1.329089233,0.986383919,-0.050307225,0.007903708,0.156376082
1718187348256749312.000000000,-1.260135254,-0.328965637,1.329513550,0.986588848,-0.054759900,0.007425634,0.153585993
1718187348266749440.000000000,-1.265824219,-0.330183075,1.329334717,0.986835036,-0.054086187,0.008109365,0.152202278
1718187348276749312.000000000,-1.271400391,-0.331554474,1.329507446,0.986960873,-0.057462810,0.009246946,0.150069167
1718187348286749184.000000000,-1.277114136,-0.332809570,1.329736328,0.987336665,-0.059386867,0.008609056,0.146851609
1718187348296749312.000000000,-1.282818970,-0.333838226,1.329652954,0.987688743,-0.059609418,0.009432873,0.144321467
1718187348306749440.000000000,-1.288604980,-0.334910065,1.329933716,0.987924013,-0.062649482,0.009418939,0.141394730
1718187348316749312.000000000,-1.294340454,-0.336061157,1.330392822,0.988217957,-0.064340406,0.008670913,0.138601573
1718187348326749184.000000000,-1.300223755,-0.336827271,1.330304565,0.988617375,-0.063558155,0.006937950,0.136190719
1718187348336749312.000000000,-1.306087891,-0.337875977,1.330823242,0.988733505,-0.066488948,0.005998549,0.133974972
1718187348346749440.000000000,-1.311933838,-0.338773682,1.331170532,0.989097126,-0.065732261,0.002720794,0.131752581
1718187348356749312.000000000,-1.317752563,-0.339741913,1.331751587,0.989133501,-0.068340037,0.001866968,0.130157868
1718187348366749184.000000000,-1.323576294,-0.340487396,1.332010376,0.989245897,-0.068552782,0.001701654,0.129190461
1718187348376749312.000000000,-1.329378540,-0.341178070,1.332246216,0.989562250,-0.066864188,0.000412341,0.127654075
1718187348386749440.000000000,-1.335132324,-0.342046448,1.332881714,0.989585067,-0.069816703,-0.000455951,0.125884137
1718187348396749312.000000000,-1.340908203,-0.342610199,1.333081421,0.989750914,-0.069746388,-0.000058381,0.124613667
1718187348406749184.000000000,-1.345589233,-0.342886078,1.333261353,0.989381824,-0.068176780,0.001090794,0.128352417
1718187348416749312.000000000,-1.351363525,-0.343338348,1.333668335,0.989471184,-0.069274036,-0.000068112,0.127074308
1718187348426749440.000000000,-1.358414307,-0.344432007,1.333722168,0.990113925,-0.071332027,0.002091157,0.120755060
1718187348436749312.000000000,-1.364408691,-0.344762024,1.333377441,0.990384579,-0.068798846,0.003924129,0.119957097
1718187348446749184.000000000,-1.369647827,-0.344759399,1.333363403,0.989730083,-0.067199509,0.002053450,0.126152182
1718187348456749312.000000000,-1.376617920,-0.346006348,1.333530640,0.990444809,-0.070952569,0.005702238,0.118119847
1718187348466749440.000000000,-1.382935547,-0.346340454,1.333045044,0.990605780,-0.070257215,0.005921652,0.117171013
1718187348476749312.000000000,-1.389286011,-0.346774323,1.332823120,0.990819513,-0.069644090,0.004604482,0.115780790
1718187348486749184.000000000,-1.395713623,-0.347092102,1.332410034,0.991055088,-0.067878477,0.004333807,0.114819611
1718187348496749312.000000000,-1.402068237,-0.347441589,1.332145752,0.991023571,-0.069318503,0.005090671,0.114198565
1718187348506749440.000000000,-1.408519043,-0.347683716,1.331892212,0.991102613,-0.070198963,0.005350659,0.112956123
1718187348516749312.000000000,-1.414964966,-0.347598083,1.331301636,0.991198049,-0.069959248,0.007185684,0.112162819
1718187348526749184.000000000,-1.421374512,-0.347464294,1.330854736,0.991394775,-0.070223990,0.006862908,0.110262831
1718187348536749312.000000000,-1.427774536,-0.347235596,1.330444458,0.991380326,-0.071076263,0.010247803,0.109581918
1718187348546749440.000000000,-1.434214844,-0.346940063,1.330051880,0.991542522,-0.073263851,0.008634210,0.106776801
1718187348556749312.000000000,-1.440667236,-0.346370392,1.329349731,0.991602469,-0.074264261,0.010625624,0.105339734
1718187348566749184.000000000,-1.445848145,-0.345590393,1.328763184,0.991282714,-0.072201767,0.013987807,0.109315265
1718187348576749312.000000000,-1.453755981,-0.345411957,1.328200195,0.991921048,-0.074925954,0.011630083,0.101702887
1718187348586749440.000000000,-1.459344482,-0.344647186,1.327577026,0.991465258,-0.075009106,0.012216716,0.105929356
1718187348596749312.000000000,-1.466271727,-0.344347969,1.327063671,0.991490263,-0.076811812,0.013727761,0.104204376
1718187348606749184.000000000,-1.474031372,-0.344322937,1.326596313,0.991820499,-0.079130779,0.014669369,0.099071827
1718187348616749312.000000000,-1.480940674,-0.344013763,1.326023560,0.991877168,-0.078951537,0.014971152,0.098601232
1718187348626749440.000000000,-1.487918579,-0.343546783,1.325304443,0.992059315,-0.077157892,0.015383674,0.098123989
1718187348636749312.000000000,-1.494922363,-0.343146088,1.324791504,0.992132126,-0.076570681,0.015825344,0.097776957
1718187348646749184.000000000,-1.501964600,-0.342656189,1.324301880,0.992177283,-0.075740723,0.017479517,0.097683414
1718187348656749312.000000000,-1.509002075,-0.342006378,1.323949463,0.992269024,-0.074388495,0.019658041,0.097376058
1718187348666749440.000000000,-1.515984741,-0.341280365,1.323678467,0.992397054,-0.075317124,0.018257078,0.095614318
1718187348676749312.000000000,-1.522849731,-0.340384918,1.323388062,0.992514268,-0.074330094,0.019626311,0.094896116
1718187348686749184.000000000,-1.528931030,-0.338730255,1.323074097,0.992034856,-0.072228400,0.020503963,0.101140946
1718187348696749312.000000000,-1.536756226,-0.338200714,1.323075928,0.992582249,-0.075337325,0.023409842,0.092502678
1718187348706749440.000000000,-1.543691162,-0.336829407,1.322845703,0.992702748,-0.074129923,0.025333260,0.091674608
1718187348716749312.000000000,-1.548808472,-0.335191284,1.322640747,0.992664092,-0.070751145,0.031971592,0.092682760
1718187348726749184.000000000,-1.557395386,-0.334399597,1.322881958,0.992424715,-0.077309629,0.028856431,0.091014903
1718187348736749312.000000000,-1.564367554,-0.332976929,1.322748901,0.992255366,-0.077399315,0.031912398,0.091761834
1718187348746749440.000000000,-1.571376221,-0.331641815,1.322801636,0.992180243,-0.077565291,0.033115096,0.092007506
1718187348756749312.000000000,-1.578410400,-0.330286194,1.322922119,0.992274699,-0.077040842,0.032717814,0.091570603
1718187348766749184.000000000,-1.584662231,-0.328289001,1.322811035,0.991978049,-0.071939521,0.030896616,0.099245422
1718187348776749312.000000000,-1.591446289,-0.326890991,1.323389282,0.991706409,-0.074455279,0.030209868,0.100310382
1718187348786749440.000000000,-1.600017700,-0.325566376,1.323235474,0.992889937,-0.071864966,0.032800396,0.089045682
1718187348796749312.000000000,-1.605961060,-0.323811005,1.323607056,0.992019974,-0.072884090,0.031996637,0.097777792
1718187348806749184.000000000,-1.613054810,-0.322389954,1.324171509,0.992241124,-0.075133207,0.030813065,0.094144078
1718187348816749312.000000000,-1.619998169,-0.320634705,1.323895386,0.992685107,-0.069196344,0.029019942,0.094583227
1718187348826749440.000000000,-1.627429688,-0.318780548,1.325021484,0.992537433,-0.076502962,0.027249674,0.090962606
1718187348836749312.000000000,-1.634103882,-0.316867340,1.324917969,0.992776954,-0.072779911,0.026705542,0.091563189
1718187348846749184.000000000,-1.642344849,-0.315348602,1.326008179,0.992993533,-0.079083040,0.024951460,0.084185153
1718187348856749312.000000000,-1.649067871,-0.313523438,1.326653931,0.993023474,-0.078563522,0.024924797,0.084326198
1718187348866749440.000000000,-1.655638306,-0.311483032,1.327047607,0.992937095,-0.080551266,0.024259920,0.083659278
1718187348876749312.000000000,-1.662102783,-0.309544647,1.327517578,0.992949478,-0.080469512,0.024690359,0.083464831
1718187348886749184.000000000,-1.667155151,-0.307154388,1.327413208,0.992822080,-0.074747877,0.026187917,0.089617333
1718187348896749312.000000000,-1.673827759,-0.305295105,1.328468140,0.992684069,-0.079066217,0.026958891,0.087178499
1718187348906749440.000000000,-1.681137939,-0.303769104,1.329055298,0.993045913,-0.079711444,0.028287551,0.081888425
1718187348916749312.000000000,-1.687407349,-0.301810516,1.329404053,0.993079290,-0.079371748,0.030517818,0.081008104
1718187348926749184.000000000,-1.693818970,-0.299813538,1.329799438,0.993292907,-0.078401585,0.031788478,0.078815513
1718187348936749312.000000000,-1.700082642,-0.297997559,1.330210571,0.993465487,-0.077850215,0.032174474,0.077009566
1718187348946749440.000000000,-1.706490601,-0.296079956,1.330548584,0.993757994,-0.076875827,0.031722295,0.074356250
1718187348956749312.000000000,-1.713060547,-0.294037048,1.330813110,0.994221097,-0.074944627,0.031278823,0.070209321
1718187348966749184.000000000,-1.719399414,-0.292149139,1.331098022,0.994581771,-0.073320421,0.029754187,0.067423322
1718187348976749312.000000000,-1.725732910,-0.290203796,1.331435547,0.994927851,-0.071804793,0.028551462,0.064400755
1718187348986749440.000000000,-1.731945801,-0.288221588,1.331799683,0.995207997,-0.071024333,0.026889693,0.061591646
1718187348996749312.000000000,-1.738070435,-0.286166504,1.332185669,0.995411954,-0.070642496,0.025734187,0.059181341
1718187349006749184.000000000,-1.744070313,-0.284018005,1.332547852,0.995587743,-0.070489063,0.024601290,0.056842892
1718187349016749312.000000000,-1.749934082,-0.281781677,1.332864014,0.995747596,-0.070362865,0.023945985,0.054427778
1718187349026749440.000000000,-1.755776611,-0.279393768,1.333152466,0.995838717,-0.071058624,0.024315115,0.051620701
1718187349036749312.000000000,-1.761381226,-0.277087524,1.333427490,0.995842167,-0.072219142,0.024684472,0.049733796
1718187349046749184.000000000,-1.766832886,-0.274856354,1.333636719,0.995787834,-0.073304583,0.025045506,0.049048452
1718187349056749312.000000000,-1.772354980,-0.272578583,1.333797363,0.995732375,-0.074714597,0.025695864,0.047691608
1718187349066749440.000000000,-1.777906372,-0.270365417,1.333885376,0.995665249,-0.075958569,0.026618365,0.046609768
1718187349076749312.000000000,-1.783528809,-0.268250519,1.333910645,0.995613169,-0.076914191,0.027501185,0.045632326
1718187349086749184.000000000,-1.789233154,-0.266198486,1.333788818,0.995528725,-0.077893084,0.028713640,0.045063871
1718187349096749312.000000000,-1.795472900,-0.263994385,1.333432373,0.995896687,-0.075249029,0.028544088,0.041383668
1718187349106749440.000000000,-1.801322510,-0.262318604,1.333236206,0.995856966,-0.075806109,0.028906729,0.041069929
1718187349116749312.000000000,-1.807349243,-0.260687073,1.332879761,0.995976309,-0.074901527,0.028988714,0.039756856
1718187349126749184.000000000,-1.813582520,-0.259009369,1.332371826,0.996172922,-0.073347710,0.028832981,0.037792609
1718187349136749312.000000000,-1.820095093,-0.257320343,1.331927490,0.996660047,-0.068773643,0.027636341,0.034280738
1718187349146749440.000000000,-1.826441162,-0.255605316,1.331155762,0.996722056,-0.069193754,0.027286930,0.031824380
1718187349156749312.000000000,-1.832792969,-0.254012115,1.330507935,0.996867429,-0.068316254,0.027097741,0.029222107
1718187349166749184.000000000,-1.838969482,-0.252575363,1.329941162,0.996876936,-0.068777975,0.027123129,0.027754278
1718187349176749312.000000000,-1.845387329,-0.251038498,1.329302856,0.997078619,-0.067414732,0.026284454,0.024466479
1718187349186749440.000000000,-1.851753906,-0.249399384,1.328526123,0.997060440,-0.067700872,0.027679678,0.022823359
1718187349196749312.000000000,-1.858364380,-0.247646378,1.327717651,0.997207268,-0.066521953,0.027747086,0.019560006
1718187349206749184.000000000,-1.864797852,-0.246108688,1.327029053,0.997218704,-0.066856270,0.027824399,0.017632293
1718187349216749312.000000000,-1.871237427,-0.244601105,1.326381226,0.997214321,-0.067242013,0.028043029,0.015990576
1718187349226749440.000000000,-1.877704468,-0.243117294,1.325740112,0.997211733,-0.067620038,0.028122448,0.014332415
1718187349236749312.000000000,-1.884202393,-0.241647583,1.325106201,0.997187952,-0.068199972,0.028392251,0.012602845
1718187349246749184.000000000,-1.890695435,-0.240203354,1.324501099,0.997164076,-0.068656113,0.028819914,0.010934133
1718187349256749312.000000000,-1.897208862,-0.238807251,1.324062256,0.997059866,-0.070348337,0.028746530,0.009816903
1718187349266749440.000000000,-1.903713013,-0.237411209,1.323565186,0.997024870,-0.070980186,0.029096184,0.007525517
1718187349276749312.000000000,-1.910222656,-0.235993423,1.322969849,0.997057661,-0.070624141,0.029355325,0.005149437
1718187349286749184.000000000,-1.916820557,-0.234546616,1.322452881,0.997015473,-0.071041008,0.030086146,0.002854073
1718187349296749312.000000000,-1.923412598,-0.233107819,1.321933716,0.996964700,-0.071373467,0.031097076,0.000432277
1718187349306749440.000000000,-1.930030151,-0.231665970,1.321417725,0.996895264,-0.071770027,0.032318523,-0.002099857
1718187349316749312.000000000,-1.936534912,-0.230082382,1.320969604,0.996875004,-0.071947089,0.032458532,-0.003207156
1718187349326749184.000000000,-1.943160645,-0.228643356,1.320485229,0.996825169,-0.071990085,0.033557938,-0.005556528
1718187349336749312.000000000,-1.949888184,-0.227270844,1.320084229,0.996898044,-0.070895657,0.033098480,-0.008519716
1718187349346749440.000000000,-1.956612671,-0.225838791,1.319569092,0.996873733,-0.070357551,0.034352886,-0.010604447
1718187349356749312.000000000,-1.963338257,-0.224355667,1.318899292,0.996738279,-0.070151124,0.037960492,-0.012272938
1718187349366749184.000000000,-1.970136108,-0.223003616,1.318385376,0.996797962,-0.069535080,0.036283060,-0.015563878
1718187349376749312.000000000,-1.976936279,-0.221569931,1.317813110,0.996756159,-0.068835602,0.037526687,-0.018181496
1718187349386749440.000000000,-1.983854004,-0.219982910,1.317298828,0.996811115,-0.065795022,0.040075358,-0.020798598
1718187349396749312.000000000,-1.990695923,-0.218357635,1.316559448,0.996664064,-0.064892155,0.043716131,-0.023208888
1718187349406749184.000000000,-1.997460693,-0.216572754,1.315936279,0.996551583,-0.062429142,0.046348071,-0.028972401
1718187349416749312.000000000,-2.004380737,-0.214811005,1.315341064,0.996453829,-0.060923255,0.047701425,-0.033055969
1718187349426749440.000000000,-2.011289795,-0.212973038,1.314803101,0.996307024,-0.059656204,0.049072629,-0.037487697
1718187349436749312.000000000,-2.018226563,-0.211033325,1.314280762,0.996170596,-0.058322403,0.049929923,-0.041828739
1718187349446749184.000000000,-2.025123779,-0.209028030,1.313804688,0.995986035,-0.057327910,0.050795344,-0.046315887
1718187349456749312.000000000,-2.031997681,-0.206911743,1.313405029,0.995803162,-0.056590775,0.051016257,-0.050703924
1718187349466749440.000000000,-2.038856323,-0.204666916,1.313082886,0.995605950,-0.055971710,0.050758535,-0.055313023
1718187349476749312.000000000,-2.045712524,-0.202400726,1.313032227,0.995517141,-0.055211544,0.047685156,-0.060194960
1718187349486749184.000000000,-2.052411133,-0.199918228,1.312811401,0.995201033,-0.056023345,0.048885052,-0.063612418
1718187349496749312.000000000,-2.059185547,-0.197439682,1.313022705,0.995170862,-0.052999055,0.049464704,-0.066176264
1718187349506749440.000000000,-2.065827148,-0.194992966,1.313040039,0.994728331,-0.056620996,0.043838621,-0.073401543
1718187349516749312.000000000,-2.071935059,-0.192029694,1.313253906,0.994568470,-0.059173425,0.043808160,-0.073572478
1718187349526749184.000000000,-2.078177979,-0.189271469,1.313518799,0.994325919,-0.060100597,0.042707140,-0.076681058
1718187349536749312.000000000,-2.084267822,-0.186445557,1.313799194,0.994076200,-0.060550355,0.042328949,-0.079714634
1718187349546749440.000000000,-2.090159912,-0.183595871,1.314083496,0.993789185,-0.061027206,0.042795114,-0.082627565
1718187349556749312.000000000,-2.095921387,-0.180694489,1.314357910,0.993485088,-0.061048864,0.044099494,-0.085531583
1718187349566749184.000000000,-2.101699951,-0.177774429,1.314787354,0.993244110,-0.060300671,0.042617824,-0.089519205
1718187349576749312.000000000,-2.107292725,-0.174689133,1.314826660,0.992853284,-0.059867783,0.047060646,-0.091888528
1718187349586749440.000000000,-2.113000732,-0.171618240,1.315015747,0.992523535,-0.059014651,0.048295444,-0.095298758
1718187349596749312.000000000,-2.116244141,-0.168662506,1.313389893,0.992612079,-0.055704542,0.044788638,-0.098042042
1718187349606749184.000000000,-2.121739990,-0.165351639,1.313306030,0.992472697,-0.053112061,0.046192900,-0.100216119
1718187349616749312.000000000,-2.129119360,-0.161821753,1.314813245,0.991804427,-0.055418045,0.045480736,-0.105755954
1718187349626749440.000000000,-2.136168213,-0.158264740,1.316035400,0.990961328,-0.058587240,0.045004636,-0.111972163
1718187349636749312.000000000,-2.141854492,-0.154718536,1.316049561,0.990385342,-0.059189655,0.047223580,-0.115773021
1718187349646749184.000000000,-2.147812012,-0.150955429,1.316515137,0.990100907,-0.059689623,0.044275258,-0.119067397
1718187349656749312.000000000,-2.151574951,-0.147304428,1.315077026,0.990339267,-0.053106637,0.040723094,-0.121447317
1718187349666749440.000000000,-2.156951416,-0.143747879,1.315212158,0.989446922,-0.057411367,0.040496158,-0.126723258
1718187349676749312.000000000,-2.162643066,-0.139903061,1.315887085,0.988717058,-0.060878811,0.038848577,-0.131236952
1718187349686749184.000000000,-2.167677979,-0.135854523,1.315959717,0.988543284,-0.059929124,0.040744993,-0.132402873
1718187349696749312.000000000,-2.173149658,-0.131738266,1.316423706,0.987853510,-0.061384179,0.040555897,-0.136867249
1718187349706749440.000000000,-2.178343506,-0.127635483,1.316781128,0.987369251,-0.062200331,0.041311895,-0.139736925
1718187349716749312.000000000,-2.183475586,-0.123460007,1.317072754,0.986911693,-0.062727985,0.042400485,-0.142382260
1718187349726749184.000000000,-2.188677979,-0.119106171,1.317375366,0.986292165,-0.064063465,0.043980438,-0.145565652
1718187349736749312.000000000,-2.193814941,-0.114758560,1.317512939,0.985854910,-0.064124886,0.044415279,-0.148342097
1718187349746749440.000000000,-2.199177734,-0.110315994,1.317679199,0.985309133,-0.064411351,0.044937195,-0.151650056
1718187349756749312.000000000,-2.204390869,-0.105868416,1.317609741,0.984879179,-0.063446870,0.045769397,-0.154572507
1718187349766749184.000000000,-2.210057861,-0.100967445,1.317595215,0.983836338,-0.062667763,0.046566857,-0.161153153
1718187349776749312.000000000,-2.215030273,-0.096809822,1.317066772,0.983947188,-0.060057375,0.045499341,-0.161774080
1718187349786749440.000000000,-2.220638428,-0.091951584,1.316962891,0.983171653,-0.059627668,0.046279475,-0.166361813
1718187349796749312.000000000,-2.225876953,-0.087326279,1.316462646,0.982577436,-0.059532469,0.047086300,-0.169647715
1718187349806749184.000000000,-2.231478027,-0.082077721,1.316268433,0.981702571,-0.057003135,0.048572278,-0.175075524
1718187349816749312.000000000,-2.236828857,-0.076946259,1.315838501,0.980932809,-0.056144516,0.049290906,-0.179412999
1718187349826749440.000000000,-2.242303467,-0.071941216,1.315656006,0.980045512,-0.058097975,0.050974586,-0.183131133
1718187349836749312.000000000,-2.247145996,-0.066533981,1.314780273,0.979512546,-0.054236941,0.051912928,-0.186865125
1718187349846749184.000000000,-2.252030029,-0.061181076,1.313966553,0.979282000,-0.051605990,0.049933133,-0.189341669
1718187349856749312.000000000,-2.257383545,-0.055253345,1.313616333,0.977897607,-0.052851340,0.053869741,-0.194989892
1718187349866749440.000000000,-2.262435547,-0.049472069,1.313152954,0.977167940,-0.052563898,0.053231854,-0.198862322
1718187349876749312.000000000,-2.267616699,-0.043615772,1.312938354,0.976214568,-0.055285944,0.057336703,-0.201645935
1718187349886749184.000000000,-2.272347168,-0.037645905,1.312111938,0.975830700,-0.053160936,0.054684630,-0.204787577
1718187349896749312.000000000,-2.277246338,-0.031594664,1.311755981,0.975058045,-0.054849743,0.056477678,-0.207517678
1718187349906749440.000000000,-2.282214355,-0.025455408,1.311554688,0.974030201,-0.057531805,0.057164807,-0.211394048
1718187349916749312.000000000,-2.286858887,-0.019258062,1.311037354,0.973477510,-0.058504639,0.059376264,-0.213056811
1718187349926749184.000000000,-2.291469238,-0.013063711,1.310618286,0.972963603,-0.057349182,0.057455953,-0.216221443
1718187349936749312.000000000,-2.296195068,-0.006731549,1.310446045,0.972237558,-0.057994439,0.060504107,-0.218472032
1718187349946749440.000000000,-2.300695557,-0.000437929,1.310236084,0.971537127,-0.058513630,0.061559869,-0.221138303
1718187349956749312.000000000,-2.306570313,0.006670673,1.311576294,0.971680144,-0.056960228,0.061447320,-0.220946731
1718187349966749184.000000000,-2.310800781,0.012994186,1.311263672,0.971156063,-0.055517073,0.060684858,-0.223810420
1718187349976749312.000000000,-2.315112305,0.019366367,1.311206177,0.970524955,-0.055637827,0.061910670,-0.226169876
1718187349986749440.000000000,-2.319338379,0.025703209,1.311171631,0.969933519,-0.055304633,0.063079043,-0.228454374
1718187349996749312.000000000,-2.323418945,0.031986893,1.311167847,0.969484675,-0.055226541,0.064897669,-0.229864715
1718187350006749184.000000000,-2.327513916,0.038316643,1.311228149,0.969014195,-0.054950141,0.066540555,-0.231439684
1718187350016749312.000000000,-2.331511475,0.044747711,1.311365967,0.968203903,-0.052500794,0.069276058,-0.234575567
1718187350026749440.000000000,-2.335639648,0.050880310,1.311421021,0.967965422,-0.053057239,0.070479578,-0.235075521
1718187350036749312.000000000,-2.339707275,0.057164608,1.311571045,0.967370998,-0.051989428,0.072527976,-0.237128961
1718187350046749184.000000000,-2.343819824,0.063447178,1.311771118,0.966785685,-0.050482166,0.074437648,-0.239240519
1718187350056749312.000000000,-2.347884521,0.069655495,1.311932617,0.966325124,-0.048685215,0.075517279,-0.241127859
1718187350066749440.000000000,-2.352012207,0.075885201,1.312063477,0.965771508,-0.047795905,0.076017578,-0.243356270
1718187350076749312.000000000,-2.356189697,0.082147461,1.312241577,0.965245290,-0.046038807,0.076123356,-0.245738056
1718187350086749184.000000000,-2.360358398,0.088438744,1.312448730,0.964641468,-0.044598453,0.075875357,-0.248436604
1718187350096749312.000000000,-2.364533447,0.094734444,1.312703125,0.963958483,-0.043498165,0.075137786,-0.251488104
1718187350106749440.000000000,-2.368725586,0.101064339,1.313004517,0.963269354,-0.042953714,0.073772160,-0.254607145
1718187350116749312.000000000,-2.372870605,0.107412415,1.313367310,0.962530143,-0.042834599,0.072389951,-0.257799567
1718187350126749184.000000000,-2.376894043,0.113719162,1.313692993,0.961932634,-0.042747293,0.070583287,-0.260530757
1718187350136749312.000000000,-2.380976318,0.120098763,1.314164795,0.961202083,-0.043855568,0.069034450,-0.263441624
1718187350146749440.000000000,-2.384751465,0.126322746,1.314487061,0.960570602,-0.043756101,0.068145741,-0.265980602
1718187350156749312.000000000,-2.388478516,0.132556778,1.314848267,0.960043504,-0.043921287,0.067459163,-0.268023603
1718187350166749184.000000000,-2.392124023,0.138732483,1.315244019,0.959449901,-0.044035927,0.067480276,-0.270116893
1718187350176749312.000000000,-2.395608887,0.144812424,1.315537964,0.958995402,-0.043042341,0.067194656,-0.271955976
1718187350186749440.000000000,-2.399083496,0.150901215,1.315928467,0.958412901,-0.042164960,0.067733439,-0.274005489
1718187350196749312.000000000,-2.402457764,0.156956635,1.316296753,0.957837274,-0.040670819,0.068062309,-0.276154237
1718187350206749184.000000000,-2.405800049,0.163004196,1.316684692,0.957204616,-0.039168831,0.068235214,-0.278512265
1718187350216749312.000000000,-2.409127441,0.169098053,1.317083496,0.956468347,-0.037579892,0.068420238,-0.281202283
1718187350226749440.000000000,-2.412447021,0.175268112,1.317494385,0.955706403,-0.036187746,0.067545215,-0.284171362
1718187350236749312.000000000,-2.415613037,0.181365387,1.317814331,0.954928102,-0.034546189,0.066760839,-0.287161752
1718187350246749184.000000000,-2.418919434,0.187638748,1.318275269,0.953897493,-0.033972364,0.065693401,-0.290877685
1718187350256749312.000000000,-2.422116455,0.193936111,1.318692017,0.952858638,-0.033782476,0.064534344,-0.294541133
1718187350266749440.000000000,-2.425233154,0.200240356,1.319119751,0.951849842,-0.034019791,0.062964167,-0.298094023
1718187350276749312.000000000,-2.428195557,0.206519394,1.319534790,0.950941565,-0.034295109,0.061155811,-0.301320347
1718187350286749184.000000000,-2.431147217,0.212871490,1.320005615,0.949757198,-0.035223819,0.060321276,-0.305093249
1718187350296749312.000000000,-2.433941162,0.219146530,1.320525879,0.948610842,-0.036220450,0.060348485,-0.308518410
1718187350306749440.000000000,-2.436558838,0.225337433,1.320998169,0.947553684,-0.037000383,0.060271703,-0.311673403
1718187350316749312.000000000,-2.439067383,0.231435333,1.321449097,0.946558275,-0.037580613,0.060534131,-0.314564378
1718187350326749184.000000000,-2.441556641,0.237467102,1.321875732,0.945545041,-0.037689939,0.061327847,-0.317431786
1718187350336749312.000000000,-2.444078613,0.243524231,1.322390259,0.944202855,-0.038542003,0.063998078,-0.320779876
1718187350346749440.000000000,-2.446438965,0.249328369,1.322621216,0.943587780,-0.038020024,0.063796233,-0.322686565
1718187350356749312.000000000,-2.448921875,0.255139496,1.322831055,0.942574572,-0.037625015,0.064742348,-0.325493415
1718187350366749184.000000000,-2.451547363,0.260911865,1.323043457,0.941752013,-0.037145984,0.065539642,-0.327761922
1718187350376749312.000000000,-2.454238281,0.266621002,1.323131104,0.940843432,-0.036987225,0.066011158,-0.330284889
1718187350386749440.000000000,-2.457061035,0.272246674,1.323131714,0.940083661,-0.035912232,0.065621060,-0.332636285
1718187350396749312.000000000,-2.460003662,0.277879395,1.323125854,0.939257595,-0.035206051,0.065481013,-0.335064084
1718187350406749184.000000000,-2.462982910,0.283438843,1.323038208,0.938429635,-0.033990896,0.064807136,-0.337630677
1718187350416749312.000000000,-2.466006348,0.288982391,1.322887695,0.937544634,-0.032640288,0.064545726,-0.340262427
1718187350426749440.000000000,-2.469117432,0.294596130,1.322788818,0.936748461,-0.030213783,0.064368367,-0.342704188
1718187350436749312.000000000,-2.472158691,0.300121948,1.322577271,0.935655919,-0.028724868,0.064074211,-0.345857453
1718187350446749184.000000000,-2.475223633,0.305666199,1.322368652,0.934596275,-0.026605380,0.064162376,-0.348862646
1718187350456749312.000000000,-2.478295166,0.311235413,1.322100586,0.933453788,-0.024823270,0.064219083,-0.352028038
1718187350466749440.000000000,-2.481410400,0.316801025,1.321795898,0.932293182,-0.022650645,0.064219142,-0.355235518
1718187350476749312.000000000,-2.484694580,0.322519806,1.321601563,0.931043361,-0.021598200,0.063991550,-0.358604042
1718187350486749184.000000000,-2.487844238,0.328136658,1.321249634,0.929728860,-0.019098954,0.065133649,-0.361935193
1718187350496749312.000000000,-2.491162842,0.333891815,1.321034912,0.928461951,-0.017805109,0.065523265,-0.365168571
1718187350506749440.000000000,-2.494401367,0.339652710,1.320717285,0.927130668,-0.016562498,0.065561029,-0.368586705
1718187350516749312.000000000,-2.497585449,0.345448090,1.320400269,0.925878897,-0.015515368,0.065711282,-0.371738575
1718187350526749184.000000000,-2.500874023,0.351402588,1.320192749,0.924308067,-0.014705410,0.066652569,-0.375494052
1718187350536749312.000000000,-2.504072266,0.357281860,1.319908569,0.923018148,-0.014365564,0.067000913,-0.378605345
1718187350546749440.000000000,-2.507319092,0.363303040,1.319681885,0.921601784,-0.014756962,0.067365307,-0.381961123
1718187350556749312.000000000,-2.510581543,0.369373962,1.319500366,0.920630923,-0.014990830,0.066843081,-0.384377394
1718187350566749184.000000000,-2.513709717,0.375380707,1.319287598,0.919303547,-0.015710035,0.067135199,-0.387462318
1718187350576749312.000000000,-2.516858398,0.381534576,1.319094727,0.917974335,-0.016320057,0.067676203,-0.390482659
1718187350586749440.000000000,-2.519913574,0.387807709,1.319061035,0.916104575,-0.017624584,0.069736564,-0.394434524
1718187350596749312.000000000,-2.522690430,0.393834442,1.318657715,0.914639462,-0.016692527,0.070303157,-0.397760581
1718187350606749184.000000000,-2.525469238,0.400037964,1.318421387,0.912493323,-0.016133392,0.072586833,-0.402277019
1718187350616749312.000000000,-2.528304443,0.406069855,1.318142822,0.911013842,-0.015499106,0.073503908,-0.405475933
1718187350626749440.000000000,-2.531058594,0.412158936,1.317839233,0.909289642,-0.014673146,0.074493891,-0.409179308
1718187350636749312.000000000,-2.533727295,0.418238068,1.317480591,0.907563544,-0.013338232,0.075341065,-0.412885250
1718187350646749184.000000000,-2.536434082,0.424292786,1.317117920,0.905930810,-0.011750395,0.075496157,-0.416475239
1718187350656749312.000000000,-2.539131104,0.430341156,1.316765991,0.904373704,-0.009678812,0.075619335,-0.419876458
1718187350666749440.000000000,-2.541800049,0.436358276,1.316416870,0.902850309,-0.007484295,0.074924519,-0.423310312
1718187350676749312.000000000,-2.544457275,0.442430634,1.316118286,0.901019863,-0.005207653,0.075070098,-0.427200851
1718187350686749184.000000000,-2.547022949,0.448533936,1.315860352,0.898773335,-0.003207876,0.075836732,-0.431792764
1718187350696749312.000000000,-2.549527832,0.454719086,1.315585205,0.896332595,-0.001317138,0.076257952,-0.436773247
1718187350706749440.000000000,-2.552031006,0.461025299,1.315384766,0.893701678,0.000090103,0.076849977,-0.442030977
1718187350716749312.000000000,-2.554552734,0.467387817,1.315234497,0.890794718,0.000911585,0.077193680,-0.447800262
1718187350726749184.000000000,-2.557103516,0.473825531,1.315087891,0.887923820,0.001167000,0.077641157,-0.453389214
1718187350736749312.000000000,-2.559695801,0.480331879,1.314993530,0.885125829,0.000978798,0.077376075,-0.458872805
1718187350746749440.000000000,-2.562308350,0.486843597,1.314900513,0.882362821,-0.000025610,0.076895265,-0.464244516
1718187350756749312.000000000,-2.564940186,0.493389954,1.314837646,0.879882967,-0.001445859,0.075995738,-0.469071980
1718187350766749184.000000000,-2.567420410,0.499828522,1.314772827,0.877229033,-0.002182142,0.075143622,-0.474149657
1718187350776749312.000000000,-2.569894043,0.506296448,1.314819580,0.874794780,-0.004111016,0.074386961,-0.478731420
1718187350786749440.000000000,-2.572262451,0.512728394,1.314899658,0.872403182,-0.005928462,0.073886569,-0.483133850
1718187350796749312.000000000,-2.574542969,0.519105347,1.315001587,0.870061709,-0.007586145,0.073534713,-0.487368155
1718187350806749184.000000000,-2.576670898,0.525423218,1.315137573,0.867768571,-0.009069834,0.073622273,-0.491401268
1718187350816749312.000000000,-2.578678711,0.531721436,1.315307251,0.865455133,-0.010445221,0.074250617,-0.495343473
1718187350826749440.000000000,-2.580565430,0.537952393,1.315471436,0.863205696,-0.011568504,0.075056891,-0.499107763
1718187350836749312.000000000,-2.582298096,0.544058289,1.315665161,0.860803327,-0.011668196,0.076131189,-0.503076065
1718187350846749184.000000000,-2.583976074,0.550120483,1.315833008,0.858560271,-0.011469108,0.077560667,-0.506682409
1718187350856749312.000000000,-2.585577637,0.556141602,1.315966187,0.856330486,-0.010578247,0.079198761,-0.510209522
1718187350866749440.000000000,-2.587114746,0.562114014,1.316046753,0.853980876,-0.009448190,0.080852796,-0.513897091
1718187350876749312.000000000,-2.588655273,0.568069031,1.316105591,0.851619603,-0.008350408,0.082215368,-0.517605018
1718187350886749184.000000000,-2.590101318,0.574181641,1.316162842,0.850271153,-0.007534101,0.082706048,-0.519751780
1718187350896749312.000000000,-2.591723633,0.580144287,1.316108765,0.847481146,-0.006171774,0.083895217,-0.524117552
1718187350906749440.000000000,-2.593360107,0.586153503,1.316061890,0.844696245,-0.005206587,0.084318517,-0.528537164
1718187350916749312.000000000,-2.595035400,0.592227905,1.315987427,0.842056205,-0.004070644,0.084505264,-0.532713467
1718187350926749184.000000000,-2.596646973,0.598260132,1.315900757,0.839320504,-0.003478980,0.083851671,-0.537119992
1718187350936749312.000000000,-2.598233643,0.604343994,1.315880127,0.836982370,-0.003605888,0.082804713,-0.540916712
1718187350946749440.000000000,-2.599673096,0.610454590,1.315847656,0.834867950,-0.003505203,0.081695217,-0.544342825
1718187350956749312.000000000,-2.601145508,0.616480530,1.315914917,0.832706941,-0.003232577,0.080602007,-0.547806551
1718187350966749184.000000000,-2.602508789,0.622449158,1.316001953,0.830509358,-0.002906127,0.079322220,-0.551320003
1718187350976749312.000000000,-2.603759033,0.628393494,1.316122070,0.828481303,-0.002478013,0.078811080,-0.554437917
1718187350986749440.000000000,-2.604873779,0.634279541,1.316253784,0.826438028,-0.001848530,0.078172387,-0.557571383
1718187350996749312.000000000,-2.605942383,0.640129150,1.316396362,0.824538590,-0.001232383,0.078196229,-0.560374826
1718187351006749184.000000000,-2.606933105,0.645957336,1.316538574,0.822808493,-0.000264613,0.077810266,-0.562966852
1718187351016749312.000000000,-2.607922607,0.651770630,1.316673096,0.821124104,0.000686054,0.077800979,-0.565421739
1718187351026749440.000000000,-2.608913330,0.657642822,1.316811401,0.819600887,0.002045624,0.077545305,-0.567659165
1718187351036749312.000000000,-2.609912598,0.663530640,1.316870239,0.818078717,0.003452176,0.077378154,-0.569866578
1718187351046749184.000000000,-2.610889404,0.669485779,1.316888550,0.816547771,0.004877907,0.076648766,-0.572145883
1718187351056749312.000000000,-2.611886719,0.675509888,1.316875244,0.814825660,0.006409613,0.076095113,-0.574654326
1718187351066749440.000000000,-2.612822510,0.681637573,1.316753784,0.813116028,0.007755174,0.075404148,-0.577145040
1718187351076749312.000000000,-2.613762939,0.687879761,1.316631714,0.811123623,0.009168393,0.075361962,-0.579926705
1718187351086749184.000000000,-2.614668457,0.694186890,1.316373657,0.809049266,0.010424913,0.074580105,-0.582896572
1718187351096749312.000000000,-2.615551270,0.700574707,1.316061523,0.806996862,0.011379347,0.074005203,-0.585789899
1718187351106749440.000000000,-2.616491699,0.707079895,1.315768677,0.804883636,0.012112061,0.073794196,-0.588702002
1718187351116749312.000000000,-2.617308350,0.713642090,1.315299438,0.802990673,0.012668191,0.073248545,-0.591337591
1718187351126749184.000000000,-2.618071289,0.720280457,1.314754395,0.801435967,0.013429231,0.072691549,-0.593494723
1718187351136749312.000000000,-2.618903076,0.726987183,1.314265991,0.799956518,0.013240794,0.072633999,-0.595498576
1718187351146749440.000000000,-2.619694580,0.733748047,1.313735229,0.798657901,0.012861304,0.072777560,-0.597229915
1718187351156749312.000000000,-2.620434326,0.740553650,1.313183105,0.797479068,0.012499680,0.072926358,-0.598792652
1718187351166749184.000000000,-2.621107422,0.747364624,1.312635742,0.796374254,0.012237850,0.073507186,-0.600195781
1718187351176749312.000000000,-2.621719482,0.754177917,1.312096313,0.795280935,0.012090208,0.074274868,-0.601552413
1718187351186749440.000000000,-2.622271729,0.760984436,1.311560913,0.794157469,0.012259990,0.075077396,-0.602931996
1718187351196749312.000000000,-2.622749756,0.767767273,1.311049927,0.792924376,0.012443778,0.075802741,-0.604458461
1718187351206749184.000000000,-2.623164551,0.774544556,1.310601196,0.791481677,0.013328569,0.076473041,-0.606243332
1718187351216749312.000000000,-2.623521240,0.781308350,1.310167358,0.790068287,0.014285679,0.077150920,-0.607976773
1718187351226749440.000000000,-2.623834229,0.788058716,1.309778931,0.788653240,0.015509948,0.077660930,-0.609716564
1718187351236749312.000000000,-2.624113770,0.794792542,1.309447876,0.787227438,0.016657646,0.077956517,-0.611488565
1718187351246749184.000000000,-2.624373535,0.801526306,1.309166016,0.785881560,0.018009767,0.078183504,-0.613150195
1718187351256749312.000000000,-2.624594971,0.808266968,1.308916748,0.784644900,0.019660554,0.078308290,-0.614665482
1718187351266749440.000000000,-2.624827637,0.814996948,1.308758789,0.783568072,0.021172456,0.078378964,-0.615978524
1718187351276749312.000000000,-2.625004639,0.821718323,1.308640747,0.782412417,0.022837240,0.078257099,-0.617401892
1718187351286749184.000000000,-2.625134521,0.828425049,1.308557007,0.781361894,0.024401108,0.078046319,-0.618697784
1718187351296749312.000000000,-2.625196533,0.835140015,1.308540405,0.780126388,0.026473747,0.077859921,-0.620193351
1718187351306749440.000000000,-2.625130859,0.841862793,1.308454834,0.778735371,0.027803686,0.076764319,-0.622017216
1718187351316749312.000000000,-2.625043701,0.848606812,1.308570313,0.777255422,0.029655778,0.076923791,-0.623760591
1718187351326749184.000000000,-2.624942139,0.855357910,1.308809326,0.775632081,0.031616014,0.077501005,-0.625610819
1718187351336749312.000000000,-2.624718506,0.862158142,1.309018677,0.773829421,0.032654900,0.077219085,-0.627820753
1718187351346749440.000000000,-2.624437988,0.868976135,1.309170532,0.771952034,0.033313868,0.076316758,-0.630203138
1718187351356749312.000000000,-2.624191650,0.875832520,1.309507813,0.770194511,0.033638100,0.075817232,-0.632392790
1718187351366749184.000000000,-2.623951416,0.882728333,1.309894165,0.768403011,0.033223060,0.075049954,-0.634681452
1718187351376749312.000000000,-2.623693359,0.889664734,1.310356445,0.766671727,0.032191654,0.074389606,-0.636902149
1718187351386749440.000000000,-2.623378662,0.896602234,1.310893066,0.765023656,0.030529645,0.073474867,-0.639068221
1718187351396749312.000000000,-2.622982422,0.903505371,1.311519531,0.763368152,0.028497598,0.072836512,-0.641211193
1718187351406749184.000000000,-2.622436768,0.910327942,1.312141357,0.761599054,0.025770523,0.072117915,-0.643507395
1718187351416749312.000000000,-2.621872070,0.917063721,1.312939697,0.759847174,0.023900788,0.073089947,-0.645537670
1718187351426749440.000000000,-2.621159424,0.923626282,1.313692993,0.758135056,0.022110103,0.073728309,-0.647538815
1718187351436749312.000000000,-2.620345215,0.930029358,1.314507813,0.756420932,0.020818172,0.075354664,-0.649396375
1718187351446749184.000000000,-2.619465820,0.936258667,1.315272705,0.754937053,0.020046401,0.076859202,-0.650969162
1718187351456749312.000000000,-2.618544189,0.942310303,1.316097656,0.753479376,0.020213256,0.079296192,-0.652359080
1718187351466749440.000000000,-2.617652100,0.948262878,1.316886353,0.752270400,0.020754551,0.081246662,-0.653496346
1718187351476749312.000000000,-2.616779541,0.954092224,1.317637451,0.751020083,0.022023045,0.082688053,-0.654711010
1718187351486749184.000000000,-2.615972412,0.959808105,1.318356812,0.750055637,0.023733144,0.083942766,-0.655596592
1718187351496749312.000000000,-2.615256348,0.965501709,1.319029175,0.748793578,0.025417014,0.084456959,-0.656908803
1718187351506749440.000000000,-2.614611084,0.971135437,1.319623657,0.747513923,0.027407313,0.084240171,-0.658312515
1718187351516749312.000000000,-2.614058594,0.976783630,1.320186401,0.746002103,0.029332908,0.083595283,-0.660024448
1718187351526749184.000000000,-2.613551025,0.982416687,1.320650635,0.744287482,0.030810126,0.082280498,-0.662054983
1718187351536749312.000000000,-2.613126709,0.988063293,1.321051636,0.742444606,0.031853442,0.080396751,-0.664302437
1718187351546749440.000000000,-2.612950195,0.993741455,1.321585205,0.740681459,0.032868208,0.079117846,-0.666371536
1718187351556749312.000000000,-2.612561279,0.999385925,1.321865601,0.738514851,0.032893261,0.076804263,-0.669040323
1718187351566749184.000000000,-2.612167480,1.005013733,1.322090454,0.736303651,0.032278031,0.074586456,-0.671752873
1718187351576749312.000000000,-2.611736816,1.010591492,1.322285767,0.733994221,0.031444365,0.072204602,-0.674574111
1718187351586749440.000000000,-2.611270996,1.016058105,1.322510254,0.731835367,0.030449559,0.070320114,-0.677159436
1718187351596749312.000000000,-2.610728027,1.021401550,1.322749146,0.729755968,0.029602315,0.068920309,-0.679580695
1718187351606749184.000000000,-2.610097412,1.026620483,1.322993774,0.727638282,0.028925984,0.068230346,-0.681946067
1718187351616749312.000000000,-2.609383057,1.031688477,1.323268921,0.725611024,0.028754263,0.068046839,-0.684128250
1718187351626749440.000000000,-2.608604492,1.036599731,1.323585815,0.723778359,0.028785064,0.068675799,-0.686002873
1718187351636749312.000000000,-2.607804199,1.041409912,1.323891357,0.721995192,0.029264510,0.069311539,-0.687795349
1718187351646749184.000000000,-2.606988770,1.046107178,1.324219604,0.720098832,0.030219692,0.070232071,-0.689646213
1718187351656749312.000000000,-2.606176758,1.050737671,1.324541870,0.718218093,0.031170736,0.071213726,-0.691462046
1718187351666749440.000000000,-2.605394043,1.055312866,1.324824341,0.716269929,0.032795155,0.072013318,-0.693322398
1718187351676749312.000000000,-2.604652100,1.059910645,1.325046143,0.714239312,0.034072486,0.072490812,-0.695303065
1718187351686749184.000000000,-2.604010010,1.064525757,1.325245850,0.712199314,0.035411572,0.072924824,-0.697280523
1718187351696749312.000000000,-2.603460938,1.069213501,1.325369263,0.710032809,0.036703564,0.072674635,-0.699445964
1718187351706749440.000000000,-2.603043213,1.073976196,1.325419189,0.707911830,0.037646057,0.072155934,-0.701596135
1718187351716749312.000000000,-2.602723633,1.078829224,1.325366699,0.705851515,0.038269346,0.071051593,-0.703747659
1718187351726749184.000000000,-2.602518066,1.083780762,1.325259399,0.703615287,0.038812720,0.069739928,-0.706084586
1718187351736749312.000000000,-2.602416748,1.088820190,1.325060059,0.701393396,0.038816205,0.067854927,-0.708474640
1718187351746749440.000000000,-2.602364746,1.093934326,1.324799805,0.699117501,0.038792599,0.066163519,-0.710881314
1718187351756749312.000000000,-2.602371338,1.099104248,1.324455933,0.696976566,0.038664603,0.064362251,-0.713152309
1718187351766749184.000000000,-2.602421875,1.104313354,1.324082153,0.694602348,0.038510068,0.062600326,-0.715629619
1718187351776749312.000000000,-2.602399170,1.109521240,1.323617676,0.692330233,0.038437641,0.061271282,-0.717946534
1718187351786749440.000000000,-2.602577148,1.114791382,1.323221069,0.690137898,0.038663351,0.060409450,-0.720114939
1718187351796749312.000000000,-2.602743164,1.120148682,1.322583252,0.687881499,0.038162881,0.058185115,-0.722479848
1718187351806749184.000000000,-2.602925049,1.125499878,1.321990967,0.685739532,0.038098804,0.056856536,-0.724622046
1718187351816749312.000000000,-2.603116455,1.130903931,1.321359009,0.683583884,0.038110952,0.055479728,-0.726761742
1718187351826749440.000000000,-2.603311035,1.136326416,1.320709229,0.681433307,0.038145959,0.054547041,-0.728847141
1718187351836749312.000000000,-2.603510254,1.141762817,1.320039307,0.679284216,0.038154917,0.053506361,-0.730926963
1718187351846749184.000000000,-2.603846191,1.147256226,1.319465088,0.677196398,0.038808941,0.053065535,-0.732859436
1718187351856749312.000000000,-2.603977783,1.152722534,1.318789307,0.674621842,0.038977988,0.052339286,-0.735273205
1718187351866749440.000000000,-2.604096924,1.158208252,1.318106689,0.671978488,0.039110813,0.051773890,-0.737722658
1718187351876749312.000000000,-2.604230469,1.163717163,1.317436279,0.669021904,0.039134854,0.051032013,-0.740455190
1718187351886749184.000000000,-2.604486328,1.169340210,1.316739868,0.666030823,0.038849563,0.049706638,-0.743251576
1718187351896749312.000000000,-2.604718018,1.174903320,1.316144043,0.663059005,0.038861067,0.048847825,-0.745960095
1718187351906749440.000000000,-2.604850342,1.180356445,1.315403198,0.661044998,0.037396649,0.047130294,-0.747930302
1718187351916749312.000000000,-2.605382813,1.186027344,1.315050049,0.657977217,0.037934110,0.046931353,-0.750616036
1718187351926749184.000000000,-2.605749268,1.191632202,1.314591309,0.655383863,0.038244920,0.046567129,-0.752888319
1718187351936749312.000000000,-2.606125488,1.197360718,1.314271484,0.651802026,0.039882384,0.047546187,-0.755845801
1718187351946749440.000000000,-2.606534912,1.203006104,1.313857910,0.649021978,0.040059050,0.047074295,-0.758254413
1718187351956749312.000000000,-2.607206787,1.208737671,1.313586426,0.646559693,0.040481877,0.046546479,-0.760365179
1718187351966749184.000000000,-2.607632324,1.214329956,1.313060669,0.644176048,0.039098574,0.044860809,-0.762558869
1718187351976749312.000000000,-2.608237793,1.220058960,1.312784546,0.641230879,0.039012523,0.044895921,-0.765039437
1718187351986749440.000000000,-2.609000000,1.225849854,1.312669800,0.638279139,0.039166878,0.045294326,-0.767472553
1718187351996749312.000000000,-2.609784424,1.231639160,1.312628784,0.634999009,0.038282667,0.046286314,-0.770174184
1718187352006749184.000000000,-2.610370117,1.237472412,1.312279907,0.632125007,0.037163289,0.045690456,-0.772624907
1718187352016749312.000000000,-2.611244141,1.243359253,1.312088135,0.629041802,0.036915280,0.045072261,-0.775185245
1718187352026749440.000000000,-2.612114502,1.249296509,1.312148193,0.625163550,0.037799713,0.045958457,-0.778222037
1718187352036749312.000000000,-2.613059082,1.255161377,1.311920044,0.621678421,0.036354291,0.044762332,-0.781147003
1718187352046749184.000000000,-2.614113037,1.260832520,1.312052734,0.619567455,0.035561029,0.044942403,-0.782848492
1718187352056749312.000000000,-2.615039307,1.266513062,1.312001343,0.617489238,0.035576106,0.043842593,-0.784550323
1718187352066749440.000000000,-2.616113770,1.272173584,1.312141235,0.615397575,0.035130079,0.043038167,-0.786256586
1718187352076749312.000000000,-2.617512207,1.277675659,1.312504883,0.613887391,0.035263105,0.042397357,-0.787465077
1718187352086749184.000000000,-2.618586182,1.283241089,1.312586182,0.611714516,0.036197950,0.040039439,-0.789235011
1718187352096749312.000000000,-2.619466797,1.288562744,1.312692871,0.608171696,0.035250108,0.039188220,-0.792053597
1718187352106749440.000000000,-2.620658447,1.294043823,1.312964844,0.604854565,0.035975836,0.036863223,-0.794668357
1718187352116749312.000000000,-2.621605225,1.299413574,1.313266113,0.601732135,0.036328625,0.034951764,-0.797105415
1718187352126749184.000000000,-2.622587402,1.304744263,1.313645874,0.598054224,0.036008986,0.034404981,-0.799906742
1718187352136749312.000000000,-2.623123047,1.309956177,1.313781616,0.594451779,0.035944791,0.032570808,-0.802666928
1718187352146749440.000000000,-2.623751465,1.315121460,1.314041260,0.590976304,0.035184661,0.031619176,-0.805300736
1718187352156749312.000000000,-2.624449219,1.320226074,1.314457397,0.587802512,0.034320306,0.033082101,-0.807598847
1718187352166749184.000000000,-2.624709961,1.325308960,1.314765869,0.583853173,0.036336434,0.034649670,-0.810305212
1718187352176749312.000000000,-2.625074951,1.330260376,1.315023315,0.580317591,0.036449935,0.036919810,-0.812736011
1718187352186749440.000000000,-2.625109131,1.335112671,1.315055298,0.577104167,0.037798719,0.038337460,-0.814894028
1718187352196749312.000000000,-2.625106934,1.339891113,1.314842773,0.573613173,0.037454203,0.038130719,-0.817380670
1718187352206749184.000000000,-2.624990234,1.344577637,1.314813110,0.570574308,0.039379491,0.041654879,-0.819242995
1718187352216749312.000000000,-2.624883057,1.349305908,1.314844482,0.567356122,0.042778240,0.045524859,-0.821099592
1718187352226749440.000000000,-2.624784180,1.353893921,1.314712280,0.565540468,0.044630969,0.048135106,-0.822104049
1718187352236749312.000000000,-2.624722412,1.358632324,1.314473633,0.563140207,0.046522321,0.050324413,-0.823514563
1718187352246749184.000000000,-2.624435791,1.363438843,1.314092041,0.559401335,0.047920130,0.051593024,-0.825900701
1718187352256749312.000000000,-2.623906982,1.368120605,1.313814819,0.557876235,0.049888167,0.055327666,-0.826573727
1718187352266749440.000000000,-2.623565430,1.372992432,1.313393311,0.555322649,0.050285752,0.057169671,-0.828142335
1718187352276749312.000000000,-2.623274658,1.377901489,1.313025391,0.553448879,0.050680941,0.058795318,-0.829258037
1718187352286749184.000000000,-2.622731689,1.382881348,1.312485718,0.550360347,0.048899999,0.059792956,-0.831346547
1718187352296749312.000000000,-2.622239502,1.387896240,1.312112915,0.547880044,0.045948582,0.060941287,-0.833068031
1718187352306749440.000000000,-2.621948975,1.393067505,1.311838501,0.545232479,0.045398729,0.061552895,-0.834788441
1718187352316749312.000000000,-2.621123047,1.397815308,1.311395020,0.542487666,0.043710507,0.061965905,-0.836634180
1718187352326749184.000000000,-2.620457764,1.402706909,1.311121460,0.539446538,0.041955644,0.062461421,-0.838651136
1718187352336749312.000000000,-2.619722656,1.407547852,1.310928589,0.536480192,0.040642660,0.062465987,-0.840615952
1718187352346749440.000000000,-2.619018311,1.412307007,1.310893921,0.533800313,0.040826832,0.062713954,-0.842292916
1718187352356749312.000000000,-2.618255859,1.416920288,1.310858643,0.531288271,0.040747440,0.062251779,-0.843917730
1718187352366749184.000000000,-2.617441895,1.421479370,1.310827271,0.528716766,0.041289583,0.061601834,-0.845552462
1718187352376749312.000000000,-2.616541016,1.425977295,1.310827393,0.525818513,0.042260512,0.060713212,-0.847374089
1718187352386749440.000000000,-2.615603271,1.430469971,1.310857300,0.523209912,0.043962377,0.059959664,-0.848954378
1718187352396749312.000000000,-2.614766602,1.435092285,1.310860840,0.520738810,0.045374777,0.058489683,-0.850500546
1718187352406749184.000000000,-2.613535889,1.439557007,1.310855713,0.517683312,0.047111565,0.058495635,-0.852269177
1718187352416749312.000000000,-2.612506348,1.444334351,1.310810425,0.515375733,0.048128083,0.057867438,-0.853652682
1718187352426749440.000000000,-2.611058350,1.448878906,1.310550415,0.512033515,0.047981600,0.056729995,-0.855745963
1718187352436749312.000000000,-2.609830078,1.453785278,1.310320068,0.509868528,0.048224166,0.056390272,-0.857046469
1718187352446749184.000000000,-2.608556641,1.458823853,1.310028198,0.507584419,0.048189283,0.055794997,-0.858442059
1718187352456749312.000000000,-2.607201416,1.463929077,1.309645508,0.505094802,0.047973180,0.055240521,-0.859957150
1718187352466749440.000000000,-2.605769043,1.469138794,1.309207764,0.502721420,0.047443907,0.055194805,-0.861379001
1718187352476749312.000000000,-2.604466309,1.474405884,1.308754639,0.500768513,0.047091384,0.055014481,-0.862546639
1718187352486749184.000000000,-2.602709961,1.479496582,1.308213989,0.497946490,0.047409833,0.055974527,-0.864099793
1718187352496749312.000000000,-2.601098389,1.484679932,1.307673584,0.495639765,0.047980721,0.056249224,-0.865375698
1718187352506749440.000000000,-2.599399658,1.489813965,1.307081421,0.493166397,0.048664720,0.056586151,-0.866727556
1718187352516749312.000000000,-2.597695068,1.494953247,1.306481812,0.490689697,0.049705516,0.056721832,-0.868064293
1718187352526749184.000000000,-2.595918701,1.500130127,1.305834473,0.488059914,0.050205563,0.056759576,-0.869514389
1718187352536749312.000000000,-2.594166016,1.505339355,1.305226196,0.485735075,0.051343952,0.056785370,-0.870747184
1718187352546749440.000000000,-2.592412354,1.510632080,1.304579346,0.483669306,0.051794032,0.056474744,-0.871889892
1718187352556749312.000000000,-2.590581543,1.515937012,1.303901245,0.481676235,0.052097753,0.055978319,-0.873006447
1718187352566749184.000000000,-2.588804688,1.521340454,1.303294312,0.479874962,0.052199861,0.055234642,-0.874039089
1718187352576749312.000000000,-2.586980957,1.526784424,1.302630493,0.478177120,0.052348372,0.054574846,-0.875001644
1718187352586749440.000000000,-2.585142090,1.532266968,1.301984741,0.476473195,0.052141237,0.053668263,-0.875999032
1718187352596749312.000000000,-2.583284424,1.537750244,1.301377319,0.474983114,0.052279061,0.052874247,-0.876847909
1718187352606749184.000000000,-2.581353027,1.543255859,1.300791870,0.473476966,0.052285884,0.051456570,-0.877745960
1718187352616749312.000000000,-2.579394043,1.548710815,1.300237549,0.471780473,0.052627873,0.050626514,-0.878686775
1718187352626749440.000000000,-2.577338623,1.554138550,1.299732788,0.469693002,0.052762540,0.049843822,-0.879841004
1718187352636749312.000000000,-2.575240234,1.559491455,1.299279297,0.467735012,0.053641948,0.048583672,-0.880900747
1718187352646749184.000000000,-2.573072510,1.564791626,1.298844604,0.465316430,0.054172644,0.047659134,-0.882198703
1718187352656749312.000000000,-2.570833740,1.570072388,1.298487915,0.462905443,0.055409429,0.046569705,-0.883447570
1718187352666749440.000000000,-2.568541260,1.575287598,1.298126099,0.460375898,0.055795539,0.046358394,-0.884755215
1718187352676749312.000000000,-2.566175293,1.580481812,1.297843994,0.457640524,0.056143259,0.046199785,-0.886159503
1718187352686749184.000000000,-2.563770264,1.585670410,1.297580566,0.455088139,0.055813736,0.046873820,-0.887458426
1718187352696749312.000000000,-2.561342773,1.590858887,1.297442383,0.452993909,0.055729640,0.047880086,-0.888480851
1718187352706749440.000000000,-2.558853271,1.595973877,1.297304443,0.450598562,0.054883571,0.049290745,-0.889673621
1718187352716749312.000000000,-2.556358398,1.601072998,1.297306885,0.448742350,0.054550499,0.050987542,-0.890536252
1718187352726749184.000000000,-2.553824951,1.606096069,1.297359009,0.446455358,0.053809238,0.053114909,-0.891605847
1718187352736749312.000000000,-2.551271973,1.611060181,1.297506104,0.444246314,0.053322880,0.054892696,-0.892630201
1718187352746749440.000000000,-2.548643555,1.615897583,1.297696411,0.441744665,0.052811449,0.055816344,-0.893844023
1718187352756749312.000000000,-2.546172607,1.620842041,1.298028564,0.440050868,0.052498498,0.057451019,-0.894594054
1718187352766749184.000000000,-2.543669678,1.625693970,1.298434448,0.438055486,0.052235635,0.058614321,-0.895512809
1718187352776749312.000000000,-2.541108887,1.630411377,1.298854370,0.435744979,0.051962807,0.059670104,-0.896585556
1718187352786749440.000000000,-2.538585693,1.635133423,1.299322754,0.433508168,0.051351896,0.060727060,-0.897633486
1718187352796749312.000000000,-2.536096191,1.639749878,1.299827637,0.431127111,0.050682014,0.060983053,-0.898800209
1718187352806749184.000000000,-2.533630859,1.644331787,1.300404297,0.429112438,0.050714379,0.061155015,-0.899750316
1718187352816749312.000000000,-2.531230957,1.648866333,1.301012573,0.427500208,0.050784515,0.060779751,-0.900538909
1718187352826749440.000000000,-2.528878418,1.653384033,1.301615845,0.426061509,0.050822422,0.059810244,-0.901283200
1718187352836749312.000000000,-2.526609375,1.657884399,1.302270264,0.424841712,0.051474463,0.058639439,-0.901898728
1718187352846749184.000000000,-2.524355713,1.662310425,1.302896240,0.423416185,0.051615337,0.056761727,-0.902680839
1718187352856749312.000000000,-2.522143555,1.666751831,1.303540527,0.422418690,0.052469847,0.054958259,-0.903210360
1718187352866749440.000000000,-2.519883545,1.671097778,1.304165649,0.420732503,0.053454175,0.052658912,-0.904076242
1718187352876749312.000000000,-2.517627197,1.675419189,1.304758789,0.418935126,0.053978762,0.050194300,-0.905019440
1718187352886749184.000000000,-2.515156006,1.679635010,1.305269409,0.416179732,0.054440568,0.048545037,-0.906352048
1718187352896749312.000000000,-2.513008789,1.683935425,1.305849121,0.413685648,0.054120748,0.045907742,-0.907649497
1718187352906749440.000000000,-2.510734131,1.688121582,1.306551270,0.410775330,0.052947218,0.046649779,-0.909001661
1718187352916749312.000000000,-2.508421875,1.692432739,1.306849487,0.407704495,0.051345297,0.043222442,-0.910644017
1718187352926749184.000000000,-2.505770264,1.696479248,1.307366211,0.403905230,0.050380345,0.043810190,-0.912361252
1718187352936749312.000000000,-2.503292480,1.700524536,1.307870728,0.400607497,0.048751244,0.044479441,-0.913870083
1718187352946749440.000000000,-2.500849609,1.704516724,1.308400757,0.397616118,0.047221497,0.045656697,-0.915197803
1718187352956749312.000000000,-2.498401367,1.708376831,1.308949585,0.394657856,0.046393440,0.046961766,-0.916453718
1718187352966749184.000000000,-2.495964600,1.712034424,1.309607422,0.392409077,0.046414976,0.049773650,-0.917269508
1718187352976749312.000000000,-2.493718506,1.715724854,1.310077271,0.389819786,0.047110459,0.049471905,-0.918353783
1718187352986749440.000000000,-2.491446045,1.719249756,1.310603394,0.387467791,0.048117871,0.050159992,-0.919259135
1718187352996749312.000000000,-2.489300049,1.722713379,1.311169434,0.385631853,0.049704053,0.050491590,-0.919928356
1718187353006749184.000000000,-2.487152588,1.726119019,1.311667236,0.383461456,0.051632484,0.050645581,-0.920720600
1718187353016749312.000000000,-2.485102295,1.729523560,1.312168335,0.381820479,0.053481976,0.050392103,-0.921310716
1718187353026749440.000000000,-2.483043701,1.732960327,1.312623169,0.379708064,0.055001851,0.049402753,-0.922147467
1718187353036749312.000000000,-2.481059326,1.736456177,1.313064209,0.377724765,0.056102474,0.047908897,-0.922974134
1718187353046749184.000000000,-2.478937500,1.739972778,1.313409546,0.374947827,0.057162645,0.046394620,-0.924118011
1718187353056749312.000000000,-2.476863770,1.743658081,1.314006714,0.372138711,0.057713357,0.047421310,-0.925166562
1718187353066749440.000000000,-2.474982666,1.747475708,1.314288574,0.369007153,0.057391950,0.044202372,-0.926599177
1718187353076749312.000000000,-2.473059326,1.751316528,1.314514893,0.365579215,0.056615695,0.041253063,-0.928140445
1718187353086749184.000000000,-2.471066162,1.755137817,1.314712891,0.362037900,0.055918273,0.038050787,-0.929706321
1718187353096749312.000000000,-2.468958496,1.758972778,1.314744141,0.357923821,0.054847628,0.035073095,-0.931478477
1718187353106749440.000000000,-2.466840088,1.762810425,1.314745605,0.353901471,0.053922688,0.032188626,-0.933172002
1718187353116749312.000000000,-2.464490479,1.766491333,1.314569702,0.348680628,0.052010020,0.029037766,-0.935346773
1718187353126749184.000000000,-2.462307617,1.770382935,1.314464722,0.345069103,0.052595730,0.026907875,-0.936716056
1718187353136749312.000000000,-2.460071289,1.774283447,1.314270996,0.341244966,0.053282005,0.025135946,-0.938126369
1718187353146749440.000000000,-2.457759033,1.778150269,1.314000854,0.337618807,0.053463853,0.024202454,-0.939451648
1718187353156749312.000000000,-2.455302734,1.782027466,1.313580200,0.334377261,0.054638203,0.025847044,-0.940499040
1718187353166749184.000000000,-2.452904541,1.785851196,1.313258301,0.330406414,0.054561214,0.024057271,-0.941953249
1718187353176749312.000000000,-2.450332031,1.789647949,1.312912476,0.327499983,0.054978613,0.026595598,-0.942875277
1718187353186749440.000000000,-2.447890381,1.793614380,1.312280640,0.323702918,0.055839552,0.025609803,-0.944162329
1718187353196749312.000000000,-2.445360352,1.797559082,1.311733032,0.320687339,0.056665780,0.026588847,-0.945114624
1718187353206749184.000000000,-2.442831299,1.801587402,1.310998535,0.317446164,0.056569209,0.027503588,-0.946187830
1718187353216749312.000000000,-2.440550537,1.805514282,1.310590210,0.314093246,0.059705734,0.029673699,-0.947048114
1718187353226749440.000000000,-2.437820068,1.809445313,1.309938354,0.310544605,0.060513651,0.031242520,-0.948116054
1718187353236749312.000000000,-2.435059326,1.813457886,1.309076782,0.308411466,0.062757389,0.033674255,-0.948583113
1718187353246749184.000000000,-2.432949219,1.817488037,1.308755371,0.302828767,0.062704792,0.033907240,-0.950375266
1718187353256749312.000000000,-2.430583740,1.821611328,1.308200562,0.298622271,0.063702088,0.035037808,-0.951598201
1718187353266749440.000000000,-2.428305176,1.825784668,1.307702881,0.294236558,0.064253367,0.035566862,-0.952906790
1718187353276749312.000000000,-2.426103271,1.829989990,1.307221924,0.290081183,0.064859094,0.035703828,-0.954133870
1718187353286749184.000000000,-2.423835693,1.834243286,1.306713623,0.287273327,0.065799359,0.035656474,-0.954920466
1718187353296749312.000000000,-2.421827637,1.838553711,1.306396973,0.282780533,0.065690420,0.034841679,-0.956298069
1718187353306749440.000000000,-2.419904541,1.842874146,1.306020996,0.278874543,0.065418786,0.035054829,-0.957455237
1718187353316749312.000000000,-2.418146973,1.847175415,1.305874512,0.273594228,0.064641166,0.031279599,-0.959160729
1718187353326749184.000000000,-2.416579590,1.851575562,1.305845825,0.269164510,0.060109122,0.030879723,-0.960720460
1718187353336749312.000000000,-2.415065186,1.855973511,1.305714966,0.263699243,0.060760328,0.027055693,-0.962309140
1718187353346749440.000000000,-2.413241455,1.859860718,1.305672607,0.257527199,0.058660740,0.024311555,-0.964182352
1718187353356749312.000000000,-2.411792725,1.864076660,1.305777466,0.252160933,0.059205911,0.020868009,-0.965646959
1718187353366749184.000000000,-2.410322266,1.868266357,1.305931885,0.246507011,0.058617872,0.017241273,-0.967212995
1718187353376749312.000000000,-2.408992432,1.872445679,1.306239868,0.241298792,0.059363783,0.013920239,-0.968533459
1718187353386749440.000000000,-2.407586182,1.876603882,1.306562866,0.235799169,0.059000424,0.011123707,-0.969945341
1718187353396749312.000000000,-2.406163330,1.880842163,1.306921509,0.230850396,0.058085236,0.008816832,-0.971213912
1718187353406749184.000000000,-2.404804199,1.885256348,1.307261353,0.226580017,0.058679135,0.005875855,-0.972205600
1718187353416749312.000000000,-2.403208008,1.889384521,1.307747681,0.221620502,0.056337443,0.000182462,-0.973504192
1718187353426749440.000000000,-2.402057861,1.893806152,1.308306885,0.215399063,0.054300461,-0.001669542,-0.975013803
1718187353436749312.000000000,-2.400650635,1.898287231,1.308878418,0.211148292,0.052046033,-0.003573493,-0.976060879
1718187353446749184.000000000,-2.399230225,1.902840576,1.309515259,0.207227680,0.049496670,-0.005390477,-0.977024929
1718187353456749312.000000000,-2.397784912,1.907420532,1.310254517,0.203535269,0.046454378,-0.006684094,-0.977942078
1718187353466749440.000000000,-2.396309326,1.911893433,1.311102417,0.200451678,0.043445019,-0.006943431,-0.978715201
1718187353476749312.000000000,-2.394819092,1.916362427,1.311983765,0.196815759,0.040331528,-0.007086149,-0.979584969
1718187353486749184.000000000,-2.393320068,1.920911133,1.312891724,0.191899895,0.038397119,-0.008434148,-0.980626818
1718187353496749312.000000000,-2.391837158,1.924930908,1.313956299,0.188913491,0.037096668,-0.007747210,-0.981262203
1718187353506749440.000000000,-2.390405029,1.928882080,1.315005127,0.185238051,0.036510597,-0.008032232,-0.981982344
1718187353516749312.000000000,-2.389118896,1.932815918,1.315947754,0.179696612,0.039241848,-0.012217958,-0.982863127
1718187353526749184.000000000,-2.387762451,1.936277832,1.317221191,0.176967664,0.038606132,-0.010644442,-0.983401601
1718187353536749312.000000000,-2.386459961,1.939781982,1.318285034,0.173704327,0.040986996,-0.013029339,-0.983858277
1718187353546749440.000000000,-2.385258545,1.943293335,1.319302856,0.170178216,0.043970434,-0.015731305,-0.984306102
1718187353556749312.000000000,-2.384015625,1.946865601,1.320340820,0.166965596,0.046681598,-0.018280075,-0.984687340
1718187353566749184.000000000,-2.382776123,1.949669067,1.321421509,0.163504315,0.050952412,-0.019784234,-0.985027297
1718187353576749312.000000000,-2.381488525,1.952943970,1.322363647,0.160654294,0.054136387,-0.021826665,-0.985283231
1718187353586749440.000000000,-2.380124268,1.956265869,1.323287964,0.157500257,0.056785696,-0.023416476,-0.985606779
1718187353596749312.000000000,-2.378626465,1.959711060,1.324091187,0.154733821,0.060053321,-0.025846008,-0.985790559
1718187353606749184.000000000,-2.377127197,1.963062500,1.324984497,0.152076243,0.059982090,-0.024582251,-0.986240680
1718187353616749312.000000000,-2.375475830,1.966564697,1.325716553,0.149769042,0.060875840,-0.024003287,-0.986553196
1718187353626749440.000000000,-2.373756836,1.970211060,1.326417725,0.147191693,0.061709573,-0.024177288,-0.986884995
1718187353636749312.000000000,-2.371932373,1.973257080,1.327178711,0.142394021,0.063120531,-0.023675630,-0.987511623
1718187353646749184.000000000,-2.370117920,1.976697754,1.327786011,0.139595809,0.063403824,-0.023259027,-0.987902821
1718187353656749312.000000000,-2.368403076,1.980217773,1.328329468,0.136834406,0.063737846,-0.023409430,-0.988264049
1718187353666749440.000000000,-2.366477295,1.983278320,1.328722290,0.134545474,0.059629883,-0.020714670,-0.988894683
1718187353676749312.000000000,-2.364627930,1.986764771,1.329205566,0.132450640,0.059897979,-0.020807991,-0.989159283
1718187353686749184.000000000,-2.362742920,1.990269653,1.329636963,0.130835088,0.060133310,-0.021644707,-0.989342040
1718187353696749312.000000000,-2.360827881,1.993800903,1.330033569,0.129426856,0.060097619,-0.022305551,-0.989514743
1718187353706749440.000000000,-2.358890869,1.997357300,1.330345093,0.128287324,0.059901748,-0.023743560,-0.989641544
1718187353716749312.000000000,-2.356867920,2.000944824,1.330626953,0.127470580,0.059581368,-0.025218839,-0.989729924
1718187353726749184.000000000,-2.354791992,2.004548828,1.330822632,0.126379333,0.059149872,-0.026798480,-0.989854231
1718187353736749312.000000000,-2.352615967,2.008182251,1.330936523,0.125501706,0.058565525,-0.028501790,-0.989953054
1718187353746749440.000000000,-2.350308105,2.011824585,1.330972412,0.124384658,0.057838958,-0.029839927,-0.990097314
1718187353756749312.000000000,-2.347909180,2.015465942,1.330919067,0.123058993,0.057149187,-0.031156517,-0.990262453
1718187353766749184.000000000,-2.345393555,2.019074951,1.330789673,0.121863596,0.056262884,-0.031841510,-0.990439231
1718187353776749312.000000000,-2.342735107,2.022709351,1.330582031,0.120425672,0.055585388,-0.031901610,-0.990651407
1718187353786749440.000000000,-2.339970459,2.026364380,1.330277100,0.118730992,0.054848819,-0.032379553,-0.990881488
1718187353796749312.000000000,-2.337115234,2.029945190,1.329928711,0.117161507,0.053843810,-0.032306730,-0.991125774
1718187353806749184.000000000,-2.334188721,2.033456299,1.329529663,0.115723412,0.053266948,-0.032182637,-0.991329916
1718187353816749312.000000000,-2.331177979,2.036936279,1.329096924,0.114305062,0.053066431,-0.031925078,-0.991513538
1718187353826749440.000000000,-2.328108643,2.040377197,1.328657837,0.112928757,0.053217550,-0.031488540,-0.991677095
1718187353836749312.000000000,-2.325026855,2.043739746,1.328166748,0.111739574,0.053547653,-0.031377896,-0.991797532
1718187353846749184.000000000,-2.321901367,2.047073608,1.327664673,0.110769538,0.054161838,-0.031204565,-0.991878460
1718187353856749312.000000000,-2.318712402,2.050414063,1.327122681,0.110020781,0.055289562,-0.031476471,-0.991890984
1718187353866749440.000000000,-2.315470459,2.053744385,1.326563232,0.109194166,0.056292766,-0.031728327,-0.991917876
1718187353876749312.000000000,-2.312139893,2.057093018,1.325974976,0.108847119,0.057576336,-0.031696262,-0.991883369
1718187353886749184.000000000,-2.308565186,2.060806152,1.325000854,0.108387729,0.053829525,-0.031476866,-0.992151042
1718187353896749312.000000000,-2.305068604,2.064200928,1.324383423,0.108141316,0.054411605,-0.031540115,-0.992144170
1718187353906749440.000000000,-2.301452637,2.067661133,1.323756836,0.107920315,0.055075620,-0.031409047,-0.992135754
1718187353916749312.000000000,-2.297752930,2.071145996,1.323093384,0.107478719,0.055244098,-0.031209849,-0.992180608
1718187353926749184.000000000,-2.293937744,2.074645264,1.322449829,0.107197010,0.054903048,-0.031327548,-0.992226305
1718187353936749312.000000000,-2.290036621,2.078143311,1.321804077,0.106620881,0.054621213,-0.031220077,-0.992307320
1718187353946749440.000000000,-2.286039551,2.081663818,1.321174561,0.106094309,0.054033607,-0.030733082,-0.992411127
1718187353956749312.000000000,-2.281967041,2.085130859,1.320521606,0.105400938,0.053307957,-0.030256226,-0.992538898
1718187353966749184.000000000,-2.277819336,2.088588867,1.319911987,0.104547641,0.052833143,-0.030049862,-0.992660796
1718187353976749312.000000000,-2.273624023,2.092018311,1.319297363,0.103891645,0.052381702,-0.029430706,-0.992772138
1718187353986749440.000000000,-2.269403320,2.095388184,1.318716919,0.103258539,0.051835012,-0.029343575,-0.992869458
1718187353996749312.000000000,-2.265129639,2.098716309,1.318194092,0.102904061,0.051596494,-0.029410970,-0.992916689
1718187354006749184.000000000,-2.260869629,2.101982178,1.317713745,0.102786924,0.051371345,-0.030270533,-0.992914663
1718187354016749312.000000000,-2.256590088,2.105133545,1.317292603,0.102689857,0.051439477,-0.031108159,-0.992895289
1718187354026749440.000000000,-2.252275146,2.108252441,1.316883545,0.102593103,0.051595470,-0.032714368,-0.992845573
1718187354036749312.000000000,-2.247950195,2.111220947,1.316517944,0.102320915,0.051924726,-0.034181865,-0.992807057
1718187354046749184.000000000,-2.243528564,2.114144287,1.316173462,0.101839928,0.052940072,-0.035881610,-0.992742911
1718187354056749312.000000000,-2.239013428,2.116972412,1.315808228,0.101277314,0.053356763,-0.036853805,-0.992742544
1718187354066749440.000000000,-2.234397949,2.119754639,1.315452148,0.100184680,0.054642803,-0.037864141,-0.992745436
1718187354076749312.000000000,-2.229610352,2.122550781,1.315060181,0.098846347,0.055675268,-0.037648245,-0.992830436
1718187354086749184.000000000,-2.224719238,2.125291748,1.314694458,0.097488018,0.056388645,-0.036043991,-0.992984007
1718187354096749312.000000000,-2.219710205,2.128061523,1.314277344,0.095873838,0.057138842,-0.033231965,-0.993196353
1718187354106749440.000000000,-2.214564453,2.130792236,1.313935181,0.094331981,0.057956658,-0.029406337,-0.993417219
1718187354116749312.000000000,-2.209367188,2.133541748,1.313565918,0.093144062,0.058249821,-0.024745252,-0.993639177
1718187354126749184.000000000,-2.204159912,2.136195801,1.313289307,0.092099889,0.059281447,-0.019824416,-0.993785849
1718187354136749312.000000000,-2.198989990,2.138836426,1.313048462,0.091191226,0.060823338,-0.014918470,-0.993862224
1718187354146749440.000000000,-2.193893799,2.141394287,1.312812744,0.090865388,0.062567748,-0.010134851,-0.993844074
1718187354156749312.000000000,-2.188886963,2.143897705,1.312640381,0.090841651,0.065380145,-0.006295781,-0.993696933
1718187354166749184.000000000,-2.183953613,2.146356689,1.312507813,0.091156236,0.067803847,-0.003391078,-0.993519844
1718187354176749312.000000000,-2.179151123,2.148766846,1.312390625,0.091770125,0.070453352,-0.001167459,-0.993284051
1718187354186749440.000000000,-2.174386475,2.151200928,1.312299683,0.092471486,0.072904475,0.000009065,-0.993042779
1718187354196749312.000000000,-2.169688232,2.153615967,1.312216797,0.093317558,0.074660698,0.000494341,-0.992833002
1718187354206749184.000000000,-2.165052246,2.155997559,1.312213989,0.094216385,0.075939032,-0.000115359,-0.992651259
1718187354216749312.000000000,-2.160402588,2.158329346,1.312228027,0.094672207,0.075644356,-0.000443950,-0.992630297
1718187354226749440.000000000,-2.155789063,2.160603027,1.312301147,0.094773527,0.075689090,-0.001594346,-0.992616038
1718187354236749312.000000000,-2.151163086,2.162825439,1.312392822,0.094194899,0.074416593,-0.002915178,-0.992764319
1718187354246749184.000000000,-2.146525146,2.164946777,1.312525269,0.093398629,0.073037879,-0.003358252,-0.992940525
1718187354256749312.000000000,-2.141850586,2.167002930,1.312697144,0.091653696,0.071760692,-0.004156067,-0.993193199
1718187354266749440.000000000,-2.137189209,2.168953125,1.312924683,0.089999501,0.069584359,-0.004107163,-0.993499491
1718187354276749312.000000000,-2.132709473,2.170474609,1.313529053,0.088298949,0.072632017,-0.003626285,-0.993435824
1718187354286749184.000000000,-2.127894531,2.172520996,1.313488770,0.085604430,0.067528779,-0.002567037,-0.994034786
1718187354296749312.000000000,-2.123476563,2.173798096,1.314216553,0.083935877,0.071424455,-0.001614986,-0.993906790
1718187354306749440.000000000,-2.118780029,2.175660156,1.314289795,0.081522752,0.067294983,-0.000313957,-0.994396967
1718187354316749312.000000000,-2.114572266,2.176744141,1.315141235,0.080349880,0.072495258,0.001042337,-0.994126374
1718187354326749184.000000000,-2.110124512,2.178193848,1.315628052,0.079154367,0.073218835,0.001105806,-0.994169184
1718187354336749312.000000000,-2.105879883,2.179229492,1.316136963,0.079976030,0.074799199,0.001383979,-0.993985412
1718187354346749440.000000000,-2.101691162,2.180734863,1.316707275,0.077906508,0.077133248,0.001078981,-0.993971767
1718187354356749312.000000000,-2.097435547,2.181990234,1.317163696,0.075472330,0.079758302,0.001997556,-0.993950980
1718187354366749184.000000000,-2.093185547,2.183598389,1.317757935,0.075022865,0.082059949,0.001373664,-0.993798696
1718187354376749312.000000000,-2.088833252,2.185105225,1.318290405,0.075373147,0.083128303,0.001437377,-0.993683304
1718187354386749440.000000000,-2.084473145,2.186686279,1.318736816,0.074521498,0.084679098,-0.000203513,-0.993617610
1718187354396749312.000000000,-2.080017334,2.188277832,1.319119019,0.073293175,0.085084186,-0.001600680,-0.993673100
1718187354406749184.000000000,-2.075512207,2.189934570,1.319449585,0.072218921,0.085228619,-0.002377959,-0.993737820
1718187354416749312.000000000,-2.070844238,2.191648926,1.319727417,0.071268352,0.084182790,-0.002798571,-0.993894485
1718187354426749440.000000000,-2.066011719,2.193536621,1.319837646,0.070312648,0.082285284,-0.004286632,-0.994116134
1718187354436749312.000000000,-2.061200195,2.195426758,1.319915039,0.069265683,0.080783870,-0.005239020,-0.994308194
1718187354446749184.000000000,-2.056371094,2.197406494,1.319857788,0.067663266,0.078399716,-0.007005142,-0.994598459
1718187354456749312.000000000,-2.051339111,2.199319824,1.319922485,0.066321980,0.077373689,-0.007124376,-0.994768290
1718187354466749440.000000000,-2.046225830,2.201269531,1.319821899,0.064704602,0.075773869,-0.008664758,-0.994985707
1718187354476749312.000000000,-2.040950317,2.203211670,1.319569580,0.063057946,0.074231632,-0.011036597,-0.995184181
1718187354486749184.000000000,-2.035626709,2.204895020,1.319374268,0.062127674,0.072656212,-0.010480875,-0.995364947
1718187354496749312.000000000,-2.030287964,2.206639648,1.319053101,0.060004588,0.072001118,-0.011728088,-0.995528875
1718187354506749440.000000000,-2.024862549,2.208289795,1.318712524,0.058320486,0.071158275,-0.012254128,-0.995683211
1718187354516749312.000000000,-2.019132080,2.210129639,1.318356812,0.055618158,0.071745656,-0.012697916,-0.995790111
1718187354526749184.000000000,-2.013445801,2.211842773,1.317909424,0.053559435,0.072374320,-0.012748307,-0.995856830
1718187354536749312.000000000,-2.007674194,2.213594971,1.317439819,0.051687388,0.072516805,-0.012249068,-0.995951649
1718187354546749440.000000000,-2.001824585,2.215395996,1.316912109,0.050080842,0.073187056,-0.011606047,-0.995992401
1718187354556749312.000000000,-1.995950317,2.217302490,1.316343262,0.047537899,0.074298563,-0.011953663,-0.996030613
1718187354566749184.000000000,-1.990020386,2.219158936,1.315781616,0.046140448,0.075096432,-0.011235324,-0.996044855
1718187354576749312.000000000,-1.984074951,2.220995361,1.315203003,0.044964559,0.075863903,-0.010050250,-0.996053136
1718187354586749440.000000000,-1.978163940,2.222851563,1.314695679,0.043607630,0.077462594,-0.008432716,-0.996005427
1718187354596749312.000000000,-1.972205688,2.224716553,1.314174072,0.042314971,0.078772925,-0.007727320,-0.995964135
1718187354606749184.000000000,-1.966298706,2.226603271,1.313621216,0.040604643,0.080118937,-0.007188092,-0.995932001
1718187354616749312.000000000,-1.960421021,2.228451172,1.313106445,0.038791974,0.081967445,-0.006259919,-0.995860098
1718187354626749440.000000000,-1.954620483,2.230323975,1.312611450,0.036622492,0.083385808,-0.005201594,-0.995830580
1718187354636749312.000000000,-1.948873169,2.232182861,1.312154541,0.034010458,0.084622007,-0.004739141,-0.995821242
1718187354646749184.000000000,-1.943073486,2.234022705,1.311787720,0.033420125,0.084513794,-0.006092802,-0.995843056
1718187354656749312.000000000,-1.937277588,2.236197510,1.311431030,0.030567259,0.083899928,-0.007542608,-0.995976683
1718187354666749440.000000000,-1.931546997,2.238332275,1.311116821,0.028239907,0.083173891,-0.008870528,-0.996095339
1718187354676749312.000000000,-1.925871216,2.240525146,1.310840698,0.025749185,0.082098314,-0.011073496,-0.996230006
1718187354686749184.000000000,-1.920221802,2.242718018,1.310564575,0.023260013,0.081366970,-0.014122874,-0.996312668
1718187354696749312.000000000,-1.914538086,2.244950195,1.310286377,0.020582503,0.080086915,-0.018271990,-0.996407839
1718187354706749440.000000000,-1.908920288,2.246807129,1.310221191,0.018483473,0.076951966,-0.015498779,-0.996742968
1718187354716749312.000000000,-1.903084106,2.249331055,1.310121948,0.015475427,0.075300089,-0.018713562,-0.996865192
1718187354726749184.000000000,-1.897308716,2.251673340,1.310058350,0.012168926,0.073868920,-0.020736605,-0.996978081
1718187354736749312.000000000,-1.891430176,2.253937988,1.309937012,0.008619641,0.072416862,-0.022308093,-0.997087684
1718187354746749440.000000000,-1.885498291,2.256190430,1.309829956,0.004835708,0.070799947,-0.023622331,-0.997199062
1718187354756749312.000000000,-1.879484131,2.258457031,1.309757813,0.001247156,0.069429074,-0.023984865,-0.997297736
1718187354766749184.000000000,-1.873385498,2.260801758,1.309697998,-0.003218881,0.067991480,-0.024455247,-0.997380939
1718187354776749312.000000000,-1.867239258,2.262769287,1.309599243,-0.006505427,0.064165837,-0.021767257,-0.997680616
1718187354786749440.000000000,-1.860911621,2.265284180,1.309717407,-0.009449956,0.063052749,-0.019149825,-0.997781706
1718187354796749312.000000000,-1.854485229,2.267733887,1.310040283,-0.011579728,0.063419636,-0.016280874,-0.997786948
1718187354806749184.000000000,-1.848095093,2.270024658,1.310295288,-0.013537611,0.063666323,-0.014173113,-0.997778761
1718187354816749312.000000000,-1.841776855,2.272153320,1.310544067,-0.015825941,0.061749558,-0.010037858,-0.997915714
1718187354826749440.000000000,-1.835610596,2.274050293,1.310733276,-0.017881743,0.059687157,-0.006879437,-0.998033246
1718187354836749312.000000000,-1.829513672,2.275857422,1.311021240,-0.020001918,0.059610554,-0.004579166,-0.998010790
1718187354846749184.000000000,-1.823549194,2.277515869,1.311363281,-0.022396800,0.060123280,-0.003861245,-0.997932195
1718187354856749312.000000000,-1.817746704,2.278984619,1.311717163,-0.025137586,0.061560708,-0.003886765,-0.997779171
1718187354866749440.000000000,-1.811997070,2.280331299,1.312106689,-0.028191640,0.064354166,-0.004621279,-0.997518128
1718187354876749312.000000000,-1.806355713,2.281329834,1.312450317,-0.033056809,0.066598358,-0.008333660,-0.997197301
1718187354886749184.000000000,-1.800900146,2.282413086,1.312872925,-0.035883520,0.070372517,-0.010895301,-0.996815617
1718187354896749312.000000000,-1.795385254,2.283563965,1.313162842,-0.038443822,0.074762937,-0.012018054,-0.996387546
1718187354906749440.000000000,-1.790047974,2.284569092,1.313646484,-0.041094953,0.078289769,-0.014765641,-0.995973841
1718187354916749312.000000000,-1.784602295,2.285653320,1.314270386,-0.042521253,0.077550006,-0.020015664,-0.995880170
1718187354926749184.000000000,-1.779273926,2.286656738,1.314706909,-0.044928416,0.083144349,-0.019240476,-0.995338263
1718187354936749312.000000000,-1.773991699,2.287673096,1.315111816,-0.046685651,0.083213465,-0.019212967,-0.995252145
1718187354946749440.000000000,-1.768556885,2.288731689,1.315787842,-0.048893382,0.084583039,-0.019464300,-0.995025772
1718187354956749312.000000000,-1.763161255,2.289694092,1.316438843,-0.051197715,0.084998705,-0.020554841,-0.994852508
1718187354966749184.000000000,-1.757798462,2.290582031,1.317132446,-0.054124608,0.084869117,-0.020370168,-0.994712429
1718187354976749312.000000000,-1.752495605,2.291392090,1.317807861,-0.057090486,0.084006054,-0.020322050,-0.994620869
1718187354986749440.000000000,-1.747197144,2.292136963,1.318561768,-0.060191030,0.084013281,-0.020708255,-0.994429473
1718187354996749312.000000000,-1.741922363,2.292780762,1.319314941,-0.063950352,0.083984457,-0.021078825,-0.994189442
1718187355006749184.000000000,-1.736702271,2.293376465,1.320060303,-0.067064295,0.083291842,-0.021810783,-0.994026730
1718187355016749312.000000000,-1.731589355,2.293811523,1.320935913,-0.070100067,0.083220043,-0.024209574,-0.993767730
1718187355026749440.000000000,-1.726343018,2.294354980,1.321623535,-0.072422833,0.083602566,-0.024988364,-0.993549760
1718187355036749312.000000000,-1.721111694,2.294908936,1.322254028,-0.074116523,0.082648911,-0.026051583,-0.993477334
1718187355046749184.000000000,-1.715754883,2.295451660,1.322868652,-0.075558432,0.083079897,-0.028118268,-0.993276405
1718187355056749312.000000000,-1.710361450,2.295944092,1.323342041,-0.076641222,0.082022638,-0.029280389,-0.993247738
1718187355066749440.000000000,-1.704877197,2.296456787,1.323722656,-0.076943770,0.081064537,-0.030578614,-0.993263885
1718187355076749312.000000000,-1.699328857,2.296895508,1.323971191,-0.077437804,0.080039595,-0.031917650,-0.993266487
1718187355086749184.000000000,-1.693646729,2.297292480,1.324157349,-0.077973081,0.079943108,-0.033732586,-0.993172397
1718187355096749312.000000000,-1.688022705,2.297511230,1.324021484,-0.078626225,0.080308917,-0.038891748,-0.992902728
1718187355106749440.000000000,-1.682053589,2.297807129,1.324059082,-0.080250842,0.078672959,-0.036408163,-0.992997892
1718187355116749312.000000000,-1.676074707,2.297807129,1.323832886,-0.082681261,0.078941566,-0.038427905,-0.992701030
1718187355126749184.000000000,-1.670014526,2.297869385,1.323469849,-0.084639162,0.079099968,-0.039723841,-0.992472379
1718187355136749312.000000000,-1.663863159,2.297855713,1.323034790,-0.086517248,0.080035620,-0.040957062,-0.992185257
1718187355146749440.000000000,-1.657628540,2.297870361,1.322474976,-0.088298474,0.080878012,-0.041500285,-0.991937424
1718187355156749312.000000000,-1.651241699,2.297927734,1.321747681,-0.089965086,0.080249971,-0.041417851,-0.991842118
1718187355166749184.000000000,-1.644851685,2.297922852,1.321060791,-0.091609761,0.080903590,-0.042005253,-0.991613745
1718187355176749312.000000000,-1.638359131,2.297936035,1.320328369,-0.092830395,0.081599824,-0.042205374,-0.991434664
1718187355186749440.000000000,-1.631816406,2.297977539,1.319557129,-0.093789297,0.082077944,-0.042633186,-0.991286634
1718187355196749312.000000000,-1.625249023,2.298050049,1.318720825,-0.095096422,0.083128873,-0.041711653,-0.991113716
1718187355206749184.000000000,-1.618431885,2.298142090,1.317889160,-0.094821067,0.082605207,-0.042274317,-0.991160041
1718187355216749312.000000000,-1.611618164,2.298239014,1.317015259,-0.094757182,0.083052889,-0.041992802,-0.991140706
1718187355226749440.000000000,-1.604737183,2.298342529,1.316149536,-0.094626191,0.083485182,-0.041366742,-0.991143229
1718187355236749312.000000000,-1.597776978,2.298430664,1.315324585,-0.094511094,0.083714696,-0.041389036,-0.991133922
1718187355246749184.000000000,-1.590760986,2.298573486,1.314520752,-0.094220086,0.083713018,-0.040445647,-0.991200714
1718187355256749312.000000000,-1.583706665,2.298694824,1.313764893,-0.093758996,0.082998477,-0.039674885,-0.991335668
1718187355266749440.000000000,-1.576594971,2.298836182,1.313118408,-0.093239254,0.082126525,-0.039227245,-0.991475113
1718187355276749312.000000000,-1.569475586,2.299008057,1.312544312,-0.092567460,0.081198295,-0.038670727,-0.991636363
1718187355286749184.000000000,-1.562357544,2.299126953,1.312040527,-0.091735609,0.079986515,-0.038471796,-0.991819871
1718187355296749312.000000000,-1.555238159,2.299178223,1.311608643,-0.091030489,0.078733936,-0.038890180,-0.991968735
1718187355306749440.000000000,-1.548160156,2.299186523,1.311280396,-0.090353444,0.077772435,-0.039782695,-0.992071087
1718187355316749312.000000000,-1.541077881,2.299166504,1.311049561,-0.089603564,0.076975781,-0.041453361,-0.992132828
1718187355326749184.000000000,-1.533987793,2.299045654,1.310924438,-0.089303947,0.076085764,-0.043359661,-0.992147016
1718187355336749312.000000000,-1.526918945,2.298925537,1.310855347,-0.089017543,0.075059760,-0.045435293,-0.992158023
1718187355346749440.000000000,-1.519956177,2.298967529,1.310773682,-0.092577906,0.074220902,-0.053688709,-0.991482784
1718187355356749312.000000000,-1.512728516,2.298933838,1.310847900,-0.092088500,0.073744141,-0.055878739,-0.991442926
1718187355366749184.000000000,-1.505625977,2.298878174,1.310995850,-0.091431679,0.072263457,-0.057964142,-0.991493015
1718187355376749312.000000000,-1.498123291,2.298857666,1.311244873,-0.092035984,0.073535291,-0.058270240,-0.991325637
1718187355386749440.000000000,-1.490763672,2.298853027,1.311546265,-0.091739112,0.071026711,-0.058498757,-0.991522585
1718187355396749312.000000000,-1.483100586,2.298884033,1.312097412,-0.092293449,0.070539319,-0.059219758,-0.991463133
1718187355406749184.000000000,-1.475478027,2.298838379,1.312552124,-0.092351949,0.068408591,-0.058097734,-0.991673351
1718187355416749312.000000000,-1.467880737,2.298880615,1.313053589,-0.091526846,0.066405157,-0.055276689,-0.992047216
1718187355426749440.000000000,-1.460286499,2.298924805,1.313593384,-0.090601646,0.064778731,-0.051753826,-0.992429644
1718187355436749312.000000000,-1.452694580,2.298845459,1.314241699,-0.090040292,0.063993364,-0.048496653,-0.992696162
1718187355446749184.000000000,-1.445191040,2.298751221,1.315030151,-0.089138717,0.063282655,-0.045184656,-0.992979326
1718187355456749312.000000000,-1.437810791,2.298607910,1.315870850,-0.088025780,0.063103706,-0.042016702,-0.993229068
1718187355466749440.000000000,-1.430620605,2.298320313,1.316855591,-0.087123663,0.062772728,-0.040410302,-0.993396225
1718187355476749312.000000000,-1.423580566,2.298052490,1.317842163,-0.086016749,0.063101855,-0.039258296,-0.993518022
1718187355486749184.000000000,-1.416702393,2.297701904,1.318931641,-0.085127184,0.063324847,-0.040125082,-0.993545824
1718187355496749312.000000000,-1.409965576,2.297283203,1.320068359,-0.084047255,0.063175153,-0.042344220,-0.993555195
1718187355506749440.000000000,-1.403374634,2.296889893,1.321194336,-0.083324858,0.063621587,-0.044654455,-0.993486407
1718187355516749312.000000000,-1.396776123,2.296533936,1.322331421,-0.081796957,0.063407450,-0.047960512,-0.993472970
1718187355526749184.000000000,-1.390210938,2.296111572,1.323513916,-0.081026974,0.063308762,-0.051247444,-0.993378241
1718187355536749312.000000000,-1.383698242,2.295852051,1.324571777,-0.078700007,0.061010742,-0.052991625,-0.993617575
1718187355546749440.000000000,-1.376964355,2.295433105,1.325743530,-0.078817195,0.062060759,-0.056522400,-0.993348645
1718187355556749312.000000000,-1.370219116,2.295094727,1.326820923,-0.078313371,0.060943184,-0.058124050,-0.993365260
1718187355566749184.000000000,-1.363485229,2.294859863,1.327680298,-0.076607577,0.056798590,-0.056073077,-0.993861665
1718187355576749312.000000000,-1.356557251,2.294543213,1.328617065,-0.076839883,0.055354602,-0.055775694,-0.993941936
1718187355586749440.000000000,-1.349493896,2.294196777,1.329684692,-0.078292814,0.055777864,-0.056725316,-0.993751128
1718187355596749312.000000000,-1.342545776,2.293881592,1.330526489,-0.079105600,0.053820980,-0.054806445,-0.993902339
1718187355606749184.000000000,-1.335621460,2.293503418,1.331340454,-0.080095155,0.053496994,-0.052765703,-0.993951014
1718187355616749312.000000000,-1.328762695,2.293104980,1.332119507,-0.081101661,0.052324136,-0.050552604,-0.994046850
1718187355626749440.000000000,-1.321991699,2.292694092,1.332898315,-0.081884868,0.052550484,-0.047879885,-0.994103029
1718187355636749312.000000000,-1.315350708,2.292259766,1.333651733,-0.082374963,0.052467834,-0.045790296,-0.994165349
1718187355646749184.000000000,-1.309005249,2.291915283,1.334186768,-0.082728626,0.050839989,-0.046435438,-0.994190636
1718187355656749312.000000000,-1.302630981,2.291484375,1.334918701,-0.082825310,0.051285209,-0.045747001,-0.994191635
1718187355666749440.000000000,-1.296378906,2.291059814,1.335626221,-0.082368256,0.053248246,-0.044847893,-0.994167371
1718187355676749312.000000000,-1.290203491,2.290758545,1.336208862,-0.081900312,0.056360934,-0.043372116,-0.994099916
1718187355686749184.000000000,-1.284259155,2.290355225,1.336882446,-0.081353747,0.058373747,-0.043778804,-0.994010810
1718187355696749312.000000000,-1.278211426,2.289946777,1.337522583,-0.081555866,0.057596334,-0.045689741,-0.993953596
1718187355706749440.000000000,-1.272290039,2.289599609,1.338119995,-0.081183518,0.058431588,-0.047273219,-0.993861272
1718187355716749312.000000000,-1.266378784,2.289324707,1.338638794,-0.080821564,0.059093231,-0.048915904,-0.993772157
1718187355726749184.000000000,-1.260434448,2.289136475,1.339086304,-0.080672021,0.059427524,-0.050230477,-0.993698794
1718187355736749312.000000000,-1.254374390,2.289007324,1.339506714,-0.080658290,0.058639146,-0.052026031,-0.993654358
1718187355746749440.000000000,-1.248246826,2.288970947,1.339810059,-0.080842919,0.056893111,-0.053545606,-0.993660135
1718187355756749312.000000000,-1.242071899,2.289115234,1.339910156,-0.080154177,0.053460994,-0.053460167,-0.993911083
1718187355766749184.000000000,-1.235766968,2.289013184,1.340237793,-0.081493709,0.053263942,-0.056385830,-0.993651028
1718187355776749312.000000000,-1.229348022,2.289139404,1.340256958,-0.081896536,0.049431784,-0.056914746,-0.993785776
1718187355786749440.000000000,-1.222826538,2.289287842,1.340201782,-0.082408105,0.045677782,-0.056863542,-0.993926045
1718187355796749312.000000000,-1.216294312,2.289450439,1.340070923,-0.082934618,0.042305791,-0.056780506,-0.994036238
1718187355806749184.000000000,-1.209723511,2.289511719,1.339882568,-0.083789001,0.039806119,-0.056501468,-0.994083729
1718187355816749312.000000000,-1.203145142,2.289508545,1.339634766,-0.084636355,0.037688288,-0.056287302,-0.994106644
1718187355826749440.000000000,-1.196576416,2.289448242,1.339351929,-0.085623254,0.036632863,-0.056416031,-0.994054286
1718187355836749312.000000000,-1.190062988,2.289301758,1.339031494,-0.086660083,0.036490080,-0.056832224,-0.993945976
1718187355846749184.000000000,-1.183539795,2.289082275,1.338679810,-0.087577006,0.037221165,-0.057305011,-0.993811345
1718187355856749312.000000000,-1.177048340,2.288836182,1.338294067,-0.088453826,0.038542805,-0.058053166,-0.993639876
1718187355866749440.000000000,-1.170542969,2.288585938,1.337896729,-0.089278478,0.039919247,-0.059073182,-0.993451643
1718187355876749312.000000000,-1.164015015,2.288359131,1.337476074,-0.089856917,0.041845749,-0.060146935,-0.993255765
1718187355886749184.000000000,-1.157474243,2.288128662,1.337026611,-0.090425289,0.043612959,-0.061018484,-0.993074983
1718187355896749312.000000000,-1.150886597,2.287979980,1.336570435,-0.090896457,0.044810177,-0.061534022,-0.992946850
1718187355906749440.000000000,-1.144254272,2.287879150,1.336118408,-0.091147623,0.045699057,-0.062404137,-0.992829004
1718187355916749312.000000000,-1.137597168,2.287830566,1.335680664,-0.091990907,0.045599172,-0.062880169,-0.992725779
1718187355926749184.000000000,-1.130892090,2.287819580,1.335268921,-0.092915404,0.045286697,-0.062754840,-0.992661913
1718187355936749312.000000000,-1.124151978,2.287856201,1.334895752,-0.094260933,0.044201524,-0.062986495,-0.992569294
1718187355946749440.000000000,-1.117430176,2.287929199,1.334562012,-0.095885114,0.042064267,-0.062958859,-0.992508350
1718187355956749312.000000000,-1.110700928,2.288010986,1.334296753,-0.097875402,0.039783823,-0.062765175,-0.992420368
1718187355966749184.000000000,-1.104018066,2.288058594,1.334069336,-0.100191715,0.036778367,-0.062960694,-0.992292761
1718187355976749312.000000000,-1.097458740,2.288077881,1.333970825,-0.102586721,0.033831052,-0.063482990,-0.992119617
1718187355986749440.000000000,-1.090960571,2.288045166,1.333921997,-0.105065247,0.030632487,-0.064675853,-0.991887080
1718187355996749312.000000000,-1.084545532,2.287924561,1.333926514,-0.107916585,0.027417693,-0.066789738,-0.991534877
1718187356006749184.000000000,-1.078197388,2.287684082,1.333986084,-0.110807707,0.024984237,-0.069369958,-0.991103047
1718187356016749312.000000000,-1.071894897,2.287395508,1.334132813,-0.113771954,0.022748037,-0.072192131,-0.990619385
1718187356026749440.000000000,-1.065625366,2.287018066,1.334321777,-0.116902473,0.020959869,-0.075065568,-0.990080631
1718187356036749312.000000000,-1.059358521,2.286616455,1.334585938,-0.119767662,0.020311644,-0.077292187,-0.989580245
1718187356046749184.000000000,-1.053055420,2.286126953,1.334884766,-0.122420637,0.019640075,-0.079063192,-0.989129146
1718187356056749312.000000000,-1.046707275,2.285653076,1.335241333,-0.124719359,0.019579693,-0.080002610,-0.988767566
1718187356066749440.000000000,-1.040360596,2.285147949,1.335637207,-0.127033202,0.019602358,-0.079985979,-0.988473852
1718187356076749312.000000000,-1.033983765,2.284628174,1.336094360,-0.129164557,0.019547490,-0.079261804,-0.988257041
1718187356086749184.000000000,-1.027613403,2.284092529,1.336624756,-0.131206025,0.019549542,-0.077873143,-0.988098461
1718187356096749312.000000000,-1.021306030,2.283512695,1.337170776,-0.133400282,0.019318279,-0.076611669,-0.987907800
1718187356106749440.000000000,-1.015050293,2.282920410,1.337772583,-0.135746342,0.018876625,-0.075046117,-0.987716905
1718187356116749312.000000000,-1.008837830,2.282273926,1.338390259,-0.138340263,0.017989412,-0.074036257,-0.987449738
1718187356126749184.000000000,-1.002719971,2.281620361,1.339021606,-0.140894711,0.016602385,-0.072916404,-0.987196150
1718187356136749312.000000000,-0.996591309,2.280922119,1.339805298,-0.143718031,0.014537852,-0.066596389,-0.987268302
1718187356146749440.000000000,-0.990690002,2.280153320,1.340378662,-0.146789998,0.012713831,-0.067173898,-0.986802271
1718187356156749312.000000000,-0.984912720,2.279319092,1.340933594,-0.149974037,0.011081463,-0.068314555,-0.986264727
1718187356166749184.000000000,-0.979238708,2.278448486,1.341484619,-0.153473186,0.009321194,-0.069028235,-0.985694780
1718187356176749312.000000000,-0.973578857,2.277441406,1.342130737,-0.157378666,0.010658576,-0.068913621,-0.985073227
1718187356186749440.000000000,-0.968128296,2.276434326,1.342605713,-0.160761364,0.009169033,-0.070415294,-0.984435574
1718187356196749312.000000000,-0.962800903,2.275370361,1.343040527,-0.163817542,0.008266943,-0.072071219,-0.983819704
1718187356206749184.000000000,-0.957562744,2.274237061,1.343486572,-0.166589952,0.008057058,-0.073422132,-0.983255848
1718187356216749312.000000000,-0.952400452,2.272966309,1.343921265,-0.169277465,0.008134829,-0.074797827,-0.982692347
1718187356226749440.000000000,-0.947439514,2.271736572,1.344296753,-0.170979831,0.008188663,-0.075182150,-0.982367797
1718187356236749312.000000000,-0.942341858,2.270229248,1.344862427,-0.174061205,0.010378227,-0.077112921,-0.981656043
1718187356246749184.000000000,-0.937403564,2.268776123,1.345345215,-0.176280322,0.012126325,-0.077743035,-0.981190206
1718187356256749312.000000000,-0.932511108,2.267228027,1.345830444,-0.178631501,0.014140796,-0.078083088,-0.980710893
1718187356266749440.000000000,-0.927669128,2.265644531,1.346297607,-0.180929887,0.015725786,-0.078387415,-0.980241036
1718187356276749312.000000000,-0.922852844,2.263986816,1.346740723,-0.183315662,0.017195436,-0.079069944,-0.979718137
1718187356286749184.000000000,-0.918143921,2.262358398,1.347077026,-0.184913505,0.017252729,-0.078786485,-0.979439650
1718187356296749312.000000000,-0.913325684,2.260623047,1.347455200,-0.187333357,0.018307745,-0.079502108,-0.978902679
1718187356306749440.000000000,-0.908466797,2.258856445,1.347795410,-0.189890208,0.018901087,-0.080160104,-0.978344937
1718187356316749312.000000000,-0.903278198,2.256576660,1.347756592,-0.195863342,0.014782637,-0.075930614,-0.977575351
1718187356326749184.000000000,-0.898311218,2.254739746,1.347974731,-0.198272419,0.015206983,-0.076736908,-0.977020083
1718187356336749312.000000000,-0.893272888,2.252871338,1.348123535,-0.200687724,0.015032823,-0.077538324,-0.976466210
1718187356346749440.000000000,-0.888252319,2.251030762,1.348099854,-0.202398547,0.014328373,-0.077171961,-0.976152659
1718187356356749312.000000000,-0.883013489,2.249121338,1.348086914,-0.204516040,0.014092515,-0.077309982,-0.975703724
1718187356366749184.000000000,-0.877699951,2.247150879,1.347998779,-0.206425618,0.013934354,-0.077515563,-0.975287463
1718187356376749312.000000000,-0.872298523,2.245154541,1.347821289,-0.208424817,0.014018970,-0.076921270,-0.974908038
1718187356386749440.000000000,-0.866684570,2.243045898,1.347686035,-0.210568090,0.014801131,-0.077247364,-0.974410001
1718187356396749312.000000000,-0.861265320,2.241005615,1.347255127,-0.211494759,0.013851683,-0.075647245,-0.974348804
1718187356406749184.000000000,-0.855714050,2.238819580,1.346911133,-0.213028337,0.013781067,-0.075100036,-0.974058004
1718187356416749312.000000000,-0.850154053,2.236506104,1.346472290,-0.214712386,0.014231221,-0.074576288,-0.973721953
1718187356426749440.000000000,-0.844636292,2.234143799,1.346004150,-0.216603775,0.014529318,-0.074722492,-0.973287343
1718187356436749312.000000000,-0.839133179,2.231676758,1.345497437,-0.218528201,0.015191080,-0.075077570,-0.972819621
1718187356446749184.000000000,-0.833705627,2.229142090,1.344968872,-0.220372292,0.015760207,-0.076237544,-0.972304225
1718187356456749312.000000000,-0.828278015,2.226516846,1.344414917,-0.222621277,0.016762702,-0.077827999,-0.971648898
1718187356466749440.000000000,-0.822879089,2.223825195,1.343831177,-0.224689984,0.017693226,-0.079452659,-0.971024529
1718187356476749312.000000000,-0.817470886,2.221097412,1.343232788,-0.226609716,0.018268657,-0.081337155,-0.970411542
1718187356486749184.000000000,-0.812109802,2.218507324,1.342643677,-0.227700000,0.018491578,-0.082843244,-0.970024623
1718187356496749312.000000000,-0.806453430,2.215537109,1.341986206,-0.230197600,0.019719526,-0.084179101,-0.969295664
1718187356506749440.000000000,-0.800831360,2.212731445,1.341337402,-0.231506597,0.019869069,-0.085117928,-0.968898784
1718187356516749312.000000000,-0.795129578,2.209890137,1.340653320,-0.232936569,0.020383302,-0.085477401,-0.968513650
1718187356526749184.000000000,-0.789351807,2.207004395,1.339999390,-0.234249436,0.020171745,-0.085347839,-0.968212812
1718187356536749312.000000000,-0.783541992,2.204068115,1.339303589,-0.235550541,0.020867138,-0.085742649,-0.967847459
1718187356546749440.000000000,-0.777703064,2.201115723,1.338645996,-0.236929552,0.020851246,-0.085731365,-0.967512143
1718187356556749312.000000000,-0.771831543,2.198102539,1.337975586,-0.238050624,0.020779044,-0.086228712,-0.967194262
1718187356566749184.000000000,-0.766030579,2.195178467,1.337358765,-0.238605332,0.020511511,-0.086204790,-0.967065410
1718187356576749312.000000000,-0.760040771,2.191917969,1.336713379,-0.240613814,0.020424995,-0.086680189,-0.966526956
1718187356586749440.000000000,-0.754168518,2.188706543,1.336139771,-0.242134903,0.020410469,-0.087723640,-0.966053138
1718187356596749312.000000000,-0.748310181,2.185462158,1.335591797,-0.243552684,0.019494205,-0.088764229,-0.965620514
1718187356606749184.000000000,-0.742450562,2.182174072,1.335073364,-0.245038744,0.018843721,-0.089938791,-0.965148663
1718187356616749312.000000000,-0.736639954,2.178838623,1.334598999,-0.246430542,0.018285067,-0.091022882,-0.964703311
1718187356626749440.000000000,-0.730922363,2.175547852,1.334217285,-0.247326445,0.017425736,-0.092753742,-0.964325006
1718187356636749312.000000000,-0.725101013,2.171922363,1.333802856,-0.249357630,0.017661414,-0.093962584,-0.963680383
1718187356646749184.000000000,-0.719403320,2.168373047,1.333483521,-0.250788037,0.017175309,-0.095910805,-0.963125894
1718187356656749312.000000000,-0.713740417,2.164771729,1.333237793,-0.252109613,0.017677709,-0.097619038,-0.962600003
1718187356666749440.000000000,-0.708226135,2.161259521,1.333071777,-0.252608198,0.017601182,-0.099966662,-0.962229683
1718187356676749312.000000000,-0.702553040,2.157376709,1.332933105,-0.254583515,0.018670035,-0.101948869,-0.961480677
1718187356686749184.000000000,-0.697016602,2.153647949,1.332881104,-0.255627280,0.019056819,-0.104518679,-0.960920068
1718187356696749312.000000000,-0.691580627,2.149987061,1.332929810,-0.256081705,0.019102765,-0.106933327,-0.960532409
1718187356706749440.000000000,-0.686162109,2.146108643,1.333035767,-0.257105143,0.019226693,-0.106183024,-0.960339755
1718187356716749312.000000000,-0.680736572,2.142265869,1.333186646,-0.258344021,0.019104025,-0.107133365,-0.959904081
1718187356726749184.000000000,-0.675171997,2.138147949,1.333306274,-0.260706820,0.018697693,-0.108509273,-0.959118391
1718187356736749312.000000000,-0.670017212,2.134462646,1.333733521,-0.260577496,0.021317040,-0.112510514,-0.958637751
1718187356746749440.000000000,-0.664420288,2.130040039,1.333911011,-0.264952727,0.021376554,-0.112282025,-0.957463233
1718187356756749312.000000000,-0.659157593,2.125977295,1.334224121,-0.266681622,0.022829668,-0.110520971,-0.957154551
1718187356766749184.000000000,-0.653596008,2.121568115,1.334383179,-0.270553182,0.023079453,-0.105863022,-0.956588383
1718187356776749312.000000000,-0.648295410,2.117365479,1.334708130,-0.271411690,0.026165538,-0.105950934,-0.956255959
1718187356786749440.000000000,-0.643149048,2.113167236,1.335216675,-0.273740174,0.029468456,-0.109588436,-0.955085495
1718187356796749312.000000000,-0.637803467,2.108617920,1.335491455,-0.276823927,0.031107722,-0.104635173,-0.954700112
1718187356806749184.000000000,-0.632775574,2.104322998,1.335982056,-0.278241927,0.034327004,-0.103118942,-0.954342481
1718187356816749312.000000000,-0.627916626,2.100166504,1.336485840,-0.278592995,0.036035796,-0.103640585,-0.954120534
1718187356826749440.000000000,-0.623050598,2.095865967,1.336980469,-0.279828796,0.038396403,-0.103963070,-0.953631607
1718187356836749312.000000000,-0.618431580,2.091853271,1.337527832,-0.279712991,0.038585115,-0.105593364,-0.953478827
1718187356846749184.000000000,-0.613709473,2.087609863,1.338038940,-0.280710522,0.039250663,-0.106721487,-0.953032797
1718187356856749312.000000000,-0.609103577,2.083545654,1.338596069,-0.281016778,0.037327826,-0.108203935,-0.952852618
1718187356866749440.000000000,-0.604514343,2.079459961,1.339150024,-0.281586709,0.034885796,-0.109076332,-0.952677417
1718187356876749312.000000000,-0.599932129,2.075353027,1.339717896,-0.282219306,0.031333586,-0.110248986,-0.952478677
1718187356886749184.000000000,-0.595302979,2.071207275,1.340241455,-0.283915461,0.027423147,-0.110182669,-0.952102810
1718187356896749312.000000000,-0.590734680,2.067006836,1.340709595,-0.285718399,0.022707197,-0.111225371,-0.951566233
1718187356906749440.000000000,-0.586417175,2.062911133,1.341005981,-0.287774885,0.017313644,-0.114402197,-0.950682908
1718187356916749312.000000000,-0.581756348,2.058395020,1.341341064,-0.291053202,0.012766244,-0.112812484,-0.949946525
1718187356926749184.000000000,-0.577292908,2.054166992,1.341828369,-0.292638960,0.011131855,-0.111767173,-0.949603401
1718187356936749312.000000000,-0.572839661,2.049780273,1.342372681,-0.295078523,0.010748644,-0.113059672,-0.948699448
1718187356946749440.000000000,-0.568475342,2.045147949,1.342661011,-0.298204207,0.009502319,-0.108910097,-0.948220727
1718187356956749312.000000000,-0.564121704,2.040380005,1.343042969,-0.301484995,0.010752274,-0.105345455,-0.947572436
1718187356966749184.000000000,-0.560041870,2.035591064,1.343391968,-0.304537013,0.012195405,-0.102708439,-0.946868236
1718187356976749312.000000000,-0.556105347,2.030763672,1.343771118,-0.307200080,0.014328065,-0.100676872,-0.946196061
1718187356986749440.000000000,-0.552358704,2.025906860,1.344147095,-0.309631148,0.016354389,-0.100513482,-0.945387818
1718187356996749312.000000000,-0.548833618,2.021115723,1.344486694,-0.311573316,0.018847848,-0.101374028,-0.944611102
1718187357006749184.000000000,-0.545418213,2.016293091,1.344769043,-0.313590378,0.020957035,-0.103089255,-0.943713136
1718187357016749312.000000000,-0.542082275,2.011461914,1.345025513,-0.315670713,0.022806184,-0.105824755,-0.942673326
1718187357026749440.000000000,-0.538745789,2.006605347,1.345185791,-0.317310221,0.024506063,-0.107825870,-0.941853098
1718187357036749312.000000000,-0.535359436,2.001766968,1.345302612,-0.319453501,0.026095492,-0.109911774,-0.940844242
1718187357046749184.000000000,-0.531867310,1.996878540,1.345360840,-0.321536476,0.026817568,-0.110949260,-0.939992220
1718187357056749312.000000000,-0.528217285,1.991919312,1.345343628,-0.323486366,0.027346204,-0.110441684,-0.939367548
1718187357066749440.000000000,-0.524347229,1.986973145,1.345341431,-0.325352424,0.025705491,-0.109029834,-0.938934249
1718187357076749312.000000000,-0.520367737,1.982012451,1.345320190,-0.326989761,0.022751780,-0.106939129,-0.938682095
1718187357086749184.000000000,-0.516502197,1.977171875,1.344977417,-0.329342369,0.018369132,-0.106914274,-0.937958164
1718187357096749312.000000000,-0.512716675,1.972261353,1.344543945,-0.333455648,0.025030986,-0.104867827,-0.936580760
1718187357106749440.000000000,-0.508790955,1.967233765,1.344250000,-0.336174649,0.022775212,-0.102865771,-0.935888096
1718187357116749312.000000000,-0.504923828,1.962187622,1.343877686,-0.338814424,0.021669411,-0.101102963,-0.935154219
1718187357126749184.000000000,-0.501062622,1.957096680,1.343460083,-0.341526170,0.020326939,-0.099266060,-0.934394424
1718187357136749312.000000000,-0.497256165,1.951945557,1.343014160,-0.344190118,0.018699563,-0.098857205,-0.933493836
1718187357146749440.000000000,-0.493519775,1.946786987,1.342530640,-0.346953483,0.018026232,-0.098558999,-0.932515126
1718187357156749312.000000000,-0.489762756,1.941565430,1.342030640,-0.349824710,0.017384120,-0.098448881,-0.931465664
1718187357166749184.000000000,-0.486072968,1.936268555,1.341526978,-0.352504561,0.016849570,-0.098546021,-0.930454356
1718187357176749312.000000000,-0.482367371,1.930922241,1.341005127,-0.355187182,0.016614972,-0.099102437,-0.929378672
1718187357186749440.000000000,-0.478658234,1.925554810,1.340511963,-0.358041955,0.015858784,-0.099706304,-0.928231173
1718187357196749312.000000000,-0.474910065,1.920155518,1.339988525,-0.360822876,0.016007174,-0.100855184,-0.927026890
1718187357206749184.000000000,-0.471152252,1.914676147,1.339489624,-0.363897038,0.016985346,-0.100889257,-0.925803328
1718187357216749312.000000000,-0.467400208,1.909222046,1.338791748,-0.366599912,0.015571950,-0.101503354,-0.924694051
1718187357226749440.000000000,-0.463659485,1.903651245,1.338265625,-0.369413941,0.016490923,-0.102168040,-0.923484208
1718187357236749312.000000000,-0.459868713,1.898072998,1.337751099,-0.372644898,0.016973247,-0.103641106,-0.922012044
1718187357246749184.000000000,-0.455928589,1.892374756,1.336927734,-0.375016271,0.022869183,-0.113031632,-0.919817181
1718187357256749312.000000000,-0.452178314,1.886735229,1.336487671,-0.378331430,0.023308595,-0.114181584,-0.918305289
1718187357266749440.000000000,-0.448529358,1.881239746,1.335875488,-0.380291812,0.022295681,-0.109827716,-0.918051694
1718187357276749312.000000000,-0.444959290,1.875635864,1.335453613,-0.383807272,0.021275584,-0.110698503,-0.916507048
1718187357286749184.000000000,-0.441420868,1.870010254,1.335066040,-0.387211900,0.019474142,-0.111483019,-0.915018709
1718187357296749312.000000000,-0.437946777,1.864394531,1.334693481,-0.390822482,0.017663592,-0.113387531,-0.913284760
1718187357306749440.000000000,-0.434499908,1.858746826,1.334354858,-0.394383980,0.015373702,-0.114467164,-0.911659034
1718187357316749312.000000000,-0.431052917,1.853069946,1.334081543,-0.398130836,0.012144755,-0.116704584,-0.909793593
1718187357326749184.000000000,-0.427701385,1.847473633,1.333746826,-0.400824405,0.008502259,-0.114929783,-0.908877688
1718187357336749312.000000000,-0.424299713,1.841734009,1.333527588,-0.404947146,0.004693265,-0.117615113,-0.906731751
1718187357346749440.000000000,-0.420966278,1.835937134,1.333315552,-0.409273726,0.001267747,-0.120093558,-0.904472746
1718187357356749312.000000000,-0.417529266,1.830097290,1.333159546,-0.414445044,-0.001535967,-0.121611910,-0.901911021
1718187357366749184.000000000,-0.414135406,1.824204346,1.332974731,-0.419085003,-0.004999373,-0.123303764,-0.899521511
1718187357376749312.000000000,-0.410668884,1.818237793,1.332823730,-0.424116139,-0.007889184,-0.124903872,-0.896918215
1718187357386749440.000000000,-0.407184357,1.812240479,1.332668091,-0.429274804,-0.009369584,-0.125412837,-0.894375186
1718187357396749312.000000000,-0.403658295,1.806175659,1.332550659,-0.434733798,-0.009110285,-0.125754081,-0.891689093
1718187357406749184.000000000,-0.400106171,1.800063354,1.332440674,-0.440287640,-0.008569841,-0.125709989,-0.888971513
1718187357416749312.000000000,-0.396556366,1.793878662,1.332382324,-0.445815994,-0.006055788,-0.125441932,-0.886270697
1718187357426749440.000000000,-0.393055267,1.787695801,1.332340088,-0.451242345,-0.002508227,-0.124214821,-0.883710775
1718187357436749312.000000000,-0.389529907,1.781487793,1.332394653,-0.456596198,0.002250622,-0.123365100,-0.881076557
1718187357446749184.000000000,-0.386048737,1.775294312,1.332481812,-0.461374560,0.008265936,-0.121692530,-0.878781041
1718187357456749312.000000000,-0.382624359,1.769124756,1.332642822,-0.465824341,0.014345882,-0.120140566,-0.876566098
1718187357466749440.000000000,-0.379290955,1.763042603,1.332839600,-0.469883527,0.020077007,-0.118250857,-0.874541662
1718187357476749312.000000000,-0.376041595,1.757052734,1.333074829,-0.473535186,0.024330601,-0.117369820,-0.872580526
1718187357486749184.000000000,-0.372938507,1.751153076,1.333288818,-0.476726565,0.027347764,-0.117125220,-0.870784453
1718187357496749312.000000000,-0.369955658,1.745351196,1.333497803,-0.479893823,0.028892105,-0.118110868,-0.868859590
1718187357506749440.000000000,-0.367134674,1.739837769,1.333638062,-0.482192818,0.027414649,-0.118640662,-0.867561477
1718187357516749312.000000000,-0.364461060,1.733818115,1.333976685,-0.488238995,0.026334142,-0.125155163,-0.863287543
1718187357526749184.000000000,-0.361837799,1.728227051,1.334180420,-0.491569925,0.023266831,-0.128385708,-0.861007998
1718187357536749312.000000000,-0.359263489,1.722640015,1.334392456,-0.494900311,0.020174788,-0.131784272,-0.858661497
1718187357546749440.000000000,-0.356668335,1.717514282,1.334485229,-0.495385840,0.016564109,-0.130671292,-0.858628856
1718187357556749312.000000000,-0.354089783,1.711881104,1.334761597,-0.498743917,0.012941347,-0.132126967,-0.856521740
1718187357566749184.000000000,-0.351514618,1.705961548,1.335119751,-0.504204777,0.009311953,-0.135529209,-0.852832143
1718187357576749312.000000000,-0.348879272,1.700226807,1.335471191,-0.507778243,0.008263782,-0.134546665,-0.850876113
1718187357586749440.000000000,-0.346232208,1.694439331,1.335900024,-0.511211134,0.007841499,-0.133801353,-0.848939860
1718187357596749312.000000000,-0.343672455,1.688599976,1.336358521,-0.514618786,0.007371251,-0.132104693,-0.847149054
1718187357606749184.000000000,-0.341193054,1.682748291,1.336885376,-0.517996919,0.006577801,-0.129944703,-0.845429062
1718187357616749312.000000000,-0.338822510,1.676856689,1.337456665,-0.521291554,0.006333264,-0.129565749,-0.843461749
1718187357626749440.000000000,-0.336576080,1.670959839,1.338070435,-0.524637482,0.006506315,-0.130094433,-0.841301740
1718187357636749312.000000000,-0.334482635,1.665074463,1.338723999,-0.527957246,0.006398563,-0.131087017,-0.839068769
1718187357646749184.000000000,-0.332504822,1.659192383,1.339398560,-0.531067343,0.005868661,-0.133545798,-0.836718923
1718187357656749312.000000000,-0.330606232,1.653307495,1.340069092,-0.533981704,0.004858495,-0.136212121,-0.834437650
1718187357666749440.000000000,-0.328787598,1.647410889,1.340725464,-0.536579263,0.003485993,-0.139364896,-0.832254750
1718187357676749312.000000000,-0.326996490,1.641489868,1.341357422,-0.539216130,0.000064452,-0.142568460,-0.830012166
1718187357686749184.000000000,-0.325262970,1.635520264,1.341929565,-0.541343526,-0.003189857,-0.145644765,-0.828084907
1718187357696749312.000000000,-0.323529053,1.629511108,1.342443359,-0.543514822,-0.007472751,-0.148324125,-0.826157219
1718187357706749440.000000000,-0.321781799,1.623409058,1.342854370,-0.545666650,-0.011033865,-0.150850875,-0.824239149
1718187357716749312.000000000,-0.320062103,1.617189697,1.343170776,-0.547938469,-0.015196901,-0.152759270,-0.822312042
1718187357726749184.000000000,-0.318376190,1.610839966,1.343375977,-0.550218989,-0.019462438,-0.154439720,-0.820383234
1718187357736749312.000000000,-0.316719238,1.604353027,1.343469971,-0.552758609,-0.022584122,-0.156454679,-0.818211349
1718187357746749440.000000000,-0.315106750,1.597680298,1.343477783,-0.555756645,-0.025040347,-0.157972498,-0.815813841
1718187357756749312.000000000,-0.313539917,1.590930420,1.343384766,-0.558739747,-0.026809392,-0.159333599,-0.813451877
1718187357766749184.000000000,-0.312041016,1.584025024,1.343175903,-0.561963142,-0.027599126,-0.160126145,-0.811045827
1718187357776749312.000000000,-0.310612427,1.577018311,1.342916260,-0.564899078,-0.028514920,-0.161881572,-0.808622463
1718187357786749440.000000000,-0.309273926,1.569927856,1.342580688,-0.567920451,-0.027932143,-0.162938562,-0.806310847
1718187357796749312.000000000,-0.308023438,1.562777710,1.342200928,-0.570724166,-0.027799788,-0.164450276,-0.804025625
1718187357806749184.000000000,-0.306925690,1.555598389,1.341765747,-0.573524939,-0.026858808,-0.167517325,-0.801427286
1718187357816749312.000000000,-0.305912201,1.548394287,1.341302979,-0.576106017,-0.025316925,-0.171092135,-0.798866943
1718187357826749440.000000000,-0.305039429,1.541171021,1.340827759,-0.578495920,-0.024051470,-0.175768467,-0.796159182
1718187357836749312.000000000,-0.304260498,1.533959106,1.340368774,-0.580632756,-0.023369362,-0.180715314,-0.793512099
1718187357846749184.000000000,-0.303615295,1.526783936,1.339916626,-0.582592678,-0.023069093,-0.186337001,-0.790779432
1718187357856749312.000000000,-0.303038361,1.519616211,1.339521729,-0.584696388,-0.023206374,-0.190759324,-0.788163992
1718187357866749440.000000000,-0.302526947,1.512517944,1.339165649,-0.586564630,-0.024721036,-0.195058214,-0.785673659
1718187357876749312.000000000,-0.302109863,1.505149902,1.338412842,-0.590145382,-0.028548807,-0.187758533,-0.784640126
1718187357886749184.000000000,-0.301580353,1.498095215,1.338245483,-0.591617722,-0.033030824,-0.192295383,-0.782253106
1718187357896749312.000000000,-0.301210602,1.491065918,1.337998291,-0.593798210,-0.037154083,-0.193325251,-0.780159348
1718187357906749440.000000000,-0.300981171,1.484016846,1.337765625,-0.596519980,-0.041241237,-0.191880595,-0.778231914
1718187357916749312.000000000,-0.300738037,1.477056274,1.337667236,-0.598640973,-0.047391973,-0.193930469,-0.775740910
1718187357926749184.000000000,-0.300628815,1.470079468,1.337570190,-0.601089207,-0.053675059,-0.194585799,-0.773270406
1718187357936749312.000000000,-0.300572540,1.463080933,1.337521118,-0.603729337,-0.059788347,-0.193858805,-0.770944230
1718187357946749440.000000000,-0.300576874,1.456111084,1.337508667,-0.606010253,-0.066507859,-0.194292715,-0.768491131
1718187357956749312.000000000,-0.300674347,1.449086304,1.337540527,-0.608529164,-0.073824771,-0.193099858,-0.766129626
1718187357966749184.000000000,-0.300746399,1.442084473,1.337611206,-0.610958939,-0.079402515,-0.191228205,-0.764104829
1718187357976749312.000000000,-0.300919586,1.435018677,1.337755249,-0.613223906,-0.085709662,-0.190460420,-0.761797298
1718187357986749440.000000000,-0.301118042,1.427961914,1.337949097,-0.615836846,-0.089707259,-0.188071589,-0.759820153
1718187357996749312.000000000,-0.301401123,1.420825562,1.338181885,-0.618669010,-0.092617529,-0.187669086,-0.757265451
1718187358006749184.000000000,-0.301707703,1.413665771,1.338465820,-0.621582269,-0.094362830,-0.186709087,-0.754897911
1718187358016749312.000000000,-0.302109894,1.406458130,1.338746338,-0.625233722,-0.093022167,-0.186051564,-0.752206411
1718187358026749440.000000000,-0.302561371,1.399195557,1.339115234,-0.628941113,-0.091208183,-0.188353403,-0.748757063
1718187358036749312.000000000,-0.303061615,1.391948730,1.339498169,-0.632645802,-0.087311290,-0.190504294,-0.745549557
1718187358046749184.000000000,-0.303609497,1.384666748,1.339916382,-0.636497896,-0.083074505,-0.193722462,-0.741916884
1718187358056749312.000000000,-0.304327972,1.377411743,1.340412720,-0.639491180,-0.081897411,-0.193397279,-0.739554824
1718187358066749440.000000000,-0.304902985,1.370286743,1.340867310,-0.642824591,-0.076518196,-0.197738636,-0.736084875
1718187358076749312.000000000,-0.305462585,1.363286865,1.341349487,-0.645234305,-0.072625211,-0.201443510,-0.733361290
1718187358086749184.000000000,-0.306049744,1.356356079,1.341838867,-0.647489075,-0.070529835,-0.204044052,-0.730855297
1718187358096749312.000000000,-0.306641296,1.349509399,1.342368164,-0.649234037,-0.070126327,-0.207620396,-0.728334563
1718187358106749440.000000000,-0.307233459,1.342767090,1.342900757,-0.650856135,-0.070313072,-0.209534409,-0.726317902
1718187358116749312.000000000,-0.307819946,1.336117920,1.343425171,-0.651941141,-0.073738266,-0.210861636,-0.724619063
1718187358126749184.000000000,-0.308374603,1.329507202,1.343995605,-0.653033538,-0.078169180,-0.211247088,-0.723057014
1718187358136749312.000000000,-0.308895386,1.322909790,1.344578369,-0.654005263,-0.084167625,-0.210190260,-0.721812290
1718187358146749440.000000000,-0.309392365,1.316283936,1.345145386,-0.655367891,-0.089659723,-0.207227019,-0.720771132
1718187358156749312.000000000,-0.309830200,1.309617798,1.345668823,-0.656986137,-0.096172636,-0.202206309,-0.719883774
1718187358166749184.000000000,-0.310246277,1.302909424,1.346163940,-0.659199286,-0.102019861,-0.196783056,-0.718557359
1718187358176749312.000000000,-0.310677460,1.296140991,1.346612305,-0.662159050,-0.105479416,-0.189811026,-0.717210750
1718187358186749440.000000000,-0.311110779,1.289306396,1.347020508,-0.665773056,-0.108828898,-0.181865261,-0.715421229
1718187358196749312.000000000,-0.311596619,1.282414673,1.347399048,-0.669974070,-0.109776259,-0.174309508,-0.713232159
1718187358206749184.000000000,-0.312124054,1.275539307,1.347749634,-0.674630542,-0.109216664,-0.166645706,-0.710756330
1718187358216749312.000000000,-0.312709808,1.268640991,1.348113159,-0.679560389,-0.106828576,-0.160338596,-0.707867832
1718187358226749440.000000000,-0.313367828,1.261785278,1.348472412,-0.684500530,-0.102952209,-0.155480621,-0.704759280
1718187358236749312.000000000,-0.314086578,1.255040161,1.348834717,-0.688808554,-0.099276726,-0.153171076,-0.701587863
1718187358246749184.000000000,-0.314863068,1.248375000,1.349198730,-0.692781102,-0.095218390,-0.151649999,-0.698562868
1718187358256749312.000000000,-0.315671631,1.241828003,1.349571899,-0.696313483,-0.091979275,-0.151830675,-0.695438561
1718187358266749440.000000000,-0.316512421,1.235384521,1.349935425,-0.699276540,-0.089082023,-0.154353015,-0.692280189
1718187358276749312.000000000,-0.317384521,1.229054199,1.350276489,-0.701635738,-0.088170198,-0.155868336,-0.689665404
1718187358286749184.000000000,-0.318255768,1.222814697,1.350595093,-0.703624151,-0.087790718,-0.159843910,-0.686771992
1718187358296749312.000000000,-0.319114319,1.216649048,1.350865723,-0.705264924,-0.088963115,-0.164159614,-0.683914155
1718187358306749440.000000000,-0.319962952,1.210513672,1.351088989,-0.706970373,-0.090226217,-0.167658265,-0.681133487
1718187358316749312.000000000,-0.320755585,1.204404175,1.351261963,-0.708643724,-0.092195991,-0.170441772,-0.678434649
1718187358326749184.000000000,-0.321476990,1.198261230,1.351375244,-0.710389012,-0.094929688,-0.172674303,-0.675662187
1718187358336749312.000000000,-0.322063293,1.192097290,1.351447998,-0.712245138,-0.097482137,-0.173464829,-0.673137467
1718187358346749440.000000000,-0.322696014,1.185864624,1.351437378,-0.714650821,-0.099706022,-0.172798818,-0.670427835
1718187358356749312.000000000,-0.323195343,1.179616821,1.351379639,-0.716881095,-0.103554167,-0.170501158,-0.668047442
1718187358366749184.000000000,-0.323737091,1.173254395,1.351295044,-0.719777858,-0.106568067,-0.169486368,-0.664708547
1718187358376749312.000000000,-0.324143372,1.166874878,1.351143921,-0.722142739,-0.106509608,-0.163639275,-0.663617175
1718187358386749440.000000000,-0.324305847,1.160508301,1.350892944,-0.724721275,-0.110645677,-0.158435387,-0.661388566
1718187358396749312.000000000,-0.324453918,1.154127197,1.350584717,-0.727329640,-0.114397246,-0.151862144,-0.659426079
1718187358406749184.000000000,-0.324616913,1.147719116,1.350202026,-0.730064969,-0.117643933,-0.145983138,-0.657155970
1718187358416749312.000000000,-0.324788635,1.141266602,1.349767212,-0.732775386,-0.120373454,-0.140737724,-0.654784971
1718187358426749440.000000000,-0.324906494,1.134787720,1.349299316,-0.735348652,-0.122817583,-0.135151418,-0.652619564
1718187358436749312.000000000,-0.325015686,1.128344238,1.348699341,-0.737920271,-0.124532624,-0.128741141,-0.650685037
1718187358446749184.000000000,-0.325215088,1.121794189,1.348262573,-0.740681599,-0.126668529,-0.127952900,-0.647281938
1718187358456749312.000000000,-0.325356628,1.115300659,1.347764771,-0.743082528,-0.127981022,-0.126413372,-0.644568750
1718187358466749440.000000000,-0.325516327,1.108832886,1.347252930,-0.745591907,-0.129082123,-0.126039458,-0.641517396
1718187358476749312.000000000,-0.325722565,1.102398926,1.346743408,-0.748094291,-0.130740365,-0.125897493,-0.638288109
1718187358486749184.000000000,-0.325928894,1.096025269,1.346275513,-0.750538859,-0.131960654,-0.127408703,-0.634858117
1718187358496749312.000000000,-0.326158478,1.089686401,1.345811890,-0.752900433,-0.133869625,-0.130253496,-0.631073600
1718187358506749440.000000000,-0.326436005,1.083387939,1.345367432,-0.755428965,-0.135349455,-0.133655101,-0.627011896
1718187358516749312.000000000,-0.326694916,1.077180054,1.344953125,-0.757940733,-0.136901098,-0.136890568,-0.622932506
1718187358526749184.000000000,-0.326976624,1.070987183,1.344545532,-0.760005743,-0.140038500,-0.140654502,-0.618867353
1718187358536749312.000000000,-0.327213623,1.064854126,1.344184448,-0.762234402,-0.142568745,-0.144717378,-0.614597226
1718187358546749440.000000000,-0.327430023,1.058768677,1.343849854,-0.764116930,-0.145983376,-0.148584986,-0.610521640
1718187358556749312.000000000,-0.327589172,1.052710571,1.343539551,-0.765619427,-0.151479217,-0.149897946,-0.606969147
1718187358566749184.000000000,-0.327750977,1.046675903,1.343391235,-0.767854693,-0.154075005,-0.154568596,-0.602302758
1718187358576749312.000000000,-0.327776672,1.040775513,1.343076050,-0.768223521,-0.165383487,-0.150253324,-0.599920713
1718187358586749440.000000000,-0.327765198,1.034840088,1.342960693,-0.769912010,-0.171719909,-0.149750210,-0.596089460
1718187358596749312.000000000,-0.327776489,1.028963867,1.342784790,-0.770534891,-0.182221564,-0.143385308,-0.593727156
1718187358606749184.000000000,-0.327759430,1.023074280,1.342711670,-0.771547064,-0.191479375,-0.139876047,-0.590326578
1718187358616749312.000000000,-0.327723602,1.017194397,1.342688599,-0.772819843,-0.200084048,-0.135820063,-0.586744216
1718187358626749440.000000000,-0.327766174,1.011278137,1.342711914,-0.774822788,-0.206513952,-0.131468161,-0.582853119
1718187358636749312.000000000,-0.327773895,1.005313660,1.342819458,-0.777142464,-0.211811912,-0.128140767,-0.578589016
1718187358646749184.000000000,-0.327866760,0.999212280,1.343103516,-0.778617242,-0.220630223,-0.130249283,-0.572811156
1718187358656749312.000000000,-0.327971619,0.993279297,1.343295654,-0.787455616,-0.203522162,-0.121305388,-0.569014398
1718187358666749440.000000000,-0.328021454,0.987159851,1.343576782,-0.792195057,-0.200071583,-0.118653283,-0.564198327
1718187358676749312.000000000,-0.328079620,0.981030823,1.343956665,-0.797813958,-0.193208958,-0.117233706,-0.558944939
1718187358686749184.000000000,-0.328094635,0.974867004,1.344286621,-0.800403525,-0.196258873,-0.115413272,-0.554541638
1718187358696749312.000000000,-0.328228516,0.968883118,1.344824707,-0.805438594,-0.188379067,-0.114725669,-0.550109097
1718187358706749440.000000000,-0.328416718,0.963054688,1.345418945,-0.809756883,-0.182045487,-0.114425940,-0.545948656
1718187358716749312.000000000,-0.328644501,0.957450928,1.346051025,-0.812504995,-0.180822289,-0.113891727,-0.542372204
1718187358726749184.000000000,-0.328892944,0.952022095,1.346876099,-0.812159790,-0.188840414,-0.119419780,-0.538957038
1718187358736749312.000000000,-0.329406586,0.946880188,1.347374023,-0.814627592,-0.189814193,-0.112295037,-0.536416148
1718187358746749440.000000000,-0.329887177,0.941831421,1.348150024,-0.812285994,-0.204703532,-0.116770019,-0.533528529
1718187358756749312.000000000,-0.330550049,0.936976685,1.348764160,-0.810892963,-0.216715040,-0.116400585,-0.530978435
1718187358766749184.000000000,-0.331238098,0.932179749,1.349377808,-0.808397280,-0.230628976,-0.117040879,-0.528777406
1718187358776749312.000000000,-0.332083588,0.927368225,1.349945190,-0.806043317,-0.243979619,-0.120895758,-0.525501981
1718187358786749440.000000000,-0.333004456,0.922480713,1.350489868,-0.804256608,-0.254845923,-0.126024717,-0.521864574
1718187358796749312.000000000,-0.334031952,0.917456543,1.351013794,-0.803610701,-0.262445691,-0.131358862,-0.517761479
1718187358806749184.000000000,-0.335077637,0.912299683,1.351454346,-0.804098572,-0.267206681,-0.138016018,-0.512813470
1718187358816749312.000000000,-0.336234283,0.907189636,1.352026123,-0.807864987,-0.262097994,-0.148762377,-0.506486484
1718187358826749440.000000000,-0.337459137,0.901926025,1.352362183,-0.809347873,-0.263192559,-0.154649030,-0.501766255
1718187358836749312.000000000,-0.339031403,0.896802429,1.353107666,-0.819317734,-0.235134560,-0.174824881,-0.492814824
1718187358846749184.000000000,-0.340240204,0.891568054,1.353485107,-0.820648252,-0.234894918,-0.186944825,-0.486222641
1718187358856749312.000000000,-0.341495789,0.886569336,1.353876099,-0.822202996,-0.237450831,-0.180991279,-0.484604472
1718187358866749440.000000000,-0.342800629,0.881547913,1.354260986,-0.822679736,-0.240460986,-0.187904023,-0.479654714
1718187358876749312.000000000,-0.344112671,0.876581238,1.354597900,-0.822961732,-0.243562246,-0.193227992,-0.475472778
1718187358886749184.000000000,-0.345357666,0.871714966,1.354920166,-0.822160045,-0.250521976,-0.196838893,-0.471747868
1718187358896749312.000000000,-0.346597687,0.866846985,1.355236572,-0.820870911,-0.258251396,-0.198420798,-0.469154933
1718187358906749440.000000000,-0.347842407,0.861982605,1.355550049,-0.820341851,-0.263918244,-0.194701429,-0.468484536
1718187358916749312.000000000,-0.349037415,0.857130127,1.355821045,-0.819929102,-0.270247664,-0.189803819,-0.467607718
1718187358926749184.000000000,-0.350313538,0.852246887,1.356109253,-0.819267270,-0.276926393,-0.180974509,-0.468360054
1718187358936749312.000000000,-0.351685394,0.847374695,1.356337280,-0.820432200,-0.279514509,-0.170595505,-0.468678801
1718187358946749440.000000000,-0.353125336,0.842536987,1.356484619,-0.820150922,-0.286193190,-0.156233103,-0.470145873
1718187358956749312.000000000,-0.354696167,0.837661804,1.356641113,-0.821136559,-0.289656887,-0.143881724,-0.470246413
1718187358966749184.000000000,-0.356402313,0.832789001,1.356768433,-0.822184862,-0.293363846,-0.131995507,-0.469602909
1718187358976749312.000000000,-0.358276062,0.828029663,1.356719604,-0.821204930,-0.300691689,-0.116058787,-0.470889933
1718187358986749440.000000000,-0.360202240,0.823176270,1.356708862,-0.821077544,-0.306255627,-0.108013115,-0.469438307
1718187358996749312.000000000,-0.362245697,0.818255066,1.356622314,-0.821321908,-0.310358092,-0.100995334,-0.467876180
1718187359006749184.000000000,-0.364657745,0.813566589,1.356545044,-0.822407848,-0.310588514,-0.102432738,-0.465497197
1718187359016749312.000000000,-0.367136932,0.808781982,1.356487793,-0.821070956,-0.314504515,-0.067926711,-0.471503295
1718187359026749440.000000000,-0.369537872,0.803981384,1.356107544,-0.818096349,-0.322786912,-0.063489967,-0.471694814
1718187359036749312.000000000,-0.372101868,0.799128662,1.355676392,-0.817405404,-0.326401093,-0.065275041,-0.470159442
1718187359046749184.000000000,-0.374777954,0.794231567,1.355141724,-0.814416073,-0.334386025,-0.065960010,-0.469639994
1718187359056749312.000000000,-0.377495697,0.789309265,1.354540527,-0.812541951,-0.339668100,-0.066415489,-0.469031068
1718187359066749440.000000000,-0.380606995,0.784618103,1.354049805,-0.808804508,-0.349362045,-0.069718526,-0.467889684
1718187359076749312.000000000,-0.383556183,0.779687866,1.353485962,-0.806752139,-0.355263900,-0.071738060,-0.466682116
1718187359086749184.000000000,-0.386635712,0.774694214,1.352894409,-0.804236282,-0.361379237,-0.071806590,-0.466318415
1718187359096749312.000000000,-0.389710632,0.769631348,1.352315063,-0.803064240,-0.365626432,-0.074922474,-0.464533919
1718187359106749440.000000000,-0.392887238,0.764494385,1.351750488,-0.802694023,-0.368726075,-0.079321374,-0.461986479
1718187359116749312.000000000,-0.396085999,0.759330566,1.351206421,-0.803065341,-0.369984191,-0.080015945,-0.460212131
1718187359126749184.000000000,-0.399311951,0.754218628,1.350641357,-0.801859055,-0.374532294,-0.078744994,-0.458853836
1718187359136749312.000000000,-0.402654205,0.749057251,1.350122681,-0.800564573,-0.378607037,-0.077643499,-0.457956945
1718187359146749440.000000000,-0.406025421,0.743985413,1.349623535,-0.798651893,-0.383645795,-0.074307301,-0.457656511
1718187359156749312.000000000,-0.409440430,0.738860229,1.349153931,-0.796671983,-0.388982780,-0.075296311,-0.456439058
1718187359166749184.000000000,-0.413135010,0.734120972,1.348695557,-0.792867525,-0.397905343,-0.074494743,-0.455502973
1718187359176749312.000000000,-0.416684052,0.729172668,1.348261841,-0.788643724,-0.406905914,-0.075307125,-0.454749922
1718187359186749440.000000000,-0.420306183,0.724227478,1.347945068,-0.783973363,-0.415589031,-0.075059821,-0.455013788
1718187359196749312.000000000,-0.423898712,0.719257935,1.347625488,-0.778558672,-0.425114019,-0.072217856,-0.455970444
1718187359206749184.000000000,-0.427581482,0.714246643,1.347407349,-0.775492835,-0.431127079,-0.071233305,-0.455703983
1718187359216749312.000000000,-0.431268890,0.709240784,1.347221313,-0.771663975,-0.438666572,-0.071780393,-0.454921887
1718187359226749440.000000000,-0.435034729,0.704079712,1.347110962,-0.770656218,-0.442017372,-0.069981750,-0.453665285
1718187359236749312.000000000,-0.438815674,0.698891235,1.347028809,-0.771469251,-0.443786277,-0.072316377,-0.450176939
1718187359246749184.000000000,-0.442664490,0.693638855,1.346946655,-0.775071034,-0.441434879,-0.072891047,-0.446191702
1718187359256749312.000000000,-0.446683350,0.688284973,1.346843506,-0.784791566,-0.432483482,-0.073881965,-0.437723305
1718187359266749440.000000000,-0.450600861,0.682799744,1.346852783,-0.796182538,-0.418978554,-0.077816111,-0.429528801
1718187359276749312.000000000,-0.454439423,0.677345947,1.346819824,-0.806785921,-0.406200262,-0.081919472,-0.421173390
1718187359286749184.000000000,-0.458295959,0.671864197,1.346834351,-0.816052627,-0.394087442,-0.087201650,-0.413701668
1718187359296749312.000000000,-0.462091736,0.666462952,1.346881836,-0.824500132,-0.382046294,-0.088135516,-0.408010162
1718187359306749440.000000000,-0.465851715,0.661183167,1.346901611,-0.829535472,-0.374601697,-0.085907391,-0.405172050
1718187359316749312.000000000,-0.469525513,0.655984924,1.346934692,-0.834203892,-0.367585415,-0.082928310,-0.402626036
1718187359326749184.000000000,-0.473135132,0.650897644,1.346960571,-0.836006064,-0.364691668,-0.073542741,-0.403342676
1718187359336749312.000000000,-0.476729401,0.645901917,1.346950317,-0.835475585,-0.365218518,-0.060174269,-0.406171193
1718187359346749440.000000000,-0.480233337,0.641015381,1.346806030,-0.827960086,-0.377449226,-0.041549966,-0.412659398
1718187359356749312.000000000,-0.483835114,0.636112061,1.346752075,-0.828359088,-0.375146539,-0.025650296,-0.415244937
1718187359366749184.000000000,-0.487520966,0.631217651,1.346740234,-0.828793785,-0.372929899,-0.011521392,-0.417002889
1718187359376749312.000000000,-0.491267181,0.626324768,1.346690552,-0.832156391,-0.366707170,-0.000579261,-0.415982279
1718187359386749440.000000000,-0.495143951,0.621467346,1.346651245,-0.838069459,-0.357197032,0.004174153,-0.412349899
1718187359396749312.000000000,-0.499082581,0.616689392,1.346614258,-0.845049607,-0.346382950,0.006255517,-0.407272490
1718187359406749184.000000000,-0.503226288,0.612101501,1.346766724,-0.843255588,-0.355814548,-0.001682425,-0.402881112
1718187359416749312.000000000,-0.507235413,0.607472534,1.346786621,-0.851783020,-0.343993972,-0.009019040,-0.395034797
1718187359426749440.000000000,-0.511205200,0.602969482,1.346792114,-0.859528234,-0.333404590,-0.018680748,-0.386915526
1718187359436749312.000000000,-0.515066345,0.598563354,1.346865845,-0.865104679,-0.326430648,-0.029452947,-0.379696524
1718187359446749184.000000000,-0.518864685,0.594254028,1.346980835,-0.870141859,-0.319274951,-0.038713034,-0.373387133
1718187359456749312.000000000,-0.522418945,0.590076538,1.347105225,-0.874340432,-0.314353120,-0.048165608,-0.366593780
1718187359466749440.000000000,-0.526075439,0.585920959,1.347202393,-0.875373491,-0.312891670,-0.048855602,-0.365285073
1718187359476749312.000000000,-0.529513062,0.581835083,1.347310913,-0.876126128,-0.313101799,-0.050137292,-0.363120535
1718187359486749184.000000000,-0.532837708,0.577690308,1.347458130,-0.877405037,-0.311279979,-0.046744937,-0.362049841
1718187359496749312.000000000,-0.536084961,0.573594604,1.347562866,-0.878205339,-0.309565679,-0.037285047,-0.362676577
1718187359506749440.000000000,-0.539270264,0.569396484,1.347689331,-0.879877713,-0.305661716,-0.027534286,-0.362805718
1718187359516749312.000000000,-0.542435181,0.565142700,1.347806274,-0.882472181,-0.298413815,-0.012678800,-0.363361106
1718187359526749184.000000000,-0.545845520,0.561018860,1.348131226,-0.878422160,-0.309994071,-0.008715021,-0.363596249
1718187359536749312.000000000,-0.549049805,0.556692627,1.348197998,-0.880536409,-0.303307553,0.008654185,-0.364122598
1718187359546749440.000000000,-0.552265503,0.552384094,1.348290283,-0.882332995,-0.298381620,0.021181316,-0.363329392
1718187359556749312.000000000,-0.555577393,0.548001526,1.348328491,-0.884000492,-0.292279352,0.037085030,-0.362960895
1718187359566749184.000000000,-0.558904663,0.543567749,1.348439819,-0.889194802,-0.279603832,0.046424890,-0.359164351
1718187359576749312.000000000,-0.562310730,0.539186035,1.348326660,-0.887884611,-0.278032898,0.065777555,-0.360599415
1718187359586749440.000000000,-0.565706604,0.534875427,1.348035400,-0.898317695,-0.246173894,0.083441482,-0.354205098
1718187359596749312.000000000,-0.569172424,0.530103333,1.348211670,-0.887109118,-0.275017882,0.088857553,-0.359870688
1718187359606749184.000000000,-0.572676880,0.525426025,1.348086060,-0.886640106,-0.274241921,0.098441462,-0.359123893
1718187359616749312.000000000,-0.576207886,0.520723206,1.347894287,-0.887494124,-0.269684941,0.108503142,-0.357562974
1718187359626749440.000000000,-0.579811523,0.516010193,1.347619019,-0.888348022,-0.266622433,0.114952059,-0.355719404
1718187359636749312.000000000,-0.583444641,0.511176117,1.347484863,-0.885272998,-0.275515604,0.115565269,-0.356409231
1718187359646749184.000000000,-0.587116821,0.506477905,1.347148315,-0.884930311,-0.277499675,0.117118538,-0.355211941
1718187359656749312.000000000,-0.591085693,0.501522827,1.346813477,-0.887644827,-0.258061722,0.145788895,-0.352471854
1718187359666749440.000000000,-0.594829956,0.496610138,1.346447144,-0.888917093,-0.260104833,0.139108677,-0.350457778
1718187359676749312.000000000,-0.598618958,0.491718658,1.346041504,-0.888081511,-0.267910416,0.131951814,-0.349462382
1718187359686749184.000000000,-0.602420349,0.486954773,1.345582031,-0.887370893,-0.272514777,0.130022391,-0.348429006
1718187359696749312.000000000,-0.606122192,0.482395996,1.344791260,-0.884233882,-0.272497166,0.146216502,-0.349994957
1718187359706749440.000000000,-0.609905823,0.477456940,1.344471558,-0.888960570,-0.294935828,0.082959025,-0.340411167
1718187359716749312.000000000,-0.613588318,0.472455322,1.343986816,-0.889088084,-0.298401649,0.077900165,-0.338246063
1718187359726749184.000000000,-0.617246155,0.467486816,1.343475586,-0.889051269,-0.303022593,0.071602910,-0.335616109
1718187359736749312.000000000,-0.620774597,0.462727997,1.342786133,-0.890490245,-0.309538573,0.054002313,-0.329084708
1718187359746749440.000000000,-0.624365906,0.457560608,1.342461426,-0.889503581,-0.305146903,0.076619033,-0.331358221
1718187359756749312.000000000,-0.627896057,0.452558167,1.341978638,-0.888875284,-0.307318376,0.081105991,-0.329966610
1718187359766749184.000000000,-0.631386841,0.447209961,1.341962891,-0.889402656,-0.286046813,0.130095067,-0.331987062
1718187359776749312.000000000,-0.634866699,0.442421661,1.341353271,-0.880239388,-0.302578843,0.142328284,-0.336700642
1718187359786749440.000000000,-0.638194885,0.437481598,1.340908081,-0.875172837,-0.314123907,0.145767257,-0.337861781
1718187359796749312.000000000,-0.641481140,0.432501282,1.340536865,-0.868415226,-0.320549370,0.163888513,-0.340945233
1718187359806749184.000000000,-0.644752197,0.427752502,1.340025635,-0.852475795,-0.334671319,0.196547777,-0.350212934
1718187359816749312.000000000,-0.648013245,0.423395508,1.339290649,-0.828099999,-0.356453220,0.233927070,-0.363963760
1718187359826749440.000000000,-0.651383667,0.418274445,1.339075317,-0.837779985,-0.355532742,0.214632391,-0.354477225
1718187359836749312.000000000,-0.654670776,0.413255249,1.338673950,-0.826624609,-0.372997376,0.218645242,-0.360220726
1718187359846749184.000000000,-0.658034546,0.408173828,1.338280151,-0.821054951,-0.379236257,0.226034232,-0.361880029
1718187359856749312.000000000,-0.661569214,0.402813812,1.338197266,-0.838937014,-0.362367284,0.212004640,-0.346307190
1718187359866749440.000000000,-0.665062317,0.397770386,1.337526001,-0.814887317,-0.382894392,0.242503064,-0.361307084
1718187359876749312.000000000,-0.668853210,0.392245331,1.337409912,-0.843470818,-0.353261543,0.222448445,-0.338053177
1718187359886749184.000000000,-0.672458557,0.387063904,1.336720337,-0.826837558,-0.365915632,0.248279297,-0.347566962
1718187359896749312.000000000,-0.676418091,0.381429108,1.336581299,-0.863418128,-0.327707511,0.214638229,-0.317879465
1718187359906749440.000000000,-0.680299133,0.376035095,1.336172607,-0.874661047,-0.314585692,0.204862527,-0.306651660
1718187359916749312.000000000,-0.684269592,0.370658295,1.335868774,-0.889627643,-0.301495336,0.179245460,-0.292462449
1718187359926749184.000000000,-0.688224304,0.365351501,1.335586914,-0.902954989,-0.287937743,0.154420438,-0.279138804
1718187359936749312.000000000,-0.692152161,0.360169586,1.335352295,-0.914634574,-0.277867216,0.124138411,-0.266126025
1718187359946749440.000000000,-0.696046204,0.355016083,1.335283325,-0.925605432,-0.268541036,0.086490942,-0.252308569
1718187359956749312.000000000,-0.699814209,0.350022614,1.335244019,-0.930714860,-0.266914727,0.058198611,-0.243185732
1718187359966749184.000000000,-0.703505249,0.345148041,1.335184326,-0.932126135,-0.271491050,0.036645701,-0.236834478
1718187359976749312.000000000,-0.707026978,0.340282776,1.335330322,-0.916405309,-0.314805897,0.035967375,-0.244550413
1718187359986749440.000000000,-0.710559021,0.335638031,1.335169922,-0.922765113,-0.300792630,0.034455615,-0.238413823
1718187359996749312.000000000,-0.713988586,0.331064819,1.335095093,-0.914800147,-0.318453725,0.046094903,-0.244137617
1718187360006749184.000000000,-0.717418091,0.326540558,1.335063843,-0.904653300,-0.338093414,0.062165377,-0.251854554
1718187360016749312.000000000,-0.720796326,0.322016663,1.335033203,-0.893739647,-0.358041810,0.073585536,-0.260039756
1718187360026749440.000000000,-0.724537415,0.317451782,1.334954102,-0.884278405,-0.375174294,0.083448411,-0.265202403
1718187360036749312.000000000,-0.728240112,0.312948547,1.334855347,-0.877718157,-0.389098420,0.082986193,-0.267070306
1718187360046749184.000000000,-0.732183899,0.308289612,1.334702637,-0.878601541,-0.392174009,0.075744872,-0.261766296
1718187360056749312.000000000,-0.736016968,0.303727600,1.334694580,-0.871887456,-0.410142661,0.061535433,-0.260400947
1718187360066749440.000000000,-0.740062622,0.299204956,1.334530640,-0.879077798,-0.404985199,0.043295956,-0.247658383
1718187360076749312.000000000,-0.744080811,0.294692535,1.334434326,-0.882504596,-0.407292568,0.015771670,-0.234626631
1718187360086749184.000000000,-0.748137939,0.290241821,1.334322266,-0.884600621,-0.407941005,-0.000712276,-0.225976484
1718187360096749312.000000000,-0.752268555,0.285699829,1.334153320,-0.894719359,-0.394370224,-0.032186270,-0.207155593
1718187360106749440.000000000,-0.756045593,0.281280884,1.334012695,-0.908725783,-0.365756033,-0.058853975,-0.192291930
1718187360116749312.000000000,-0.760242920,0.277214691,1.334192993,-0.879536137,-0.427720068,-0.068458497,-0.196939484
1718187360126749184.000000000,-0.764211365,0.273026794,1.334185303,-0.874309824,-0.438189337,-0.081966530,-0.191973758
1718187360136749312.000000000,-0.768259583,0.268942078,1.334181030,-0.867268016,-0.450992969,-0.087206152,-0.191954729
1718187360146749440.000000000,-0.772293274,0.264720215,1.334269531,-0.848699053,-0.481864444,-0.095317357,-0.196038712
1718187360156749312.000000000,-0.776478577,0.260707123,1.334169312,-0.858769865,-0.465949661,-0.093891035,-0.191284360
1718187360166749184.000000000,-0.780639648,0.256666321,1.334135376,-0.859309600,-0.465076597,-0.080308132,-0.197082151
1718187360176749312.000000000,-0.784910950,0.252607590,1.333938721,-0.859496456,-0.464120277,-0.060130996,-0.205529739
1718187360186749440.000000000,-0.789260193,0.248588272,1.333829224,-0.862277324,-0.459243091,-0.052296275,-0.206975118
1718187360196749312.000000000,-0.793717285,0.244590439,1.333693115,-0.866798805,-0.451508575,-0.044288356,-0.206974347
1718187360206749184.000000000,-0.798266907,0.240659836,1.333476196,-0.869920251,-0.444672574,-0.026958053,-0.211608890
1718187360216749312.000000000,-0.802955750,0.236800797,1.333225342,-0.870825421,-0.442611180,-0.017822219,-0.213168473
1718187360226749440.000000000,-0.807720825,0.233009735,1.332916626,-0.871083475,-0.441402770,-0.007990610,-0.215205307
1718187360236749312.000000000,-0.812614990,0.229295319,1.332575195,-0.869928863,-0.442921468,-0.000939955,-0.216895050
1718187360246749184.000000000,-0.817613953,0.225658447,1.332182007,-0.866182712,-0.450383009,-0.002427691,-0.216510418
1718187360256749312.000000000,-0.822773376,0.222006424,1.331760254,-0.854475844,-0.469223804,0.002300079,-0.222923222
1718187360266749440.000000000,-0.827932251,0.218529633,1.331367554,-0.851990299,-0.477839032,-0.020231421,-0.213009578
1718187360276749312.000000000,-0.833162659,0.215146133,1.330898804,-0.842950573,-0.494435925,-0.035513919,-0.209060302
1718187360286749184.000000000,-0.838476013,0.211779205,1.330420044,-0.827870426,-0.519256589,-0.057660052,-0.204153057
1718187360296749312.000000000,-0.843789063,0.208487198,1.329901978,-0.813724376,-0.540256013,-0.073560623,-0.201407335
1718187360306749440.000000000,-0.849132751,0.205217804,1.329383911,-0.794937681,-0.566386415,-0.102797292,-0.191606967
1718187360316749312.000000000,-0.854494202,0.201980698,1.328886719,-0.779081276,-0.586100987,-0.112606385,-0.191931759
1718187360326749184.000000000,-0.859840820,0.198782333,1.328372192,-0.761080126,-0.607118004,-0.121707203,-0.193266987
1718187360336749312.000000000,-0.865191772,0.195582687,1.327881104,-0.742774830,-0.627175765,-0.127487656,-0.196679965
1718187360346749440.000000000,-0.870569702,0.192405365,1.327379395,-0.724800644,-0.645497454,-0.126780148,-0.204753162
1718187360356749312.000000000,-0.875978516,0.189240814,1.326912598,-0.709646864,-0.659724369,-0.119670512,-0.216434873
1718187360366749184.000000000,-0.881417603,0.186071106,1.326413330,-0.694049457,-0.673177079,-0.110417101,-0.230078325
1718187360376749312.000000000,-0.886933350,0.182907394,1.325960815,-0.687083611,-0.678438711,-0.100411506,-0.239905306
1718187360386749440.000000000,-0.892521912,0.179771698,1.325474487,-0.676394435,-0.685312652,-0.084339297,-0.256366964
1718187360396749312.000000000,-0.898148132,0.176599075,1.325153931,-0.671191674,-0.690731741,-0.088963864,-0.253922881
1718187360406749184.000000000,-0.903807312,0.173576355,1.324583984,-0.663950504,-0.691450357,-0.060305456,-0.278261360
1718187360416749312.000000000,-0.909526489,0.170537674,1.324195679,-0.656765048,-0.694324904,-0.048258495,-0.290247682
1718187360426749440.000000000,-0.915235352,0.167561737,1.323807129,-0.646094587,-0.699323175,-0.037568572,-0.303475673
1718187360436749312.000000000,-0.920963806,0.164635513,1.323469238,-0.630794930,-0.706998920,-0.029057187,-0.318443030
1718187360446749184.000000000,-0.926724670,0.161779007,1.323140015,-0.616890861,-0.711869243,-0.017441854,-0.335236674
1718187360456749312.000000000,-0.932479553,0.158959259,1.322874756,-0.597503302,-0.718893720,-0.006377440,-0.355163276
1718187360466749440.000000000,-0.938278809,0.156216522,1.322615112,-0.579254829,-0.726230945,-0.001478817,-0.370203014
1718187360476749312.000000000,-0.944155029,0.153556335,1.322393188,-0.564521291,-0.729839434,0.007322067,-0.385482165
1718187360486749184.000000000,-0.950127197,0.150958221,1.322228394,-0.552099708,-0.734590305,0.009074350,-0.394310350
1718187360496749312.000000000,-0.956231384,0.148391724,1.322222412,-0.545082159,-0.745957423,-0.013372212,-0.382431886
1718187360506749440.000000000,-0.962375244,0.145949417,1.322137451,-0.543418144,-0.751752162,-0.026510570,-0.372642721
1718187360516749312.000000000,-0.968609314,0.143531174,1.322138062,-0.547991131,-0.757581503,-0.047920079,-0.351396718
1718187360526749184.000000000,-0.974881836,0.141190262,1.322130981,-0.558171118,-0.758440714,-0.062895717,-0.330540186
1718187360536749312.000000000,-0.981182739,0.138884796,1.322290894,-0.573095844,-0.761506565,-0.102246250,-0.284981772
1718187360546749440.000000000,-0.987474854,0.136597397,1.322644775,-0.572797194,-0.772014952,-0.170889687,-0.216085639
1718187360556749312.000000000,-0.993671509,0.134438858,1.322987305,-0.566956758,-0.776762597,-0.217327111,-0.167238839
1718187360566749184.000000000,-0.999736267,0.132377136,1.323340088,-0.561075955,-0.779549765,-0.235094327,-0.149085861
1718187360576749312.000000000,-1.005721558,0.130312347,1.323930176,-0.535943470,-0.790088727,-0.276267101,-0.110457637
1718187360586749440.000000000,-1.011535156,0.128350983,1.324417969,-0.523217648,-0.798267257,-0.271433038,-0.123841775
1718187360596749312.000000000,-1.017244080,0.126340363,1.325130859,-0.491167682,-0.814153656,-0.282596883,-0.126677286
1718187360606749184.000000000,-1.022881775,0.124383301,1.325760742,-0.468465051,-0.826570916,-0.262082324,-0.169215461
1718187360616749312.000000000,-1.028490112,0.122400505,1.326381592,-0.441660402,-0.836629601,-0.234711561,-0.223377444
1718187360626749440.000000000,-1.034097168,0.120381805,1.327003662,-0.424050309,-0.837841708,-0.198357280,-0.280814880
1718187360636749312.000000000,-1.039810791,0.118340294,1.327595459,-0.403323699,-0.836291758,-0.165252430,-0.332622495
1718187360646749184.000000000,-1.045630005,0.116245636,1.328104492,-0.392644452,-0.827712101,-0.125261981,-0.380831261
1718187360656749312.000000000,-1.051569702,0.114129211,1.328583130,-0.390386328,-0.815071067,-0.083693931,-0.419824958
1718187360666749440.000000000,-1.057650513,0.111976776,1.328962280,-0.403841106,-0.802297058,-0.049973633,-0.436731528
1718187360676749312.000000000,-1.063892456,0.109797363,1.329333374,-0.418796530,-0.794831374,-0.031884246,-0.437990809
1718187360686749184.000000000,-1.070187256,0.107688354,1.329532593,-0.444873220,-0.781004464,-0.004149735,-0.438295134
1718187360696749312.000000000,-1.076615356,0.105548775,1.329919556,-0.473056884,-0.787224088,-0.030968894,-0.394380967
1718187360706749440.000000000,-1.083026367,0.103467468,1.330175903,-0.502126638,-0.789435342,-0.056811826,-0.348472520
1718187360716749312.000000000,-1.089501465,0.101592896,1.330483032,-0.498838344,-0.802633231,-0.093778247,-0.313282370
1718187360726749184.000000000,-1.095739258,0.099594727,1.330849487,-0.503344489,-0.814431346,-0.153411982,-0.244562204
1718187360736749312.000000000,-1.101841309,0.097796432,1.331047974,-0.523390164,-0.809163100,-0.185283717,-0.192322016
1718187360746749440.000000000,-1.107879639,0.096062431,1.331464600,-0.479156533,-0.831331655,-0.234730974,-0.155557279
1718187360756749312.000000000,-1.113723389,0.094430656,1.331798096,-0.460489622,-0.838488797,-0.261244263,-0.128985584
1718187360766749184.000000000,-1.119450195,0.092852684,1.332149658,-0.433140624,-0.848676167,-0.279876515,-0.117503621
1718187360776749312.000000000,-1.125154541,0.091411087,1.332531616,-0.421216609,-0.852401945,-0.288852111,-0.112035490
1718187360786749440.000000000,-1.130695068,0.089893936,1.332788208,-0.379351559,-0.868325567,-0.275877760,-0.161228303
1718187360796749312.000000000,-1.136194458,0.088276772,1.333232788,-0.347004593,-0.877433554,-0.281038719,-0.175258122
1718187360806749184.000000000,-1.141679443,0.086657059,1.333486206,-0.286733787,-0.889947977,-0.314655226,-0.163610583
1718187360816749312.000000000,-1.147249268,0.084973366,1.333796265,-0.270845481,-0.892143247,-0.296605476,-0.206756726
1718187360826749440.000000000,-1.152882446,0.083182358,1.334021606,-0.266622161,-0.889818977,-0.267220849,-0.256374391
1718187360836749312.000000000,-1.158623413,0.081287537,1.334277222,-0.248529295,-0.887063089,-0.246997036,-0.300574000
1718187360846749184.000000000,-1.164371094,0.079338020,1.334396606,-0.263415925,-0.877783184,-0.206631765,-0.342654410
1718187360856749312.000000000,-1.170190796,0.077374672,1.334363892,-0.309063319,-0.857662204,-0.139057563,-0.386727815
1718187360866749440.000000000,-1.176088867,0.075367851,1.334363037,-0.323369671,-0.838555846,-0.086702908,-0.429812466
1718187360876749312.000000000,-1.182186279,0.073525925,1.334268921,-0.309175298,-0.825550894,-0.055610442,-0.468811087
1718187360886749184.000000000,-1.188195068,0.071589256,1.334126953,-0.304979741,-0.801080957,-0.003179270,-0.515020922
1718187360896749312.000000000,-1.194181030,0.069697800,1.333817627,-0.296369030,-0.765664673,0.065288391,-0.567151156
1718187360906749440.000000000,-1.200183350,0.067763985,1.333599243,-0.255911832,-0.755121795,0.073940876,-0.599026674
1718187360916749312.000000000,-1.206514160,0.066189713,1.333295044,-0.176287296,-0.747865572,0.053442627,-0.637780339
1718187360926749184.000000000,-1.212639404,0.064454544,1.332967651,-0.135781132,-0.752398219,0.020522322,-0.644235390
1718187360936749312.000000000,-1.219017334,0.062946857,1.332652100,0.013126786,-0.734581303,-0.070240905,-0.674747517
1718187360946749440.000000000,-1.225234741,0.061303719,1.332139526,0.108309756,-0.721053435,-0.156045520,-0.666333802
1718187360956749312.000000000,-1.231685425,0.059803036,1.331765381,0.269456123,-0.656764170,-0.276493704,-0.647769600
1718187360966749184.000000000,-1.238168335,0.058313465,1.331272095,0.372346823,-0.601178204,-0.372470248,-0.601006260
1718187360976749312.000000000,-1.244490112,0.056563725,1.330843628,0.465329997,-0.532412423,-0.465315319,-0.532434653
1718187360986749440.000000000,-1.250894287,0.054817394,1.330417725,0.550412159,-0.445984710,-0.561281966,-0.427909626
1718187360996749312.000000000,-1.257233154,0.053025791,1.330020020,0.627195570,-0.325980211,-0.632905255,-0.315901183
1718187361006749184.000000000,-1.263825073,0.051443405,1.329626221,0.706791802,-0.099742371,-0.687106631,-0.135577600
1718187361016749312.000000000,-1.269977905,0.049424557,1.329303955,0.715877807,0.014971259,-0.697826818,-0.018236216
1718187361026749440.000000000,-1.276343750,0.047833473,1.328842285,0.708356134,0.183488540,-0.671433456,0.117220550
1718187361036749312.000000000,-1.282337646,0.045808197,1.328633423,0.683942497,0.330687072,-0.614111130,0.213860331
1718187361046749184.000000000,-1.288448975,0.043983582,1.328475220,0.692806709,0.504368064,-0.473133057,0.204393812
1718187361056749312.000000000,-1.294604370,0.042445969,1.328249512,0.570022396,0.722398614,-0.197594193,0.337892358
1718187361066749440.000000000,-1.300492676,0.040678925,1.328227417,0.436358500,0.798616419,0.093267818,0.403861597
1718187361076749312.000000000,-1.306201172,0.038779819,1.328254883,0.391209489,0.750951635,0.355395111,0.395880149
1718187361086749184.000000000,-1.311899658,0.036938480,1.328200562,0.404157341,0.559301054,0.609165598,0.390840695
1718187361096749312.000000000,-1.317673584,0.035047001,1.328303345,0.375400971,0.344738492,0.744025134,0.432037131
1718187361106749440.000000000,-1.323269775,0.033138840,1.328153687,0.320010595,-0.002311246,0.784147331,0.531696192
1718187361116749312.000000000,-1.329149780,0.031127649,1.328412231,0.274774745,-0.290614562,0.660206123,0.635743574
1718187361126749184.000000000,-1.334821289,0.029143066,1.328330933,0.086866921,-0.522147837,0.437521665,0.726904786
1718187361136749312.000000000,-1.340641479,0.027154526,1.328477417,-0.152260557,-0.628478544,0.164860520,0.744749926
1718187361146749440.000000000,-1.346614136,0.025191633,1.328786377,-0.418879148,-0.598951063,-0.190452116,0.655382236
1718187361156749312.000000000,-1.352479614,0.023306145,1.328962769,-0.676722373,-0.417278431,-0.418881950,0.438706567
1718187361166749184.000000000,-1.358376465,0.021476665,1.329174561,-0.842169979,-0.175596448,-0.487255004,0.149993916
1718187361176749312.000000000,-1.364305664,0.019726421,1.329415039,-0.898825605,0.055297749,-0.403011318,-0.163207136
1718187361186749440.000000000,-1.370253052,0.018030937,1.329702637,-0.856798197,0.203028055,-0.207749442,-0.426047683
1718187361196749312.000000000,-1.376187134,0.016412861,1.330028564,-0.775437567,0.221552103,0.018930089,-0.590976224
1718187361206749184.000000000,-1.382113159,0.014874241,1.330394653,-0.694540112,0.168551183,0.205643819,-0.668517129
1718187361216749312.000000000,-1.387954834,0.013397927,1.330807129,-0.630735159,0.077840299,0.345012558,-0.690710056
1718187361226749440.000000000,-1.393747314,0.012028311,1.331209229,-0.592550317,-0.026629537,0.427810646,-0.682021290
1718187361236749312.000000000,-1.399442017,0.010780354,1.331632568,-0.570888921,-0.102304097,0.473659004,-0.662772102
1718187361246749184.000000000,-1.405005737,0.009606779,1.331978027,-0.553564916,-0.230032936,0.482082890,-0.638941953
1718187361256749312.000000000,-1.410528076,0.008581557,1.332345581,-0.543450143,-0.292689921,0.477796696,-0.625063892
1718187361266749440.000000000,-1.416068726,0.007742554,1.332795410,-0.551219825,-0.227621638,0.512320708,-0.617958402
1718187361276749312.000000000,-1.421543579,0.006993474,1.333176025,-0.547533815,-0.261777760,0.517989260,-0.602798683
1718187361286749184.000000000,-1.426981689,0.006375714,1.333501709,-0.544277838,-0.295456156,0.517050052,-0.590869308
1718187361296749312.000000000,-1.432447266,0.005815852,1.333835693,-0.536936222,-0.347609634,0.516789550,-0.569030401
1718187361306749440.000000000,-1.437898315,0.005361063,1.334143677,-0.531467982,-0.389667002,0.520770784,-0.542677807
1718187361316749312.000000000,-1.443358887,0.004917827,1.334450928,-0.529923117,-0.421755788,0.526875198,-0.513523195
1718187361326749184.000000000,-1.448828003,0.004525341,1.334735229,-0.531835361,-0.452474290,0.532217791,-0.478709085
1718187361336749312.000000000,-1.454286865,0.004125838,1.335024536,-0.539450628,-0.473795928,0.537170235,-0.442672087
1718187361346749440.000000000,-1.459756348,0.003727998,1.335282227,-0.551371182,-0.488701760,0.540170000,-0.406665442
1718187361356749312.000000000,-1.465231689,0.003334516,1.335551758,-0.564399117,-0.500683650,0.539875473,-0.373234501
1718187361366749184.000000000,-1.470828369,0.003126378,1.335811523,-0.584484785,-0.495664737,0.544059907,-0.341603312
1718187361376749312.000000000,-1.476265869,0.002788035,1.336054932,-0.599527298,-0.495879127,0.543049553,-0.315860876
1718187361386749440.000000000,-1.481711060,0.002513432,1.336283569,-0.611366188,-0.495252925,0.541544135,-0.296118007
1718187361396749312.000000000,-1.487138306,0.002269981,1.336476318,-0.620580393,-0.486306708,0.544677186,-0.285854026
1718187361406749184.000000000,-1.492590088,0.002026221,1.336641235,-0.629898800,-0.470957285,0.551169986,-0.278636653
1718187361416749312.000000000,-1.498068604,0.001827885,1.336743896,-0.638723637,-0.457585739,0.556442862,-0.270219813
1718187361426749440.000000000,-1.503616577,0.001630170,1.336775024,-0.650450528,-0.435785247,0.565159384,-0.260000383
1718187361436749312.000000000,-1.509203613,0.001443907,1.336736084,-0.659451725,-0.413334731,0.574890421,-0.252544700
1718187361446749184.000000000,-1.514889404,0.001313222,1.336602905,-0.668761238,-0.387450512,0.586043394,-0.243297447
1718187361456749312.000000000,-1.520639771,0.001233945,1.336379272,-0.679157324,-0.363240589,0.594991298,-0.229754128
1718187361466749440.000000000,-1.526455566,0.001199748,1.336086426,-0.689716834,-0.346586597,0.598789896,-0.213586235
1718187361476749312.000000000,-1.532328369,0.001286901,1.335718872,-0.699336779,-0.327224922,0.603840225,-0.198062876
1718187361486749184.000000000,-1.538227539,0.001451621,1.335284058,-0.707610365,-0.319034987,0.602926393,-0.184347534
1718187361496749312.000000000,-1.544149414,0.001721735,1.334807373,-0.715558690,-0.309587145,0.602442496,-0.170864274
1718187361506749440.000000000,-1.550080688,0.002110108,1.334285767,-0.723376095,-0.303550482,0.599733608,-0.157809154
1718187361516749312.000000000,-1.556059937,0.002638606,1.333739746,-0.728050801,-0.299964454,0.598020594,-0.149448070
1718187361526749184.000000000,-1.561987183,0.003251878,1.333142700,-0.730394245,-0.295087758,0.598871818,-0.144222078
1718187361536749312.000000000,-1.567924927,0.003906596,1.332508911,-0.732986415,-0.296794201,0.595985432,-0.139447061
1718187361546749440.000000000,-1.573869995,0.004632222,1.331832886,-0.734610398,-0.296020405,0.595219775,-0.135767825
1718187361556749312.000000000,-1.579869873,0.005447553,1.331125366,-0.737166494,-0.300389911,0.590856698,-0.131300509
1718187361566749184.000000000,-1.585907593,0.006284256,1.330451538,-0.736537711,-0.299648573,0.592132193,-0.130776141
1718187361576749312.000000000,-1.591981689,0.007150723,1.329729126,-0.738433032,-0.300569550,0.590125414,-0.126990548
1718187361586749440.000000000,-1.598029541,0.008010989,1.329001099,-0.739116125,-0.301205727,0.589357509,-0.125060749
1718187361596749312.000000000,-1.604132690,0.008909164,1.328239624,-0.743494321,-0.293957932,0.589108829,-0.117284768
1718187361606749184.000000000,-1.610266602,0.009881129,1.327540527,-0.747613491,-0.283206524,0.590709383,-0.109227095
1718187361616749312.000000000,-1.616484985,0.010954345,1.326916504,-0.748805620,-0.278143627,0.592283567,-0.105481953
1718187361626749440.000000000,-1.622604736,0.011968491,1.326221069,-0.751992447,-0.254609604,0.600429364,-0.095738644
1718187361636749312.000000000,-1.628602539,0.013293685,1.325716187,-0.766244804,-0.254511975,0.585033055,-0.076347097
1718187361646749184.000000000,-1.634811768,0.014670472,1.325250366,-0.757608169,-0.246281968,0.598540868,-0.084403110
1718187361656749312.000000000,-1.640871826,0.015953856,1.324717529,-0.754719862,-0.226483853,0.610228366,-0.082002041
1718187361666749440.000000000,-1.646868774,0.017251621,1.324307617,-0.758628291,-0.216090731,0.610299276,-0.072956866
1718187361676749312.000000000,-1.652869995,0.018623964,1.323804199,-0.742731720,-0.185074317,0.638189885,-0.082527329
1718187361686749184.000000000,-1.658947144,0.020081062,1.323364746,-0.736330249,-0.165771310,0.650794263,-0.082489181
1718187361696749312.000000000,-1.665139404,0.021701056,1.322929077,-0.731203948,-0.149192484,0.660689924,-0.081063018
1718187361706749440.000000000,-1.671273438,0.023233431,1.322517578,-0.722484326,-0.127968671,0.674492723,-0.081853432
1718187361716749312.000000000,-1.677539429,0.024787094,1.322177368,-0.712015878,-0.100256620,0.690357693,-0.079926567
1718187361726749184.000000000,-1.683338257,0.026408154,1.321714355,-0.714443795,-0.081255266,0.692233498,-0.061485198
1718187361736749312.000000000,-1.689576294,0.028080559,1.321344360,-0.710851612,-0.069286415,0.697549799,-0.057564375
1718187361746749440.000000000,-1.695850342,0.029830818,1.321041138,-0.707942787,-0.061863968,0.701321583,-0.056016938
1718187361756749312.000000000,-1.702353516,0.031845413,1.320716797,-0.717601271,-0.067260572,0.691744934,-0.044870668
1718187361766749184.000000000,-1.708812866,0.033739250,1.320623657,-0.742464252,-0.079100780,0.664962733,-0.017733155
1718187361776749312.000000000,-1.715277344,0.035706524,1.320379028,-0.758021829,-0.089774928,0.646011079,-0.003613164
1718187361786749440.000000000,-1.721743774,0.037707882,1.320218140,-0.772421484,-0.103163103,0.626634222,0.007209454
1718187361796749312.000000000,-1.728275391,0.039781372,1.320147217,-0.790578451,-0.126709994,0.598846053,0.017711470
1718187361806749184.000000000,-1.734784180,0.041942921,1.320127930,-0.810124423,-0.150868203,0.565659686,0.031085775
1718187361816749312.000000000,-1.741216919,0.044156490,1.320211182,-0.822592674,-0.176663915,0.539153635,0.038006722
1718187361826749440.000000000,-1.747489380,0.046288342,1.320352295,-0.830031007,-0.203634470,0.517598851,0.040901830
1718187361836749312.000000000,-1.753626343,0.048442905,1.320564453,-0.833464008,-0.227559242,0.501775824,0.042137407
1718187361846749184.000000000,-1.759721558,0.050657654,1.320811890,-0.833788009,-0.245289755,0.492790203,0.042288381
1718187361856749312.000000000,-1.765687134,0.052792122,1.321082397,-0.833821494,-0.260259915,0.484941039,0.042879852
1718187361866749440.000000000,-1.771532959,0.054860073,1.321407349,-0.830543170,-0.264842001,0.488365532,0.039444442
1718187361876749312.000000000,-1.777322144,0.056838776,1.321766235,-0.825877373,-0.261066858,0.498587454,0.034368748
1718187361886749184.000000000,-1.783082886,0.058813335,1.322140625,-0.820397884,-0.237115105,0.519459555,0.029757500
1718187361896749312.000000000,-1.788851318,0.060707619,1.322569458,-0.816877487,-0.214004560,0.534813068,0.029802721
1718187361906749440.000000000,-1.794738037,0.062678726,1.323090088,-0.818453524,-0.201328334,0.536949053,0.035867040
1718187361916749312.000000000,-1.800518066,0.064580139,1.323435669,-0.815813847,-0.160881050,0.553629053,0.045386410
1718187361926749184.000000000,-1.806447266,0.066553497,1.323875610,-0.821560650,-0.135803472,0.550113465,0.063013424
1718187361936749312.000000000,-1.812401367,0.068588257,1.324282349,-0.829610598,-0.114601860,0.540193980,0.082481116
1718187361946749440.000000000,-1.818412354,0.070683899,1.324671875,-0.841153148,-0.098326390,0.521578121,0.103680117
1718187361956749312.000000000,-1.824477539,0.072861122,1.325033447,-0.857239516,-0.092039009,0.491045932,0.124672071
1718187361966749184.000000000,-1.830509766,0.075069489,1.325397949,-0.870953666,-0.087311012,0.462288685,0.141794466
1718187361976749312.000000000,-1.836586060,0.077345268,1.325907593,-0.887601065,-0.107066187,0.420920398,0.153385790
1718187361986749440.000000000,-1.842437378,0.079533478,1.326300293,-0.896063066,-0.111939631,0.397427970,0.163069031
1718187361996749312.000000000,-1.848017456,0.081979652,1.326877197,-0.905213906,-0.138539087,0.365045174,0.167740059
1718187362006749184.000000000,-1.853554932,0.084307625,1.327369995,-0.908487867,-0.151582719,0.349368692,0.172087161
1718187362016749312.000000000,-1.858940674,0.086611458,1.327837280,-0.908556892,-0.160854297,0.344081826,0.173948173
1718187362026749440.000000000,-1.864166748,0.088857269,1.328305908,-0.906649223,-0.171711663,0.344003636,0.173677258
1718187362036749312.000000000,-1.869384766,0.091058067,1.328771851,-0.904920991,-0.179243899,0.344767534,0.173565468
1718187362046749184.000000000,-1.874307007,0.093310562,1.329216309,-0.899134911,-0.190404012,0.355977661,0.169063980
1718187362056749312.000000000,-1.879385010,0.095473442,1.329640747,-0.896052132,-0.196217583,0.361256916,0.167578868
1718187362066749440.000000000,-1.884513306,0.097606689,1.329978394,-0.892978822,-0.196441098,0.369335882,0.166104556
1718187362076749312.000000000,-1.889676880,0.099668732,1.330265503,-0.891184631,-0.198329700,0.372630165,0.166138628
1718187362086749184.000000000,-1.894956665,0.101740326,1.330470825,-0.891538784,-0.190047327,0.374683037,0.169272656
1718187362096749312.000000000,-1.900318359,0.103806099,1.330635010,-0.892420355,-0.183181115,0.374052539,0.173537565
1718187362106749440.000000000,-1.905759155,0.105839470,1.330709961,-0.894372327,-0.175980216,0.370140885,0.179234010
1718187362116749312.000000000,-1.911245239,0.107871078,1.330701172,-0.898001253,-0.164168965,0.362812592,0.187107784
1718187362126749184.000000000,-1.916801270,0.109894951,1.330589355,-0.901598341,-0.153410693,0.354111420,0.195424393
1718187362136749312.000000000,-1.922418213,0.111846977,1.330404053,-0.906008684,-0.142045595,0.342620881,0.203917250
1718187362146749440.000000000,-1.927719360,0.113974373,1.330236938,-0.905981626,-0.129169282,0.344076461,0.210057087
1718187362156749312.000000000,-1.933256104,0.115933907,1.329958618,-0.907421582,-0.118654734,0.340253856,0.216181497
1718187362166749184.000000000,-1.938761230,0.117850929,1.329664063,-0.907692230,-0.108958620,0.339917971,0.220632289
1718187362176749312.000000000,-1.944272217,0.119763626,1.329318970,-0.906909882,-0.099722641,0.342399544,0.224348867
1718187362186749440.000000000,-1.949829834,0.121642471,1.328952881,-0.906750983,-0.092890921,0.342087105,0.228364499
1718187362196749312.000000000,-1.955388306,0.123488701,1.328562988,-0.906367269,-0.082141397,0.343018680,0.232571172
1718187362206749184.000000000,-1.960967529,0.125293922,1.328134766,-0.906302421,-0.074853753,0.342112187,0.236584211
1718187362216749312.000000000,-1.966625122,0.127090782,1.327708496,-0.906484492,-0.068159308,0.339966065,0.240963169
1718187362226749440.000000000,-1.972390503,0.128889465,1.327287598,-0.907359269,-0.061950905,0.335242462,0.245914078
1718187362236749312.000000000,-1.978180542,0.130681473,1.326884644,-0.908898591,-0.058340905,0.327785465,0.251110293
1718187362246749184.000000000,-1.983938232,0.132461044,1.326452271,-0.910606429,-0.054046305,0.319246278,0.256820449
1718187362256749312.000000000,-1.989628296,0.134264099,1.326000122,-0.912546353,-0.050022138,0.309360616,0.262779277
1718187362266749440.000000000,-1.995336426,0.136092606,1.325625122,-0.913841007,-0.047106177,0.301091402,0.268364658
1718187362276749312.000000000,-2.000963501,0.137903641,1.325288574,-0.914365902,-0.048309221,0.295290433,0.272772391
1718187362286749184.000000000,-2.006483521,0.139683929,1.324973633,-0.914486359,-0.046144948,0.291024942,0.277290147
1718187362296749312.000000000,-2.011904907,0.141413696,1.324676758,-0.913585082,-0.045156478,0.290680556,0.280763253
1718187362306749440.000000000,-2.017291748,0.143091125,1.324418579,-0.911088086,-0.040709337,0.296535480,0.283421873
1718187362316749312.000000000,-2.022602539,0.144712189,1.324167236,-0.908589952,-0.034336751,0.302395732,0.286080598
1718187362326749184.000000000,-2.027771973,0.146223618,1.323828003,-0.905238910,-0.035446546,0.311213520,0.287110089
1718187362336749312.000000000,-2.033248413,0.147747208,1.323661133,-0.900822335,-0.019236809,0.322578448,0.289986571
1718187362346749440.000000000,-2.038615479,0.149206726,1.323437866,-0.896483572,-0.005047252,0.331614534,0.293808664
1718187362356749312.000000000,-2.044033813,0.150706421,1.323218628,-0.892108853,0.008332990,0.339407521,0.298118921
1718187362366749184.000000000,-2.049574219,0.152173767,1.322978516,-0.888554974,0.020882746,0.343450043,0.303440336
1718187362376749312.000000000,-2.055245850,0.153680038,1.322752197,-0.886139156,0.032547382,0.343029425,0.309885264
1718187362386749440.000000000,-2.061003662,0.155197433,1.322431030,-0.884980713,0.043301458,0.338130691,0.317177800
1718187362396749312.000000000,-2.066890625,0.156794067,1.322174316,-0.884399630,0.051781904,0.331228828,0.324720484
1718187362406749184.000000000,-2.072878662,0.158414627,1.321898682,-0.884980318,0.057766101,0.321282681,0.332039686
1718187362416749312.000000000,-2.079025391,0.160182632,1.321741455,-0.887970892,0.052676260,0.307751701,0.337671137
1718187362426749440.000000000,-2.085036865,0.161932297,1.321469971,-0.889835466,0.053429665,0.294645377,0.344270557
1718187362436749312.000000000,-2.091201416,0.163701996,1.321444458,-0.888049791,0.051380173,0.296279772,0.347772833
1718187362446749184.000000000,-2.097030762,0.165485641,1.321032593,-0.894233722,0.051640527,0.266278545,0.356054831
1718187362456749312.000000000,-2.103003906,0.167370285,1.320982910,-0.897650383,0.041149993,0.250867358,0.359994495
1718187362466749440.000000000,-2.108923584,0.169280762,1.321033325,-0.901345102,0.028701841,0.233979206,0.363327596
1718187362476749312.000000000,-2.114666748,0.171169830,1.321186768,-0.903873217,0.015514444,0.221108349,0.365901090
1718187362486749184.000000000,-2.120269531,0.173057297,1.321433472,-0.905450688,0.004996463,0.210804095,0.368369000
1718187362496749312.000000000,-2.125689209,0.174946106,1.321719360,-0.905787543,-0.003143072,0.206221263,0.370151102
1718187362506749440.000000000,-2.130932373,0.176842575,1.322171997,-0.902881024,-0.010537753,0.218371613,0.370146795
1718187362516749312.000000000,-2.135844971,0.178690201,1.322397095,-0.902952395,-0.008294146,0.211986224,0.373724524
1718187362526749184.000000000,-2.140665527,0.180764603,1.322982422,-0.898842837,-0.013946545,0.230825281,0.372299258
1718187362536749312.000000000,-2.145321289,0.182700287,1.323351318,-0.894243112,-0.006932211,0.246099277,0.373786500
1718187362546749440.000000000,-2.150010010,0.184668518,1.323671021,-0.890478628,0.002248242,0.255712537,0.376369310
1718187362556749312.000000000,-2.154559570,0.186750031,1.323934204,-0.888234579,0.004410344,0.259600477,0.378982155
1718187362566749184.000000000,-2.159209717,0.189013046,1.324357300,-0.885254676,0.002492089,0.267770315,0.380285427
1718187362576749312.000000000,-2.163843018,0.191358276,1.324704102,-0.883932661,-0.002560575,0.269305032,0.382271231
1718187362586749440.000000000,-2.168484375,0.193824463,1.325051514,-0.883329561,-0.009034095,0.267654512,0.384718512
1718187362596749312.000000000,-2.173119385,0.196366440,1.325389771,-0.882994450,-0.018966999,0.265809779,0.386401625
1718187362606749184.000000000,-2.177539795,0.198993164,1.325652588,-0.883773336,-0.027854883,0.255961325,0.390707814
1718187362616749312.000000000,-2.182157471,0.201616348,1.326036865,-0.882400703,-0.039375698,0.258865870,0.390905377
1718187362626749440.000000000,-2.186598145,0.204319641,1.326391113,-0.880812043,-0.050554804,0.261603763,0.391379391
1718187362636749312.000000000,-2.190945557,0.207083038,1.326774780,-0.879099684,-0.061676406,0.264382603,0.391767286
1718187362646749184.000000000,-2.195198730,0.209869705,1.327133423,-0.876615355,-0.069617964,0.270610185,0.391751178
1718187362656749312.000000000,-2.199391602,0.212646744,1.327440552,-0.874006879,-0.076234705,0.278404791,0.390884916
1718187362666749440.000000000,-2.203574951,0.215452545,1.327710449,-0.871497601,-0.080039779,0.286200328,0.390096061
1718187362676749312.000000000,-2.207789307,0.218282410,1.327911865,-0.869570563,-0.080788415,0.292244569,0.389760670
1718187362686749184.000000000,-2.212034180,0.221123398,1.328088501,-0.867532604,-0.079171593,0.298986512,0.389520352
1718187362696749312.000000000,-2.216355713,0.223985443,1.328199341,-0.866392941,-0.072995121,0.302127133,0.390837793
1718187362706749440.000000000,-2.220727783,0.226910416,1.328192627,-0.865698154,-0.066346118,0.302541618,0.393234622
1718187362716749312.000000000,-2.225182617,0.229916595,1.328145630,-0.865380281,-0.056108119,0.301047079,0.396660440
1718187362726749184.000000000,-2.229697021,0.233022156,1.327973511,-0.865133562,-0.046781208,0.297927989,0.400742251
1718187362736749312.000000000,-2.234272461,0.236244797,1.327762085,-0.865394954,-0.038004848,0.291868361,0.405536761
1718187362746749440.000000000,-2.238910400,0.239635849,1.327502808,-0.864626377,-0.028851339,0.288687202,0.410181091
1718187362756749312.000000000,-2.243380615,0.243086487,1.327112061,-0.865620625,-0.020970458,0.277646617,0.416141237
1718187362766749184.000000000,-2.247870361,0.246707932,1.326719482,-0.865772084,-0.015857082,0.270291815,0.420867659
1718187362776749312.000000000,-2.252233154,0.250458420,1.326301270,-0.865489883,-0.009735855,0.264330331,0.425396229
1718187362786749440.000000000,-2.256530273,0.254299973,1.325855957,-0.864744870,-0.006155106,0.261632896,0.428633471
1718187362796749312.000000000,-2.260691406,0.258253235,1.325416138,-0.863787838,-0.003919823,0.260847365,0.431061317
1718187362806749184.000000000,-2.264753662,0.262273773,1.324935913,-0.862184342,-0.002947308,0.264707236,0.431925401
1718187362816749312.000000000,-2.268724854,0.266353912,1.324407471,-0.860428229,-0.002387162,0.269842338,0.432253024
1718187362826749440.000000000,-2.272710938,0.270549225,1.323929932,-0.857828283,-0.001547033,0.278668522,0.431824152
1718187362836749312.000000000,-2.276547363,0.274748260,1.323327393,-0.856763228,-0.003302064,0.282426953,0.431486828
1718187362846749184.000000000,-2.280439453,0.279067505,1.322778076,-0.854903905,-0.002827648,0.288814148,0.430949772
1718187362856749312.000000000,-2.284367188,0.283449493,1.322202637,-0.853159520,-0.002971369,0.295119217,0.430133295
1718187362866749440.000000000,-2.288280273,0.287888794,1.321630249,-0.851870108,-0.003610940,0.299235776,0.429839773
1718187362876749312.000000000,-2.292240967,0.292409943,1.321056519,-0.850395321,-0.002997278,0.303233691,0.429962955
1718187362886749184.000000000,-2.296229736,0.297000549,1.320482544,-0.849297071,-0.002152404,0.305532224,0.430511222
1718187362896749312.000000000,-2.300240479,0.301618744,1.319903564,-0.848583330,-0.001006770,0.305975504,0.431606660
1718187362906749440.000000000,-2.304265625,0.306313141,1.319356567,-0.847945761,0.000272835,0.305715121,0.433042928
1718187362916749312.000000000,-2.308292480,0.311003357,1.318812500,-0.847299341,0.003552345,0.304503559,0.435142264
1718187362926749184.000000000,-2.312321045,0.315716797,1.318290894,-0.846570805,0.007989645,0.302910714,0.437606145
1718187362936749312.000000000,-2.316274902,0.320451965,1.317804810,-0.845829397,0.013169958,0.301028570,0.440205614
1718187362946749440.000000000,-2.320192383,0.325178741,1.317332642,-0.844626748,0.020913292,0.299861512,0.443002670
1718187362956749312.000000000,-2.324070068,0.329902893,1.316880859,-0.842924461,0.028082113,0.300679036,0.445288519
1718187362966749184.000000000,-2.327913574,0.334663147,1.316440918,-0.841271462,0.036027237,0.300632093,0.447866845
1718187362976749312.000000000,-2.331684570,0.339435669,1.316045776,-0.839055865,0.046826374,0.300929881,0.450814543
1718187362986749440.000000000,-2.335409180,0.344227112,1.315646851,-0.836758546,0.056983315,0.301361080,0.453618272
1718187362996749312.000000000,-2.339138184,0.349068176,1.315309082,-0.833943402,0.070539345,0.300700252,0.457320415
1718187363006749184.000000000,-2.342839600,0.353940857,1.315002563,-0.831349067,0.081656995,0.300002811,0.460639965
1718187363016749312.000000000,-2.346536621,0.358892609,1.314747925,-0.828965818,0.092631278,0.297581746,0.464413849
1718187363026749440.000000000,-2.350205322,0.363868317,1.314472656,-0.826746479,0.102771203,0.294391330,0.468254294
1718187363036749312.000000000,-2.353915771,0.368951721,1.314269287,-0.824987954,0.110348521,0.291142135,0.471650652
1718187363046749184.000000000,-2.357626953,0.374121490,1.314070190,-0.823668908,0.117168936,0.286592421,0.475084997
1718187363056749312.000000000,-2.361335449,0.379358185,1.313901855,-0.823204493,0.119780904,0.282332472,0.477781617
1718187363066749440.000000000,-2.365053955,0.384689850,1.313752197,-0.824090836,0.117936143,0.276936424,0.479866207
1718187363076749312.000000000,-2.368775879,0.390127441,1.313645874,-0.826142723,0.113482511,0.268765716,0.482052808
1718187363086749184.000000000,-2.372458252,0.395666107,1.313611328,-0.828437303,0.106526711,0.261454179,0.483720381
1718187363096749312.000000000,-2.376133789,0.401245819,1.313628662,-0.831925442,0.094998615,0.253244591,0.484502321
1718187363106749440.000000000,-2.379755615,0.406843933,1.313702759,-0.835596583,0.079562881,0.246136316,0.484628738
1718187363116749312.000000000,-2.383293701,0.412439941,1.313844116,-0.838879975,0.064269468,0.239668791,0.484467433
1718187363126749184.000000000,-2.386750488,0.418008301,1.314053833,-0.841402714,0.048169051,0.235719865,0.483898088
1718187363136749312.000000000,-2.390090820,0.423483490,1.314318604,-0.842991990,0.034365855,0.234006992,0.483139959
1718187363146749440.000000000,-2.393301758,0.428921661,1.314656250,-0.843666677,0.022696497,0.234980114,0.482178134
1718187363156749312.000000000,-2.396403564,0.434244202,1.315003662,-0.843174962,0.015416527,0.239798637,0.480952105
1718187363166749184.000000000,-2.399432129,0.439485535,1.315394409,-0.842318393,0.011543275,0.245642819,0.479610345
1718187363176749312.000000000,-2.402416992,0.444642426,1.315785522,-0.841100401,0.010629599,0.252004857,0.478467009
1718187363186749440.000000000,-2.405404785,0.449746307,1.316182251,-0.839479088,0.014526818,0.258572533,0.477707105
1718187363196749312.000000000,-2.408430176,0.454795349,1.316533691,-0.837563406,0.021584021,0.264698903,0.477447548
1718187363206749184.000000000,-2.411518799,0.459867218,1.316892822,-0.836194567,0.028676364,0.266928503,0.478231625
1718187363216749312.000000000,-2.414665527,0.464966644,1.317221680,-0.835059142,0.036576146,0.266245896,0.480053683
1718187363226749440.000000000,-2.417905762,0.470110840,1.317520386,-0.833948878,0.043692691,0.264309904,0.482452580
1718187363236749312.000000000,-2.421180908,0.475316498,1.317761963,-0.833529615,0.049214143,0.258820315,0.485611360
1718187363246749184.000000000,-2.424585938,0.480658081,1.318051392,-0.834260833,0.046954792,0.250713223,0.488822043
1718187363256749312.000000000,-2.427887695,0.485970306,1.318175903,-0.834387966,0.050243117,0.241985255,0.492661636
1718187363266749440.000000000,-2.431185791,0.491361755,1.318357544,-0.835500915,0.045940538,0.231653211,0.496149654
1718187363276749312.000000000,-2.434418701,0.496776550,1.318556396,-0.836731697,0.039362075,0.221228668,0.499388196
1718187363286749184.000000000,-2.437350342,0.501955139,1.318494995,-0.835972586,0.045516458,0.214791541,0.502934073
1718187363296749312.000000000,-2.440280273,0.507265137,1.318731689,-0.836243640,0.039164050,0.210332338,0.504899059
1718187363306749440.000000000,-2.443062012,0.512460083,1.319004150,-0.836300629,0.031776135,0.208247531,0.506186231
1718187363316749312.000000000,-2.445679443,0.517560852,1.319279053,-0.835943501,0.024267768,0.208457858,0.507104387
1718187363326749184.000000000,-2.448166016,0.522555969,1.319584595,-0.835282958,0.018934703,0.210963002,0.507383946
1718187363336749312.000000000,-2.450600098,0.527442993,1.319920288,-0.834097838,0.015747489,0.216851021,0.506960006
1718187363346749440.000000000,-2.453016602,0.532232056,1.320289673,-0.833016420,0.013898057,0.222402298,0.506386913
1718187363356749312.000000000,-2.455444092,0.536965637,1.320641479,-0.831937944,0.013313291,0.227191304,0.506049528
1718187363366749184.000000000,-2.457894531,0.541700745,1.320985718,-0.830953361,0.013921727,0.230698054,0.506064329
1718187363376749312.000000000,-2.460391846,0.546401855,1.321291992,-0.830217111,0.015933276,0.231461996,0.506863910
1718187363386749440.000000000,-2.462967285,0.551118164,1.321585449,-0.829374211,0.019377048,0.231309848,0.508191600
1718187363396749312.000000000,-2.465652588,0.555891479,1.321830322,-0.828625198,0.024442338,0.228528593,0.510448366
1718187363406749184.000000000,-2.468364014,0.560725586,1.321998779,-0.828164280,0.028230619,0.223243993,0.513331352
1718187363416749312.000000000,-2.471177002,0.565610535,1.322121338,-0.827661600,0.034209162,0.215730842,0.516977962
1718187363426749440.000000000,-2.473986328,0.570550720,1.322152588,-0.827216437,0.039222387,0.207204508,0.520807893
1718187363436749312.000000000,-2.476855469,0.575571167,1.322174194,-0.826385447,0.044103841,0.199767347,0.524628393
1718187363446749184.000000000,-2.479679688,0.580662537,1.322081055,-0.825869386,0.049308216,0.191195998,0.528159586
1718187363456749312.000000000,-2.482477295,0.585771118,1.321968750,-0.824666537,0.054346561,0.185717515,0.531489001
1718187363466749440.000000000,-2.485236816,0.590948730,1.321773560,-0.823776149,0.058443156,0.180676779,0.534165850
1718187363476749312.000000000,-2.487997803,0.596168030,1.321558228,-0.822817806,0.062039425,0.177484060,0.536303438
1718187363486749184.000000000,-2.490675293,0.601460327,1.321290039,-0.821697541,0.065371159,0.175733556,0.538198365
1718187363496749312.000000000,-2.493294922,0.606763611,1.320916016,-0.820677272,0.067867583,0.175283049,0.539591196
1718187363506749440.000000000,-2.495916504,0.612168457,1.320573486,-0.819826851,0.067946796,0.175536880,0.540790136
1718187363516749312.000000000,-2.498542969,0.617626648,1.320243530,-0.818485562,0.068596852,0.180236942,0.541193590
1718187363526749184.000000000,-2.501083008,0.623097168,1.319814819,-0.817711912,0.067209211,0.181572639,0.542089963
1718187363536749312.000000000,-2.503650635,0.628627502,1.319424683,-0.816532577,0.066311542,0.185035007,0.542806942
1718187363546749440.000000000,-2.506162109,0.634333069,1.319088501,-0.816496084,0.063437878,0.186825577,0.542591913
1718187363556749312.000000000,-2.508741699,0.639884460,1.318630859,-0.815142942,0.063347994,0.187275901,0.544478423
1718187363566749184.000000000,-2.511423584,0.645513245,1.318284180,-0.813195461,0.062711352,0.191308437,0.546059988
1718187363576749312.000000000,-2.514027832,0.651123474,1.317872559,-0.811795511,0.062646921,0.189010874,0.548942894
1718187363586749440.000000000,-2.516660889,0.656743164,1.317470703,-0.810430636,0.062018664,0.187926671,0.551397711
1718187363596749312.000000000,-2.519251465,0.662396118,1.317142212,-0.808670324,0.062124962,0.186395044,0.554481454
1718187363606749184.000000000,-2.521844727,0.667950745,1.316805908,-0.807417271,0.062502331,0.183632931,0.557180182
1718187363616749312.000000000,-2.524310303,0.673662537,1.316561401,-0.806105777,0.059904479,0.182337401,0.559783888
1718187363626749440.000000000,-2.526887451,0.679193726,1.316320679,-0.804195051,0.063085911,0.181212739,0.562541049
1718187363636749312.000000000,-2.529416260,0.684700806,1.316072510,-0.802037504,0.066488313,0.180529857,0.565441525
1718187363646749184.000000000,-2.531919678,0.690129700,1.315826904,-0.800106248,0.070469384,0.177594998,0.568615928
1718187363656749312.000000000,-2.534379639,0.695493896,1.315574341,-0.798000265,0.075767470,0.176069840,0.571361776
1718187363666749440.000000000,-2.536816406,0.700873657,1.315345947,-0.795744061,0.080988461,0.175267834,0.574032616
1718187363676749312.000000000,-2.539204834,0.706193054,1.315080566,-0.793255907,0.087399962,0.174631182,0.576723731
1718187363686749184.000000000,-2.541615723,0.711539429,1.314859497,-0.790585906,0.093855596,0.174237335,0.579488053
1718187363696749312.000000000,-2.543896240,0.716875183,1.314519287,-0.787495077,0.102852321,0.172896186,0.582563141
1718187363706749440.000000000,-2.546262451,0.722285889,1.314294678,-0.784452116,0.108920292,0.172338311,0.585722421
1718187363716749312.000000000,-2.548632324,0.727722229,1.314047119,-0.781885914,0.112655768,0.170966269,0.588840921
1718187363726749184.000000000,-2.550978271,0.733222229,1.313773438,-0.779278868,0.115582753,0.169519364,0.592138715
1718187363736749312.000000000,-2.553353271,0.738785156,1.313505371,-0.776879489,0.117531620,0.166793221,0.595671553
1718187363746749440.000000000,-2.555778076,0.744406433,1.313238892,-0.774745046,0.117941788,0.163920958,0.599157549
1718187363756749312.000000000,-2.558195068,0.750102051,1.312948242,-0.772959663,0.117166762,0.159879503,0.602697150
1718187363766749184.000000000,-2.560586914,0.755869263,1.312668823,-0.771417967,0.114758897,0.155161179,0.606357752
1718187363776749312.000000000,-2.563028809,0.761712830,1.312418213,-0.770364673,0.110225868,0.150572796,0.609685462
1718187363786749440.000000000,-2.565462891,0.767640320,1.312163330,-0.769834765,0.103478287,0.145058513,0.612865978
1718187363796749312.000000000,-2.567881836,0.773628601,1.311982056,-0.769590137,0.093727355,0.140252079,0.615853520
1718187363806749184.000000000,-2.570180420,0.779630981,1.311712646,-0.769979694,0.081762336,0.130962911,0.619108155
1718187363816749312.000000000,-2.572487305,0.785572388,1.311639160,-0.769939088,0.069804272,0.125777798,0.621692134
1718187363826749440.000000000,-2.574674561,0.791478760,1.311626099,-0.769631251,0.057994305,0.121616485,0.624110430
1718187363836749312.000000000,-2.576735596,0.797274902,1.311635132,-0.769108512,0.047030977,0.118593214,0.626255406
1718187363846749184.000000000,-2.578675049,0.802914490,1.311783691,-0.767850413,0.040749741,0.120602721,0.627853634
1718187363856749312.000000000,-2.580360840,0.808422607,1.311732666,-0.766527773,0.036129238,0.118881823,0.630076950
1718187363866749440.000000000,-2.581929932,0.813775574,1.311791016,-0.764790143,0.035747407,0.120922612,0.631819501
1718187363876749312.000000000,-2.583576904,0.818991699,1.311977051,-0.762640884,0.040323626,0.126380329,0.633072586
1718187363886749184.000000000,-2.584861816,0.824126099,1.311980713,-0.760019320,0.045771647,0.130929614,0.634927575
1718187363896749312.000000000,-2.586075195,0.829225403,1.311946899,-0.756970529,0.053525443,0.135069233,0.637092574
1718187363906749440.000000000,-2.587209473,0.834361328,1.311872925,-0.753920769,0.059653585,0.138308764,0.639465097
1718187363916749312.000000000,-2.588296631,0.839521240,1.311780762,-0.750486587,0.066433816,0.141305297,0.642175400
1718187363926749184.000000000,-2.589345947,0.844784302,1.311667358,-0.747390669,0.069964052,0.142773728,0.645079749
1718187363936749312.000000000,-2.590365479,0.850143677,1.311536133,-0.744669084,0.070087725,0.142297563,0.648310935
1718187363946749440.000000000,-2.591334229,0.855597412,1.311424316,-0.742164857,0.068651420,0.141985549,0.651397277
1718187363956749312.000000000,-2.592290283,0.861115295,1.311347534,-0.740023529,0.063875528,0.140498838,0.654633615
1718187363966749184.000000000,-2.593177246,0.866656250,1.311299316,-0.738184979,0.058027429,0.139206528,0.657523609
1718187363976749312.000000000,-2.593993896,0.872188293,1.311242554,-0.736270961,0.051872437,0.138221327,0.660385635
1718187363986749440.000000000,-2.594742920,0.877678589,1.311234741,-0.734492196,0.045807772,0.138127381,0.662830060
1718187363996749312.000000000,-2.595355713,0.883087585,1.311231567,-0.732555962,0.041495992,0.138247082,0.665227473
1718187364006749184.000000000,-2.595887451,0.888431458,1.311268677,-0.730615160,0.038898523,0.139123623,0.667332758
1718187364016749312.000000000,-2.596314453,0.893697693,1.311294434,-0.728524848,0.038392459,0.141748330,0.669092651
1718187364026749440.000000000,-2.596655029,0.898902832,1.311307373,-0.726532383,0.039966898,0.144497456,0.670577235
1718187364036749312.000000000,-2.596938965,0.904085022,1.311284546,-0.724460090,0.043028472,0.146487121,0.672196141
1718187364046749184.000000000,-2.597203857,0.909300781,1.311217163,-0.722308064,0.047176106,0.148301946,0.673833814
1718187364056749312.000000000,-2.597438477,0.914567932,1.311074585,-0.720314561,0.051541209,0.149023215,0.675486875
1718187364066749440.000000000,-2.597658691,0.919958801,1.310845825,-0.718306778,0.055793626,0.148082304,0.677491015
1718187364076749312.000000000,-2.597883545,0.925471375,1.310580078,-0.716386293,0.057969804,0.146927637,0.679589914
1718187364086749184.000000000,-2.598085449,0.931158203,1.310277954,-0.714606161,0.059324483,0.144226527,0.681921806
1718187364096749312.000000000,-2.598249268,0.936969788,1.309899048,-0.712918366,0.058803033,0.139997324,0.684609638
1718187364106749440.000000000,-2.598355957,0.942885620,1.309463867,-0.711245791,0.057829046,0.135862678,0.687260182
1718187364116749312.000000000,-2.598373047,0.948891907,1.309046875,-0.709500040,0.055395797,0.131696640,0.690070282
1718187364126749184.000000000,-2.598287354,0.954926392,1.308598145,-0.707730149,0.053432370,0.128003838,0.692732297
1718187364136749312.000000000,-2.598045410,0.960983704,1.308119141,-0.705787270,0.051669508,0.125199527,0.695355787
1718187364146749440.000000000,-2.597497314,0.966946533,1.307440674,-0.703995338,0.046903804,0.116177476,0.699066085
1718187364156749312.000000000,-2.596959473,0.972946960,1.306972168,-0.701752280,0.047369754,0.115743364,0.701358195
1718187364166749184.000000000,-2.596286865,0.978893127,1.306491333,-0.699372662,0.049561883,0.115780580,0.703573988
1718187364176749312.000000000,-2.595463867,0.984824341,1.306026367,-0.696808726,0.052315734,0.117182363,0.705683327
1718187364186749440.000000000,-2.594494141,0.990729004,1.305517822,-0.694170442,0.056206234,0.118308485,0.707793303
1718187364196749312.000000000,-2.593425293,0.996629333,1.305007080,-0.691633659,0.060125441,0.120587026,0.709567885
1718187364206749184.000000000,-2.592272949,1.002576843,1.304495239,-0.688815028,0.064574346,0.122769126,0.711541814
1718187364216749312.000000000,-2.591050293,1.008613586,1.303997437,-0.685725751,0.069743348,0.125432019,0.713570507
1718187364226749440.000000000,-2.589787842,1.014713257,1.303432739,-0.682998253,0.073778296,0.126529509,0.715583980
1718187364236749312.000000000,-2.588537842,1.020900513,1.302878052,-0.680629413,0.076766061,0.127638409,0.717327687
1718187364246749184.000000000,-2.587223389,1.027217773,1.302278809,-0.678283035,0.078926164,0.128275517,0.719199678
1718187364256749312.000000000,-2.585909668,1.033593872,1.301676758,-0.676208155,0.079950472,0.128551227,0.720988929
1718187364266749440.000000000,-2.584566406,1.040028076,1.301057251,-0.674299378,0.080905403,0.129337223,0.722527887
1718187364276749312.000000000,-2.583120850,1.046530762,1.300358276,-0.672563691,0.079692602,0.127873619,0.724538135
1718187364286749184.000000000,-2.581704102,1.053038208,1.299798584,-0.670750890,0.082143590,0.130083157,0.725550857
1718187364296749312.000000000,-2.580192871,1.059546143,1.299220459,-0.668927108,0.083545458,0.130913287,0.726923925
1718187364306749440.000000000,-2.578558594,1.066031982,1.298671875,-0.666985562,0.085929399,0.131221176,0.728373119
1718187364316749312.000000000,-2.576869873,1.072502808,1.298147095,-0.664995663,0.088555074,0.131351228,0.729853151
1718187364326749184.000000000,-2.575104980,1.078978394,1.297686035,-0.662887770,0.091209659,0.131018844,0.731501651
1718187364336749312.000000000,-2.573267090,1.085476318,1.297248779,-0.660478561,0.094314606,0.129702670,0.733518945
1718187364346749440.000000000,-2.571353516,1.092000977,1.296873657,-0.658119404,0.095795766,0.128437418,0.735666943
1718187364356749312.000000000,-2.569363525,1.098621460,1.296535645,-0.655731296,0.095933805,0.127213911,0.737990375
1718187364366749184.000000000,-2.567342529,1.105286621,1.296246826,-0.653603121,0.093440439,0.126298247,0.740351671
1718187364376749312.000000000,-2.565277344,1.112050903,1.296022827,-0.651738059,0.088342486,0.125886542,0.742688149
1718187364386749440.000000000,-2.563170898,1.118856445,1.295886597,-0.650029524,0.081436003,0.126396360,0.744885062
1718187364396749312.000000000,-2.560998291,1.125660034,1.295837524,-0.648393189,0.071781120,0.127339156,0.747140203
1718187364406749184.000000000,-2.558789795,1.132417358,1.295909302,-0.646779226,0.062460800,0.130235820,0.748875098
1718187364416749312.000000000,-2.556549805,1.139054688,1.296129517,-0.645057621,0.053219297,0.133707513,0.750460307
1718187364426749440.000000000,-2.554287598,1.145534058,1.296477295,-0.643319149,0.045827398,0.137378620,0.751776188
1718187364436749312.000000000,-2.552045654,1.151860474,1.296959839,-0.641386404,0.040668692,0.141627126,0.752935120
1718187364446749184.000000000,-2.549807617,1.157997192,1.297528809,-0.639578051,0.037896696,0.145352306,0.753907464
1718187364456749312.000000000,-2.547601807,1.163988281,1.298165405,-0.637810917,0.038194652,0.148046841,0.754864581
1718187364466749440.000000000,-2.545477295,1.169861206,1.298856934,-0.636151636,0.040833752,0.149396638,0.755860004
1718187364476749312.000000000,-2.543410400,1.175657471,1.299485352,-0.634512630,0.046591921,0.147979041,0.757182355
1718187364486749184.000000000,-2.541500488,1.181386230,1.300276123,-0.632828008,0.050403338,0.147854902,0.758371376
1718187364496749312.000000000,-2.539623291,1.187177734,1.300854980,-0.631119341,0.057516434,0.142697297,0.760274765
1718187364506749440.000000000,-2.537865234,1.193022949,1.301452881,-0.629499833,0.064376832,0.137622073,0.762001147
1718187364516749312.000000000,-2.536242920,1.198981812,1.301961670,-0.627833962,0.070061349,0.130735961,0.764083786
1718187364526749184.000000000,-2.534681152,1.205074097,1.302412842,-0.626196884,0.073856671,0.123732793,0.766232896
1718187364536749312.000000000,-2.533153809,1.211291992,1.302780029,-0.624538055,0.076550760,0.116148045,0.768506233
1718187364546749440.000000000,-2.531704346,1.217607056,1.303093384,-0.622897673,0.077759111,0.107565075,0.770961584
1718187364556749312.000000000,-2.530235352,1.224003418,1.303339844,-0.621206118,0.077584996,0.100135456,0.773341074
1718187364566749184.000000000,-2.528787354,1.230436401,1.303529053,-0.619755542,0.075570398,0.092454169,0.775657405
1718187364576749312.000000000,-2.527255371,1.236849854,1.303696533,-0.618037952,0.072146639,0.085844849,0.778109641
1718187364586749440.000000000,-2.525719727,1.243192627,1.303843506,-0.616549942,0.068061033,0.080686613,0.780207367
1718187364596749312.000000000,-2.523993164,1.249553589,1.304073364,-0.613435106,0.063834856,0.076992704,0.783386626
1718187364606749184.000000000,-2.522223633,1.255672607,1.304236694,-0.611543303,0.057705695,0.073816812,0.785643634
1718187364616749312.000000000,-2.520403564,1.261607178,1.304508057,-0.609464962,0.052667553,0.073268233,0.787661320
1718187364626749440.000000000,-2.518970215,1.267204346,1.305035034,-0.609246489,0.050872108,0.074327441,0.787849082
1718187364636749312.000000000,-2.517095947,1.272805908,1.305307373,-0.607022627,0.046099581,0.073511835,0.789933142
1718187364646749184.000000000,-2.515086914,1.278121460,1.305771362,-0.604671561,0.044920636,0.077384143,0.791432962
1718187364656749312.000000000,-2.513156250,1.283329346,1.306257080,-0.602546674,0.044599124,0.079870007,0.792823566
1718187364666749440.000000000,-2.511300049,1.288391357,1.306777466,-0.600292663,0.045866224,0.082260622,0.794215461
1718187364676749312.000000000,-2.509462646,1.293369385,1.307329468,-0.598355814,0.046692925,0.084636348,0.795378387
1718187364686749184.000000000,-2.507701416,1.298280396,1.307901733,-0.596754802,0.048736988,0.086557653,0.796251333
1718187364696749312.000000000,-2.506030273,1.303196045,1.308468994,-0.594990174,0.050870464,0.086767192,0.797414788
1718187364706749440.000000000,-2.504435059,1.308135376,1.309039673,-0.593224932,0.054068617,0.085461735,0.798659538
1718187364716749312.000000000,-2.502906250,1.313118164,1.309577026,-0.591569134,0.056172064,0.083146120,0.799985864
1718187364726749184.000000000,-2.501466064,1.318148315,1.310093628,-0.589503090,0.059421136,0.079883603,0.801607039
1718187364736749312.000000000,-2.499932861,1.323406006,1.310517212,-0.585435496,0.063451003,0.074853392,0.804758486
1718187364746749440.000000000,-2.498408691,1.328437378,1.310887695,-0.583793656,0.065134234,0.070229035,0.806232213
1718187364756749312.000000000,-2.497093262,1.333742065,1.311247925,-0.581474765,0.066477308,0.065266025,0.808212974
1718187364766749184.000000000,-2.495777344,1.339122803,1.311558472,-0.579135520,0.067238073,0.060068061,0.810230164
1718187364776749312.000000000,-2.494536865,1.344626709,1.311813965,-0.577129089,0.067496307,0.056158280,0.811919030
1718187364786749440.000000000,-2.493016846,1.350022217,1.311934570,-0.573334154,0.065966022,0.048970480,0.815192201
1718187364796749312.000000000,-2.491713623,1.355642090,1.312081055,-0.571028059,0.065978422,0.043558013,0.817114743
1718187364806749184.000000000,-2.490376465,1.361274658,1.312197632,-0.568531339,0.066485289,0.039024160,0.819041475
1718187364816749312.000000000,-2.489041260,1.366913208,1.312253540,-0.566264512,0.066200609,0.035667301,0.820786102
1718187364826749440.000000000,-2.487814697,1.372584961,1.312431396,-0.563723633,0.065446355,0.035049333,0.822620195
1718187364836749312.000000000,-2.486232178,1.378221069,1.312287598,-0.561393924,0.067101149,0.031401899,0.824225830
1718187364846749184.000000000,-2.484786377,1.383846558,1.312247803,-0.558757988,0.068300115,0.030394266,0.825954474
1718187364856749312.000000000,-2.483301514,1.389421265,1.312197754,-0.556022521,0.069221461,0.030279823,0.827726089
1718187364866749440.000000000,-2.481798828,1.394983398,1.312162842,-0.553078056,0.071345607,0.031357376,0.829476452
1718187364876749312.000000000,-2.480281494,1.400529053,1.312068726,-0.550086711,0.073020225,0.032179259,0.831286444
1718187364886749184.000000000,-2.478776367,1.406054932,1.311982422,-0.546878470,0.075359331,0.033838789,0.833126549
1718187364896749312.000000000,-2.477260742,1.411579712,1.311742310,-0.544055087,0.075827456,0.034450408,0.834905640
1718187364906749440.000000000,-2.475908203,1.417228149,1.311676514,-0.541069893,0.078450545,0.039373593,0.836384244
1718187364916749312.000000000,-2.474471436,1.422816650,1.311393799,-0.537779468,0.078143367,0.035756634,0.838694414
1718187364926749184.000000000,-2.473284180,1.428485229,1.311232422,-0.534337222,0.079654495,0.035007951,0.840781386
1718187364936749312.000000000,-2.471743164,1.433914795,1.311020874,-0.532579458,0.078755776,0.037198307,0.841886533
1718187364946749440.000000000,-2.470661621,1.439516479,1.311129272,-0.529862364,0.079625860,0.041779342,0.843303080
1718187364956749312.000000000,-2.469382080,1.445028931,1.310928711,-0.526839639,0.078188272,0.042878976,0.845273909
1718187364966749184.000000000,-2.468026123,1.450325317,1.310439209,-0.523258375,0.079261811,0.037336736,0.847658072
1718187364976749312.000000000,-2.466813721,1.455694214,1.310282959,-0.519714249,0.079188424,0.037282143,0.849844889
1718187364986749440.000000000,-2.465817139,1.460898682,1.310263306,-0.517555518,0.077733114,0.037157140,0.851300884
1718187364996749312.000000000,-2.464738770,1.466223022,1.310204346,-0.512887214,0.077825476,0.035290305,0.854192306
1718187365006749184.000000000,-2.463973633,1.471531006,1.310526611,-0.509225704,0.083023940,0.038087818,0.855771889
1718187365016749312.000000000,-2.463064697,1.476694702,1.310556763,-0.505790224,0.082460898,0.036223367,0.857941908
1718187365026749440.000000000,-2.462342041,1.481849731,1.310697632,-0.502895910,0.082457912,0.034856382,0.859698453
1718187365036749312.000000000,-2.461577393,1.486849731,1.310803955,-0.500340537,0.080070999,0.032026256,0.861523245
1718187365046749184.000000000,-2.461019531,1.492067017,1.311082520,-0.497614401,0.079906944,0.030577639,0.863168463
1718187365056749312.000000000,-2.460704346,1.497458496,1.311418335,-0.495570186,0.078065574,0.026468224,0.864647552
1718187365066749440.000000000,-2.460006836,1.502705933,1.311671997,-0.492745850,0.075242598,0.024195778,0.866576392
1718187365076749312.000000000,-2.459576416,1.508084106,1.312054321,-0.490306983,0.072643663,0.020868068,0.868266367
1718187365086749184.000000000,-2.459170898,1.513516113,1.312505981,-0.488166569,0.069050045,0.017355675,0.869841522
1718187365096749312.000000000,-2.458449219,1.518825562,1.312883301,-0.485867475,0.064561014,0.013251922,0.871544066
1718187365106749440.000000000,-2.458247803,1.524305786,1.313515625,-0.483504666,0.059483039,0.008969042,0.873272330
1718187365116749312.000000000,-2.457735596,1.529631592,1.314106079,-0.480957794,0.054999840,0.005228305,0.875001305
1718187365126749184.000000000,-2.457155029,1.534834473,1.314750854,-0.478134953,0.052075352,0.001452125,0.876739993
1718187365136749312.000000000,-2.456514648,1.539890503,1.315416138,-0.475110099,0.050057728,-0.001565450,0.878499953
1718187365146749440.000000000,-2.455790771,1.544806519,1.316061157,-0.471778799,0.048989383,-0.004642685,0.880342689
1718187365156749312.000000000,-2.454964844,1.549537720,1.316688477,-0.468324685,0.049565417,-0.006961659,0.882137627
1718187365166749184.000000000,-2.454027832,1.554113647,1.317337402,-0.464356177,0.052342312,-0.008546969,0.884059145
1718187365176749312.000000000,-2.452989990,1.558554810,1.317909912,-0.460434478,0.055241318,-0.009095138,0.885926502
1718187365186749440.000000000,-2.451799561,1.562866699,1.318495605,-0.456472025,0.059848132,-0.008590499,0.887681077
1718187365196749312.000000000,-2.450589844,1.567117310,1.319037598,-0.453031181,0.064144303,-0.007621071,0.889151380
1718187365206749184.000000000,-2.449266846,1.571344971,1.319559814,-0.449578983,0.068998681,-0.005369849,0.890555492
1718187365216749312.000000000,-2.447896240,1.575576782,1.320038330,-0.446374898,0.072505545,-0.002638046,0.891899903
1718187365226749440.000000000,-2.446480957,1.579824951,1.320528198,-0.443682521,0.075631750,0.001433236,0.892985781
1718187365236749312.000000000,-2.444946045,1.584091187,1.320953003,-0.441029469,0.076255353,0.005217104,0.894232022
1718187365246749184.000000000,-2.443371582,1.588362061,1.321388306,-0.438478767,0.076679280,0.009189791,0.895417336
1718187365256749312.000000000,-2.441761230,1.592652954,1.321827026,-0.436331890,0.075320896,0.013605596,0.896524474
1718187365266749440.000000000,-2.440278564,1.596936157,1.322329224,-0.433554777,0.074160986,0.017263900,0.897904427
1718187365276749312.000000000,-2.438390137,1.600896484,1.322813965,-0.429588731,0.073710888,0.020407326,0.899779844
1718187365286749184.000000000,-2.436550537,1.605158447,1.323237671,-0.430253078,0.065207084,0.023090610,0.900053970
1718187365296749312.000000000,-2.434900879,1.609353638,1.323697876,-0.427226548,0.065411572,0.024540915,0.901441372
1718187365306749440.000000000,-2.433236328,1.613394775,1.324051392,-0.424581473,0.065740908,0.024297186,0.902672894
1718187365316749312.000000000,-2.431545654,1.617335083,1.324428223,-0.421706644,0.067558306,0.023697851,0.903901429
1718187365326749184.000000000,-2.429796387,1.621232788,1.324682007,-0.419074800,0.068713117,0.021788780,0.905085669
1718187365336749312.000000000,-2.428101807,1.625213989,1.324866821,-0.416591870,0.069424545,0.018203354,0.906256081
1718187365346749440.000000000,-2.426327393,1.629230713,1.325050659,-0.414070593,0.071140273,0.014727711,0.907341005
1718187365356749312.000000000,-2.424510986,1.633354004,1.325104858,-0.411872268,0.070640555,0.010713615,0.908436220
1718187365366749184.000000000,-2.422568848,1.637547485,1.325089111,-0.409617179,0.069645643,0.006571467,0.909571365
1718187365376749312.000000000,-2.420509766,1.641807861,1.325028687,-0.407744836,0.068554946,0.003204251,0.910513098
1718187365386749440.000000000,-2.418283691,1.646118164,1.324841431,-0.405475325,0.065898501,0.000242356,0.911727530
1718187365396749312.000000000,-2.415926514,1.650371460,1.324756104,-0.403348103,0.065784083,-0.000564795,0.912678718
1718187365406749184.000000000,-2.413383545,1.654649902,1.324502563,-0.400814370,0.064023586,-0.001649559,0.913917994
1718187365416749312.000000000,-2.410703125,1.658916138,1.324203247,-0.398406664,0.062266092,-0.001575423,0.915091570
1718187365426749440.000000000,-2.407907227,1.663111328,1.323911011,-0.395921853,0.061161617,-0.001508384,0.916243891
1718187365436749312.000000000,-2.405028076,1.667225830,1.323594971,-0.393435682,0.061693986,0.000062706,0.917279790
1718187365446749184.000000000,-2.401813965,1.671281494,1.323032227,-0.391392872,0.061441970,-0.000402551,0.918170105
1718187365456749312.000000000,-2.398777344,1.675275513,1.322701660,-0.388809055,0.062470946,0.001163437,0.919197229
1718187365466749440.000000000,-2.395865234,1.679214600,1.322543457,-0.386048550,0.063606826,0.004068345,0.920273947
1718187365476749312.000000000,-2.392751709,1.683113647,1.322193237,-0.383903414,0.066042620,0.005091086,0.920994366
1718187365486749184.000000000,-2.389567627,1.686967773,1.321857178,-0.381812799,0.068303347,0.006795074,0.921687293
1718187365496749312.000000000,-2.386316406,1.690832275,1.321482056,-0.379825373,0.070551965,0.007874174,0.922330257
1718187365506749440.000000000,-2.383008545,1.694746704,1.321055542,-0.377682918,0.072105066,0.008282626,0.923086058
1718187365516749312.000000000,-2.379659912,1.698673218,1.320657104,-0.375421517,0.073518980,0.008653583,0.923893262
1718187365526749184.000000000,-2.376267822,1.702673950,1.320209229,-0.373034728,0.074832590,0.008282681,0.924757575
1718187365536749312.000000000,-2.372848877,1.706695923,1.319779785,-0.370867608,0.075063411,0.008010700,0.925612516
1718187365546749440.000000000,-2.369394531,1.710774048,1.319357178,-0.368374938,0.076199893,0.007368814,0.926519931
1718187365556749312.000000000,-2.365733887,1.714771362,1.319036743,-0.366180997,0.077890210,0.009340270,0.927231013
1718187365566749184.000000000,-2.362256592,1.718979492,1.318600464,-0.363622587,0.075851995,0.007898203,0.928419467
1718187365576749312.000000000,-2.358775635,1.723166504,1.318370972,-0.360827725,0.078301208,0.006603066,0.929316240
1718187365586749440.000000000,-2.355273438,1.727389038,1.318091187,-0.358903323,0.077420726,0.005180134,0.930143861
1718187365596749312.000000000,-2.351755615,1.731693726,1.317789429,-0.356878068,0.078074396,0.002850490,0.930878246
1718187365606749184.000000000,-2.348277100,1.735901978,1.317665771,-0.355013571,0.078047660,-0.001388371,0.931596479
1718187365616749312.000000000,-2.344719727,1.740151123,1.317559937,-0.353165408,0.078695809,-0.004679149,0.932233485
1718187365626749440.000000000,-2.341093018,1.744335693,1.317446411,-0.351286555,0.077721961,-0.008500080,0.932997750
1718187365636749312.000000000,-2.337513672,1.748493164,1.317500366,-0.349362538,0.079704079,-0.011376565,0.933522175
1718187365646749184.000000000,-2.333828125,1.752590942,1.317638306,-0.346976732,0.081879113,-0.014477864,0.934180577
1718187365656749312.000000000,-2.329969238,1.756560791,1.317786743,-0.344147772,0.083899873,-0.017425873,0.934997038
1718187365666749440.000000000,-2.326174561,1.760699829,1.317880005,-0.341938264,0.081755128,-0.021293921,0.935917139
1718187365676749312.000000000,-2.322431885,1.764731567,1.318274292,-0.339386692,0.085392448,-0.024045616,0.936454276
1718187365686749184.000000000,-2.318586426,1.768835693,1.318598999,-0.337242213,0.085457214,-0.026643407,0.937152540
1718187365696749312.000000000,-2.314659912,1.772954102,1.318912842,-0.335603191,0.082883687,-0.028788159,0.937908329
1718187365706749440.000000000,-2.310581055,1.776931763,1.319531616,-0.332385132,0.085621174,-0.029971392,0.938770928
1718187365716749312.000000000,-2.306497803,1.780937256,1.320066528,-0.330220562,0.084797872,-0.030960886,0.939577099
1718187365726749184.000000000,-2.302312988,1.784824219,1.320687866,-0.327909153,0.085362412,-0.031392860,0.940320868
1718187365736749312.000000000,-2.298100586,1.788668945,1.321325317,-0.325742888,0.085365510,-0.031718246,0.941062300
1718187365746749440.000000000,-2.293788086,1.792427734,1.322019531,-0.323401311,0.085929601,-0.031540168,0.941824248
1718187365756749312.000000000,-2.289464600,1.796206787,1.322610474,-0.321546879,0.083515958,-0.032185378,0.942654120
1718187365766749184.000000000,-2.285153320,1.799758545,1.323572510,-0.318542671,0.088184564,-0.030628787,0.943300550
1718187365776749312.000000000,-2.280745605,1.803397949,1.324296387,-0.316390811,0.087552224,-0.029577885,0.944116842
1718187365786749440.000000000,-2.276285645,1.806976807,1.325186035,-0.313932865,0.090217350,-0.027687115,0.944743568
1718187365796749312.000000000,-2.271632080,1.810356567,1.326086060,-0.310461056,0.091804426,-0.025722745,0.945792906
1718187365806749184.000000000,-2.267218018,1.814033569,1.326521118,-0.306991352,0.098682902,-0.029284120,0.946129185
1718187365816749312.000000000,-2.262492676,1.817492310,1.327603149,-0.307208387,0.099779608,-0.024286953,0.946085187
1718187365826749440.000000000,-2.258121094,1.821080200,1.328610962,-0.305596909,0.103413315,-0.021672375,0.946280362
1718187365836749312.000000000,-2.253704346,1.824744019,1.329477295,-0.304345783,0.103911320,-0.019801187,0.946669950
1718187365846749184.000000000,-2.249274902,1.828409668,1.330302002,-0.303472436,0.104021244,-0.018429249,0.946965904
1718187365856749312.000000000,-2.244992920,1.832060913,1.331138550,-0.302647895,0.105097757,-0.018420166,0.947111087
1718187365866749440.000000000,-2.240722168,1.835724609,1.331900391,-0.301907318,0.104687274,-0.018809984,0.947385207
1718187365876749312.000000000,-2.236543945,1.839325928,1.332675415,-0.301324395,0.106058721,-0.020187223,0.947389905
1718187365886749184.000000000,-2.232354980,1.843068237,1.333142822,-0.300692251,0.103162968,-0.023995479,0.947821602
1718187365896749312.000000000,-2.228617676,1.846713013,1.334095947,-0.299904760,0.108445760,-0.027134913,0.947396616
1718187365906749440.000000000,-2.224150146,1.850274902,1.334544800,-0.297593851,0.106832957,-0.029572992,0.948235233
1718187365916749312.000000000,-2.220182373,1.853922607,1.335018555,-0.296702598,0.105762809,-0.033874502,0.948490545
1718187365926749184.000000000,-2.216076416,1.857531494,1.335407715,-0.294789010,0.103386579,-0.037434433,0.949215106
1718187365936749312.000000000,-2.211946045,1.861135254,1.335742432,-0.293044055,0.099910636,-0.040624795,0.949996144
1718187365946749440.000000000,-2.207772461,1.864708008,1.336038818,-0.291397304,0.095674865,-0.042349352,0.950863010
1718187365956749312.000000000,-2.203533691,1.868228027,1.336346558,-0.289075107,0.091366260,-0.043056685,0.951963188
1718187365966749184.000000000,-2.199283203,1.871660400,1.336631836,-0.287279708,0.087418834,-0.042297495,0.952910929
1718187365976749312.000000000,-2.195084229,1.874947144,1.336953979,-0.285516731,0.083862650,-0.040484176,0.953838710
1718187365986749440.000000000,-2.190865967,1.878095825,1.337289673,-0.283768848,0.081973107,-0.038224167,0.954617496
1718187365996749312.000000000,-2.186674316,1.881103760,1.337512451,-0.282238981,0.082790113,-0.037418317,0.955032368
1718187366006749184.000000000,-2.182552246,1.883978027,1.337843750,-0.281535260,0.081086805,-0.030481820,0.955632610
1718187366016749312.000000000,-2.178650879,1.886612671,1.338331543,-0.279106858,0.082432147,-0.030617982,0.956225309
1718187366026749440.000000000,-2.174711426,1.889336182,1.338672607,-0.277915704,0.083780178,-0.028379440,0.956524098
1718187366036749312.000000000,-2.170781982,1.891877563,1.338979492,-0.276303763,0.086362764,-0.026362980,0.956819051
1718187366046749184.000000000,-2.166814209,1.894374634,1.339283569,-0.274621259,0.089926170,-0.024651669,0.957020764
1718187366056749312.000000000,-2.162905762,1.896904175,1.339515869,-0.273236875,0.092302985,-0.023178983,0.957227509
1718187366066749440.000000000,-2.158934570,1.899503052,1.339664185,-0.271621013,0.093762532,-0.022064186,0.957571817
1718187366076749312.000000000,-2.154975098,1.902160034,1.339807739,-0.269472446,0.095645403,-0.022283154,0.957987484
1718187366086749184.000000000,-2.150931396,1.904977417,1.339840576,-0.267648611,0.095391059,-0.021791651,0.958535284
1718187366096749312.000000000,-2.146893799,1.907997437,1.339763062,-0.265913355,0.093476220,-0.022169234,0.959198003
1718187366106749440.000000000,-2.142820068,1.910923096,1.339860596,-0.264131049,0.093151396,-0.021715829,0.959732269
1718187366116749312.000000000,-2.138700928,1.914027832,1.339774780,-0.262286623,0.090547338,-0.022158115,0.960476926
1718187366126749184.000000000,-2.134545410,1.917245972,1.339650024,-0.260745795,0.087828312,-0.022739830,0.961135120
1718187366136749312.000000000,-2.130409180,1.920537598,1.339588257,-0.257811539,0.084310228,-0.022815342,0.962239293
1718187366146749440.000000000,-2.126166504,1.923756714,1.339340820,-0.254997923,0.081751789,-0.024417890,0.963170012
1718187366156749312.000000000,-2.121952393,1.926951660,1.338942139,-0.252659443,0.078083755,-0.026544262,0.964033991
1718187366166749184.000000000,-2.117760010,1.930188110,1.338710449,-0.249177287,0.077374004,-0.029568074,0.964909152
1718187366176749312.000000000,-2.113385010,1.932835205,1.338681030,-0.250758312,0.073473561,-0.026441978,0.964895189
1718187366186749440.000000000,-2.108969727,1.935708862,1.338430542,-0.248171320,0.073936272,-0.027527477,0.965498142
1718187366196749312.000000000,-2.104547852,1.938779053,1.338401978,-0.246857245,0.067916554,-0.023821591,0.966375379
1718187366206749184.000000000,-2.100136475,1.941752441,1.338116577,-0.243999244,0.069563251,-0.024911479,0.966956432
1718187366216749312.000000000,-2.095650879,1.944781616,1.337802124,-0.241376304,0.071163300,-0.025879817,0.967472738
1718187366226749440.000000000,-2.091095215,1.947918335,1.337476074,-0.239720924,0.073585692,-0.025829364,0.967704432
1718187366236749312.000000000,-2.086462646,1.950666626,1.337225342,-0.234840295,0.071236618,-0.030105762,0.968952539
1718187366246749184.000000000,-2.081805420,1.953915283,1.336994019,-0.233187221,0.071913086,-0.032082078,0.969238345
1718187366256749312.000000000,-2.077064209,1.956991455,1.336654419,-0.230770475,0.072210135,-0.031134366,0.969825415
1718187366266749440.000000000,-2.072300781,1.960136719,1.336356689,-0.228104238,0.071688794,-0.030546099,0.970513323
1718187366276749312.000000000,-2.067500732,1.963272705,1.336066040,-0.225701591,0.071616311,-0.029790871,0.971103702
1718187366286749184.000000000,-2.062695313,1.966351563,1.335788940,-0.223205096,0.071380106,-0.028531836,0.971735715
1718187366296749312.000000000,-2.057816650,1.969218384,1.335756958,-0.222903591,0.066878243,-0.024084412,0.972245458
1718187366306749440.000000000,-2.053147705,1.972352417,1.335375977,-0.217611685,0.071096072,-0.027450231,0.973055491
1718187366316749312.000000000,-2.048453125,1.975517090,1.335244507,-0.213093498,0.069522149,-0.026450467,0.974196184
1718187366326749184.000000000,-2.043759155,1.978517090,1.335071777,-0.209373894,0.070035214,-0.027923418,0.974924573
1718187366336749312.000000000,-2.039119507,1.981643066,1.334887817,-0.205102281,0.070379396,-0.029822389,0.975751208
1718187366346749440.000000000,-2.034532593,1.984957397,1.334651245,-0.200096027,0.071031418,-0.034085302,0.976603456
1718187366356749312.000000000,-2.029860962,1.987738647,1.334748291,-0.198400059,0.070906224,-0.030343703,0.977081872
1718187366366749184.000000000,-2.025296631,1.990824585,1.334656860,-0.194848798,0.071299296,-0.032007384,0.977714623
1718187366376749312.000000000,-2.020739136,1.994093994,1.334612549,-0.191482965,0.070683508,-0.034170466,0.978350906
1718187366386749440.000000000,-2.016157104,1.997677856,1.334534912,-0.187909488,0.070795667,-0.037056112,0.978930458
1718187366396749312.000000000,-2.011696533,2.000462280,1.334541748,-0.184851261,0.069877930,-0.037569247,0.979558900
1718187366406749184.000000000,-2.007211914,2.003656372,1.334535522,-0.181706793,0.069594808,-0.038854052,0.980117119
1718187366416749312.000000000,-2.002776123,2.006827393,1.334577637,-0.178510736,0.069092845,-0.040421353,0.980676404
1718187366426749440.000000000,-1.998388184,2.009947510,1.334620850,-0.175259763,0.068721703,-0.041469682,0.981244928
1718187366436749312.000000000,-1.994002563,2.013005737,1.334669312,-0.171847072,0.068369366,-0.043560042,0.981782428
1718187366446749184.000000000,-1.989534058,2.016164795,1.334691528,-0.168730325,0.069139176,-0.045742950,0.982169758
1718187366456749312.000000000,-1.985059570,2.019916016,1.334365967,-0.165144095,0.063432151,-0.049264418,0.982993798
1718187366466749440.000000000,-1.980661743,2.023653564,1.334306641,-0.163327516,0.063091335,-0.051390443,0.983210368
1718187366476749312.000000000,-1.976231689,2.025253296,1.335138672,-0.156287848,0.070513968,-0.049850842,0.983929257
1718187366486749184.000000000,-1.971586182,2.028766113,1.334809937,-0.153567190,0.062240438,-0.050323865,0.984891240
1718187366496749312.000000000,-1.967041626,2.031813354,1.335003906,-0.150449014,0.060379686,-0.049621670,0.985523758
1718187366506749440.000000000,-1.962483032,2.034794312,1.335232178,-0.147295869,0.058089587,-0.047967522,0.986219369
1718187366516749312.000000000,-1.957946533,2.037740479,1.335519897,-0.144897568,0.055519418,-0.045829779,0.986824159
1718187366526749184.000000000,-1.953468506,2.040617676,1.335810425,-0.142264356,0.053594987,-0.043785775,0.987406318
1718187366536749312.000000000,-1.949054565,2.043424561,1.336087646,-0.139519586,0.051902065,-0.043849775,0.987885448
1718187366546749440.000000000,-1.944747681,2.046073730,1.336412109,-0.136994954,0.051640897,-0.044043719,0.988243771
1718187366556749312.000000000,-1.940596924,2.048533691,1.336735474,-0.133064548,0.051666083,-0.046125693,0.988684410
1718187366566749184.000000000,-1.936363037,2.050914063,1.337021973,-0.131305499,0.052560823,-0.048162422,0.988775307
1718187366576749312.000000000,-1.932262817,2.053235596,1.337263672,-0.128449605,0.053317887,-0.051517061,0.988940794
1718187366586749440.000000000,-1.928149170,2.055420654,1.337544434,-0.125416817,0.054492865,-0.054618500,0.989099575
1718187366596749312.000000000,-1.924018433,2.057602051,1.337770142,-0.122426078,0.055696145,-0.057926712,0.989219031
1718187366606749184.000000000,-1.919570435,2.059080078,1.337937866,-0.115967384,0.052131554,-0.058810785,0.990138959
1718187366616749312.000000000,-1.915271362,2.061294678,1.338134155,-0.113275814,0.052397855,-0.059716262,0.990382261
1718187366626749440.000000000,-1.910889526,2.063528076,1.338335693,-0.110814779,0.052115828,-0.059864431,0.990666581
1718187366636749312.000000000,-1.906751587,2.065194336,1.338992310,-0.109897996,0.056926351,-0.057084237,0.990668063
1718187366646749184.000000000,-1.901855225,2.067953125,1.338744385,-0.106300197,0.051320240,-0.056257331,0.991413947
1718187366656749312.000000000,-1.897429077,2.070218018,1.338886353,-0.103802242,0.052137291,-0.055838756,0.991659635
1718187366666749440.000000000,-1.893098877,2.071743408,1.339515625,-0.103340431,0.056075677,-0.050731588,0.991767402
1718187366676749312.000000000,-1.888530884,2.073784424,1.339666626,-0.101377743,0.056336088,-0.048309385,0.992076107
1718187366686749184.000000000,-1.883985229,2.075710693,1.339826660,-0.099895772,0.056525387,-0.046216851,0.992315332
1718187366696749312.000000000,-1.879442993,2.077660889,1.339880005,-0.098037590,0.057413251,-0.045668130,0.992475074
1718187366706749440.000000000,-1.874866943,2.079503174,1.339947144,-0.096990255,0.057849593,-0.044710929,0.992596216
1718187366716749312.000000000,-1.870413696,2.081304932,1.339997925,-0.095312360,0.059688454,-0.044717878,0.992649562
1718187366726749184.000000000,-1.865898682,2.083133789,1.339953979,-0.093768297,0.060495027,-0.045650287,0.992705349
1718187366736749312.000000000,-1.861316040,2.084956543,1.339884399,-0.092372044,0.061347505,-0.046742283,0.992733120
1718187366746749440.000000000,-1.856616333,2.086824707,1.339692993,-0.091343750,0.061073641,-0.048272125,0.992771943
1718187366756749312.000000000,-1.851920410,2.088632568,1.339504028,-0.089762174,0.060997316,-0.049324276,0.992869173
1718187366766749184.000000000,-1.847017944,2.090490479,1.339236572,-0.088694610,0.059861629,-0.049853315,0.993007804
1718187366776749312.000000000,-1.841961182,2.092411865,1.338871582,-0.087513558,0.058169335,-0.051225007,0.993143345
1718187366786749440.000000000,-1.836901733,2.094233643,1.338545410,-0.086059767,0.057087877,-0.050707616,0.993359667
1718187366796749312.000000000,-1.831671021,2.096083008,1.338135864,-0.084430656,0.055294676,-0.051296292,0.993570659
1718187366806749184.000000000,-1.826261353,2.097944092,1.337556763,-0.082840358,0.051468438,-0.051729040,0.993887610
1718187366816749312.000000000,-1.820935059,2.099450928,1.337104614,-0.080929586,0.050142550,-0.051468512,0.994126309
1718187366826749440.000000000,-1.815486084,2.100969238,1.336619263,-0.079122819,0.048765138,-0.051766552,0.994324778
1718187366836749312.000000000,-1.809992920,2.102477783,1.336139526,-0.077435223,0.048698109,-0.051821978,0.994458025
1718187366846749184.000000000,-1.804470093,2.103840820,1.335640381,-0.075878024,0.049266787,-0.052359916,0.994521869
1718187366856749312.000000000,-1.798930542,2.105149170,1.335168335,-0.074515027,0.050656537,-0.053047587,0.994518667
1718187366866749440.000000000,-1.793344727,2.106348633,1.334734985,-0.073251776,0.052570589,-0.054011790,0.994461280
1718187366876749312.000000000,-1.787754883,2.107518555,1.334349487,-0.072355341,0.054750578,-0.054439412,0.994385956
1718187366886749184.000000000,-1.782140259,2.108596191,1.333964478,-0.071701602,0.057106676,-0.055540424,0.994239895
1718187366896749312.000000000,-1.776494995,2.109583496,1.333554321,-0.070922689,0.059057901,-0.056000628,0.994155957
1718187366906749440.000000000,-1.770874390,2.110509766,1.333266113,-0.070222289,0.062308658,-0.056770280,0.993963579
1718187366916749312.000000000,-1.765249634,2.111433350,1.332988892,-0.069692970,0.064807224,-0.057755073,0.993784315
1718187366926749184.000000000,-1.759624756,2.112342041,1.332745972,-0.068888875,0.067400136,-0.058770076,0.993608385
1718187366936749312.000000000,-1.754020874,2.113204102,1.332494629,-0.068018095,0.069852651,-0.060178299,0.993414676
1718187366946749440.000000000,-1.748370850,2.113954590,1.332084839,-0.067173502,0.070542272,-0.064089582,0.993178752
1718187366956749312.000000000,-1.742759277,2.114739502,1.331870850,-0.066358437,0.072297798,-0.065257235,0.993031258
1718187366966749184.000000000,-1.737128906,2.115554688,1.331641968,-0.065546320,0.073033506,-0.067119998,0.992907192
1718187366976749312.000000000,-1.731433960,2.116443115,1.331432983,-0.064698985,0.072499892,-0.068855946,0.992883007
1718187366986749440.000000000,-1.725692139,2.117351563,1.331241211,-0.063928081,0.071379475,-0.070278613,0.992914441
1718187366996749312.000000000,-1.720001099,2.117842773,1.330947510,-0.060686902,0.071055723,-0.068236202,0.993283446
1718187367006749184.000000000,-1.714055542,2.119130615,1.330955811,-0.062236849,0.066584895,-0.071281801,0.993283409
1718187367016749312.000000000,-1.708271851,2.119610352,1.330765991,-0.059318996,0.065557791,-0.068353748,0.993735980
1718187367026749440.000000000,-1.702404541,2.120396973,1.330739136,-0.058290137,0.062437007,-0.067945765,0.994025781
1718187367036749312.000000000,-1.696534790,2.121047607,1.330778809,-0.057183786,0.060241107,-0.067210250,0.994275518
1718187367046749184.000000000,-1.690696533,2.121574951,1.330884521,-0.055820825,0.058483735,-0.066358879,0.994515051
1718187367056749312.000000000,-1.684844727,2.122208496,1.331020874,-0.055469038,0.059463744,-0.064162087,0.994620770
1718187367066749440.000000000,-1.679003784,2.122443359,1.331178833,-0.052313245,0.060756531,-0.064736610,0.994676400
1718187367076749312.000000000,-1.673263672,2.122238525,1.331452026,-0.051470033,0.062109772,-0.063234058,0.994733465
1718187367086749184.000000000,-1.667563721,2.122065918,1.331854980,-0.050430562,0.063332804,-0.061068598,0.994844883
1718187367096749312.000000000,-1.661927979,2.121831299,1.332385254,-0.049117871,0.064045029,-0.059191952,0.994978383
1718187367106749440.000000000,-1.656340332,2.121485352,1.333005249,-0.047869458,0.065792625,-0.057046327,0.995050532
1718187367116749312.000000000,-1.650817993,2.121030029,1.333672852,-0.046529651,0.067751375,-0.056131469,0.995034673
1718187367126749184.000000000,-1.645458740,2.120476563,1.334362305,-0.044754616,0.069559078,-0.056069469,0.994994861
1718187367136749312.000000000,-1.640052246,2.119765381,1.335094116,-0.043662308,0.071861889,-0.055844453,0.994892391
1718187367146749440.000000000,-1.634666504,2.119098633,1.335720825,-0.041673096,0.073996066,-0.058353049,0.994677263
1718187367156749312.000000000,-1.629546875,2.118242432,1.336473389,-0.039986956,0.076368990,-0.059117060,0.994521993
1718187367166749184.000000000,-1.624315308,2.117434082,1.337098999,-0.037887001,0.077891880,-0.062612619,0.994272141
1718187367176749312.000000000,-1.618969360,2.116716064,1.337613525,-0.035480754,0.078669240,-0.067163097,0.994002709
1718187367186749440.000000000,-1.613736572,2.115966797,1.338196777,-0.033713156,0.078700283,-0.068983800,0.993937082
1718187367196749312.000000000,-1.608334717,2.115330322,1.338662964,-0.031754906,0.077530863,-0.072304150,0.993857485
1718187367206749184.000000000,-1.602839600,2.114753906,1.339083252,-0.029663923,0.075604585,-0.074477998,0.993909969
1718187367216749312.000000000,-1.597220459,2.114217773,1.339431152,-0.027762362,0.072731027,-0.075567765,0.994097059
1718187367226749440.000000000,-1.591545044,2.113645996,1.339714111,-0.025496589,0.069571262,-0.075979122,0.994352521
1718187367236749312.000000000,-1.585806030,2.113053223,1.339960205,-0.023170919,0.066268256,-0.075576750,0.994665663
1718187367246749184.000000000,-1.580053955,2.112402832,1.340144653,-0.020658705,0.062824621,-0.074330750,0.995038303
1718187367256749312.000000000,-1.574332886,2.111677734,1.340305542,-0.017844977,0.060413193,-0.072178924,0.995400425
1718187367266749440.000000000,-1.568667847,2.110812012,1.340480225,-0.015022968,0.057901031,-0.069794777,0.995766273
1718187367276749312.000000000,-1.563085693,2.109799072,1.340628418,-0.011992510,0.056252278,-0.067281871,0.996074802
1718187367286749184.000000000,-1.557632690,2.108672607,1.340782227,-0.009032687,0.056029912,-0.064785140,0.996284069
1718187367296749312.000000000,-1.552322144,2.107424072,1.340954224,-0.005930826,0.056238799,-0.062935846,0.996414122
1718187367306749440.000000000,-1.547154541,2.106058105,1.341134766,-0.002991917,0.057088008,-0.061675815,0.996457777
1718187367316749312.000000000,-1.542096069,2.104631348,1.341292725,0.000078699,0.058296402,-0.061089766,0.996428404
1718187367326749184.000000000,-1.537147949,2.103173584,1.341420776,0.002906890,0.059618739,-0.060907029,0.996357110
1718187367336749312.000000000,-1.532212402,2.101746826,1.341537231,0.005508044,0.061049488,-0.061111692,0.996246949
1718187367346749440.000000000,-1.527229248,2.100495117,1.341468872,0.007319971,0.061197684,-0.060681215,0.996252504
1718187367356749312.000000000,-1.522350220,2.099044922,1.341651611,0.009972252,0.062142534,-0.062590326,0.996052865
1718187367366749184.000000000,-1.517322144,2.097841309,1.341625977,0.011825054,0.061136460,-0.062958629,0.996071640
1718187367376749312.000000000,-1.512097900,2.096850098,1.341406982,0.013186748,0.058869565,-0.062099426,0.996245023
1718187367386749440.000000000,-1.506942627,2.095607910,1.341445923,0.015743235,0.057517990,-0.063134636,0.996221787
1718187367396749312.000000000,-1.501600830,2.094559570,1.341279419,0.017891177,0.054844978,-0.062555571,0.996372789
1718187367406749184.000000000,-1.496179565,2.093695313,1.341230469,0.020419215,0.053370891,-0.062144873,0.996429937
1718187367416749312.000000000,-1.490686401,2.092589844,1.340976563,0.023179990,0.050420779,-0.061302409,0.996575360
1718187367426749440.000000000,-1.485156006,2.091508301,1.340736206,0.026034613,0.047856697,-0.060541998,0.996677782
1718187367436749312.000000000,-1.479605469,2.090142822,1.340482910,0.029263182,0.046159900,-0.059873985,0.996708601
1718187367446749184.000000000,-1.473890869,2.089279541,1.340148560,0.031504988,0.044009901,-0.058452616,0.996821878
1718187367456749312.000000000,-1.468404907,2.088171143,1.340048096,0.034277496,0.042483750,-0.059247908,0.996749652
1718187367466749440.000000000,-1.462607300,2.087111084,1.339919678,0.036640302,0.041616191,-0.055380767,0.996924547
1718187367476749312.000000000,-1.456937378,2.085997314,1.339620361,0.038705994,0.040978121,-0.054514111,0.996920685
1718187367486749184.000000000,-1.451487183,2.084722168,1.339561157,0.041775584,0.038819048,-0.056239297,0.996787351
1718187367496749312.000000000,-1.445908081,2.083545410,1.339327026,0.044115944,0.038246628,-0.056261895,0.996707368
1718187367506749440.000000000,-1.440355103,2.082338623,1.339248169,0.046846884,0.042210487,-0.058023542,0.996321691
1718187367516749312.000000000,-1.434630249,2.081383789,1.339135986,0.049129563,0.040282857,-0.060384165,0.996151259
1718187367526749184.000000000,-1.428627075,2.080567871,1.338875854,0.051980983,0.039083840,-0.060941686,0.996020352
1718187367536749312.000000000,-1.423087646,2.079587891,1.338760620,0.054332009,0.039022779,-0.063006750,0.995768751
1718187367546749440.000000000,-1.417211792,2.078716309,1.338575928,0.057621999,0.038385681,-0.063851988,0.995554704
1718187367556749312.000000000,-1.411390015,2.077953613,1.338324951,0.059775375,0.036592233,-0.064160065,0.995475464
1718187367566749184.000000000,-1.405164063,2.077165771,1.338187988,0.063510628,0.036047341,-0.063824465,0.995285601
1718187367576749312.000000000,-1.399064941,2.076427734,1.337984619,0.066539397,0.034332060,-0.063867534,0.995145596
1718187367586749440.000000000,-1.392951294,2.075737793,1.337775146,0.069668102,0.032045058,-0.063356225,0.995040431
1718187367596749312.000000000,-1.386794312,2.075093262,1.337592529,0.072668285,0.030071690,-0.063237486,0.994894987
1718187367606749184.000000000,-1.380622314,2.074434082,1.337426392,0.076211115,0.028410380,-0.063113089,0.994686611
1718187367616749312.000000000,-1.374464355,2.073736816,1.337331787,0.079612857,0.027355362,-0.063971731,0.994394839
1718187367626749440.000000000,-1.368343872,2.073093506,1.337220947,0.082801182,0.026765312,-0.064644149,0.994106994
1718187367636749312.000000000,-1.362288330,2.072365479,1.337100586,0.085779974,0.025645333,-0.065242035,0.993844852
1718187367646749184.000000000,-1.356139648,2.071755371,1.336962280,0.089574800,0.025489539,-0.068076317,0.993323841
1718187367656749312.000000000,-1.350125366,2.071014648,1.336850830,0.092472322,0.025098415,-0.070145143,0.992924266
1718187367666749440.000000000,-1.344066040,2.070398926,1.336802856,0.095230490,0.025864069,-0.072807593,0.992452144
1718187367676749312.000000000,-1.338025879,2.069709961,1.336769897,0.098299092,0.025483296,-0.074558933,0.992032689
1718187367686749184.000000000,-1.331841064,2.068897217,1.336750977,0.104181699,0.024435379,-0.077112319,0.991263222
1718187367696749312.000000000,-1.325839355,2.068264893,1.336886597,0.108633419,0.023173350,-0.074786245,0.990993841
1718187367706749440.000000000,-1.319706543,2.067746582,1.336852661,0.111825917,0.022396449,-0.075318532,0.990616213
1718187367716749312.000000000,-1.313523926,2.067092529,1.336891846,0.116985427,0.021356322,-0.076237556,0.989972804
1718187367726749184.000000000,-1.307358032,2.066582764,1.336980591,0.121650424,0.019003169,-0.077002259,0.989399164
1718187367736749312.000000000,-1.301252930,2.066070313,1.337095093,0.127026875,0.014424828,-0.077855831,0.988733820
1718187367746749440.000000000,-1.294811157,2.065519287,1.336921509,0.130377485,0.019810405,-0.074958854,0.988428262
1718187367756749312.000000000,-1.288523804,2.065061768,1.337015137,0.134287591,0.019903949,-0.074663742,0.987925099
1718187367766749184.000000000,-1.282376587,2.064620850,1.337228271,0.137678335,0.021736650,-0.075242330,0.987375707
1718187367776749312.000000000,-1.275862061,2.064029053,1.337121460,0.142102987,0.016748806,-0.069198858,0.987288072
1718187367786749440.000000000,-1.269552734,2.063597412,1.337181641,0.145187912,0.016224306,-0.065289153,0.987114263
1718187367796749312.000000000,-1.263178467,2.063217285,1.337229614,0.146316396,0.020118608,-0.060234002,0.987197356
1718187367806749184.000000000,-1.257127319,2.062581055,1.337692017,0.147980311,0.015350328,-0.052170127,0.987494037
1718187367816749312.000000000,-1.251272949,2.062065674,1.337959595,0.150768793,0.014908787,-0.050701800,0.987155422
1718187367826749440.000000000,-1.245586304,2.061424316,1.338209106,0.153451764,0.015142793,-0.051172373,0.986714062
1718187367836749312.000000000,-1.240126587,2.060685547,1.338448975,0.156677617,0.015327804,-0.052420953,0.986138543
1718187367846749184.000000000,-1.234843628,2.059844727,1.338706665,0.159955977,0.014534263,-0.055222177,0.985471132
1718187367856749312.000000000,-1.229713257,2.058938721,1.338942871,0.163302641,0.014615251,-0.058721577,0.984718446
1718187367866749440.000000000,-1.224654785,2.057890381,1.339195068,0.166745222,0.014203677,-0.062933797,0.983886997
1718187367876749312.000000000,-1.219582275,2.056808594,1.339430298,0.170375942,0.014698428,-0.066657280,0.983012107
1718187367886749184.000000000,-1.214463257,2.055679199,1.339688843,0.173907054,0.014442417,-0.069263229,0.982217063
1718187367896749312.000000000,-1.209209106,2.054511475,1.339900146,0.177188229,0.014650809,-0.071267810,0.981483869
1718187367906749440.000000000,-1.203742920,2.053082520,1.339844971,0.181146491,0.012915611,-0.068787848,0.980962470
1718187367916749312.000000000,-1.198224121,2.051749023,1.339968872,0.184293773,0.012872089,-0.067606287,0.980458824
1718187367926749184.000000000,-1.192620361,2.050383789,1.340107910,0.187189883,0.013810942,-0.065080873,0.980068204
1718187367936749312.000000000,-1.186987183,2.048944336,1.340192749,0.189958843,0.014499355,-0.062240155,0.979709942
1718187367946749440.000000000,-1.181382568,2.047415527,1.340324219,0.192594602,0.015593179,-0.059441182,0.979352295
1718187367956749312.000000000,-1.175879150,2.045764404,1.340474243,0.195187722,0.015917194,-0.056845728,0.978987722
1718187367966749184.000000000,-1.170682495,2.044129883,1.340517090,0.196790433,0.015188953,-0.054164162,0.978830458
1718187367976749312.000000000,-1.165475464,2.042321411,1.340725220,0.199666261,0.016323805,-0.053362819,0.978273646
1718187367986749440.000000000,-1.160266357,2.040219604,1.340456543,0.203630124,0.012857736,-0.047619566,0.977804596
1718187367996749312.000000000,-1.155306885,2.038316528,1.340732666,0.206345199,0.013398596,-0.048903738,0.977164552
1718187368006749184.000000000,-1.150452637,2.036376709,1.340993286,0.209124904,0.013497992,-0.050586725,0.976486335
1718187368016749312.000000000,-1.145598267,2.034422363,1.341234863,0.211877727,0.013080609,-0.052515606,0.975796514
1718187368026749440.000000000,-1.140730957,2.032449463,1.341450439,0.214762471,0.011785322,-0.054455974,0.975075758
1718187368036749312.000000000,-1.135812500,2.030413818,1.341625732,0.217531969,0.009994740,-0.056319412,0.974375734
1718187368046749184.000000000,-1.130758301,2.028343018,1.341768433,0.220155458,0.007729469,-0.057627784,0.973730388
1718187368056749312.000000000,-1.125595337,2.026207886,1.341848267,0.222863219,0.004911746,-0.058404381,0.973086219
1718187368066749440.000000000,-1.120356201,2.023974609,1.341842896,0.225609501,0.002137837,-0.058218559,0.972474361
1718187368076749312.000000000,-1.114887695,2.021328003,1.341675903,0.231182371,-0.002164372,-0.056720429,0.971253221
1718187368086749184.000000000,-1.109452881,2.018842896,1.341554565,0.234477620,-0.004480156,-0.055841459,0.970506005
1718187368096749312.000000000,-1.103981689,2.016202026,1.341377075,0.237925851,-0.006119599,-0.055361072,0.969684996
1718187368106749440.000000000,-1.098525269,2.013412720,1.341124146,0.241346510,-0.007014455,-0.054521193,0.968880849
1718187368116749312.000000000,-1.093080566,2.010456543,1.340861938,0.244908894,-0.007922457,-0.053870859,0.968015908
1718187368126749184.000000000,-1.087669678,2.007342773,1.340528687,0.248369416,-0.007496623,-0.053522132,0.967156562
1718187368136749312.000000000,-1.082344482,2.004089111,1.340166870,0.251682922,-0.007266140,-0.053819607,0.966284823
1718187368146749440.000000000,-1.077051636,2.000697632,1.339766479,0.254608630,-0.005845054,-0.054257997,0.965503159
1718187368156749312.000000000,-1.071859619,1.997199585,1.339347290,0.257782657,-0.004224191,-0.054759894,0.964640665
1718187368166749184.000000000,-1.066683472,1.993599854,1.338915161,0.260184070,-0.002579825,-0.056302548,0.963912661
1718187368176749312.000000000,-1.061551880,1.989955078,1.338450317,0.262947255,-0.000305956,-0.057973331,0.963066841
1718187368186749440.000000000,-1.056444824,1.986218750,1.337984741,0.265341135,0.001954862,-0.059258201,0.962329843
1718187368196749312.000000000,-1.051312500,1.982448730,1.337476685,0.267658359,0.003724827,-0.061178900,0.961562411
1718187368206749184.000000000,-1.046143433,1.978630127,1.336997559,0.269831765,0.005684853,-0.062699234,0.960847182
1718187368216749312.000000000,-1.041002197,1.974768799,1.336525635,0.272306067,0.006587971,-0.063919680,0.960062643
1718187368226749440.000000000,-1.035822021,1.970842407,1.336053589,0.274729492,0.007469473,-0.064720335,0.959311832
1718187368236749312.000000000,-1.030649292,1.966889160,1.335603882,0.277397293,0.007090869,-0.065572272,0.958488778
1718187368246749184.000000000,-1.025554321,1.963035034,1.335285889,0.279485853,0.006448294,-0.066559905,0.957818279
1718187368256749312.000000000,-1.019929260,1.958868408,1.334768188,0.283746758,0.005107235,-0.066899812,0.956549062
1718187368266749440.000000000,-1.014635681,1.954781006,1.334393677,0.286899031,0.003368300,-0.067440650,0.955578024
1718187368276749312.000000000,-1.009316589,1.950642334,1.334057373,0.290279051,0.001359961,-0.068029956,0.954519852
1718187368286749184.000000000,-1.004002930,1.946449097,1.333733398,0.293682208,-0.000717812,-0.068356332,0.953455640
1718187368296749312.000000000,-0.998694763,1.942200195,1.333429199,0.296775128,-0.002491184,-0.068762010,0.952465277
1718187368306749440.000000000,-0.993387817,1.937937134,1.333190552,0.299867266,-0.004693332,-0.069593863,0.951427501
1718187368316749312.000000000,-0.988091003,1.933599487,1.332917847,0.302637799,-0.006936736,-0.070470500,0.950471542
1718187368326749184.000000000,-0.982822266,1.929229370,1.332746460,0.305325289,-0.009168508,-0.071021024,0.949551695
1718187368336749312.000000000,-0.977525757,1.924788208,1.332546753,0.308049901,-0.010899470,-0.071211252,0.948638718
1718187368346749440.000000000,-0.972209961,1.920296021,1.332417603,0.310837717,-0.011734609,-0.071089624,0.947728061
1718187368356749312.000000000,-0.966929626,1.915729858,1.332307739,0.313510790,-0.012938428,-0.070658751,0.946863730
1718187368366749184.000000000,-0.961629089,1.911088623,1.332282227,0.316513210,-0.013408612,-0.069626229,0.945934345
1718187368376749312.000000000,-0.956545593,1.907093872,1.333184448,0.316375440,-0.007919200,-0.078458830,0.945350771
1718187368386749440.000000000,-0.951257080,1.902330078,1.333215454,0.319437903,-0.006779389,-0.076614469,0.944480645
1718187368396749312.000000000,-0.946134338,1.897406372,1.333227783,0.322724798,-0.005917836,-0.073440983,0.943620743
1718187368406749184.000000000,-0.940885864,1.892810059,1.333566650,0.324698288,-0.003662319,-0.071656417,0.943092237
1718187368416749312.000000000,-0.935619934,1.888112183,1.333940063,0.326982085,-0.000388444,-0.070816300,0.942373396
1718187368426749440.000000000,-0.930675171,1.883356201,1.334186646,0.328979611,0.001434244,-0.068472550,0.941850237
1718187368436749312.000000000,-0.925771179,1.878704712,1.334537720,0.330693143,0.002897436,-0.067665659,0.941304950
1718187368446749184.000000000,-0.920971069,1.874122559,1.334919922,0.332114466,0.004232683,-0.067454362,0.940814527
1718187368456749312.000000000,-0.916248535,1.869613770,1.335289063,0.333626197,0.004546175,-0.067972576,0.940240726
1718187368466749440.000000000,-0.911618896,1.865159668,1.335645508,0.334805259,0.004168548,-0.068766808,0.939765496
1718187368476749312.000000000,-0.907002625,1.860751587,1.335980713,0.336117164,0.002795727,-0.069830780,0.939223668
1718187368486749184.000000000,-0.902354370,1.856368530,1.336289185,0.337839043,0.001193487,-0.071232874,0.938503721
1718187368496749312.000000000,-0.897606506,1.852003784,1.336578491,0.340016612,-0.000797019,-0.071814117,0.937673078
1718187368506749440.000000000,-0.892984802,1.847571167,1.336808350,0.341486812,-0.003522457,-0.071861059,0.937128773
1718187368516749312.000000000,-0.888252930,1.843127563,1.337044678,0.343641219,-0.005714861,-0.071341930,0.936369789
1718187368526749184.000000000,-0.883474854,1.838656128,1.337221802,0.346428403,-0.007563622,-0.070143649,0.935419703
1718187368536749312.000000000,-0.878723633,1.834131592,1.337388672,0.349385061,-0.009059298,-0.068729619,0.934411177
1718187368546749440.000000000,-0.874007935,1.829583252,1.337557129,0.352237205,-0.010329376,-0.066750149,0.933470231
1718187368556749312.000000000,-0.869385315,1.824967529,1.337718506,0.355327704,-0.010350326,-0.064542208,0.932453429
1718187368566749184.000000000,-0.864849548,1.820367676,1.337927734,0.358391933,-0.009866154,-0.062654643,0.931414128
1718187368576749312.000000000,-0.860460083,1.815730225,1.338122314,0.361483501,-0.009136778,-0.060883001,0.930343731
1718187368586749440.000000000,-0.855628174,1.811247314,1.338010010,0.364353765,-0.009692018,-0.056909966,0.929469556
1718187368596749312.000000000,-0.851520020,1.806682617,1.338235718,0.366886449,-0.007899827,-0.056243995,0.928530311
1718187368606749184.000000000,-0.847504944,1.802177490,1.338485229,0.369524127,-0.006312210,-0.055984089,0.927511648
1718187368616749312.000000000,-0.843508667,1.797774780,1.338798584,0.372403162,-0.004854479,-0.055318928,0.926408190
1718187368626749440.000000000,-0.839755310,1.793416870,1.338995605,0.374349380,-0.004068876,-0.056120426,0.925578999
1718187368636749312.000000000,-0.836004456,1.789148193,1.339215576,0.376094666,-0.003932852,-0.056626936,0.924840919
1718187368646749184.000000000,-0.832192383,1.784898804,1.339472656,0.377959562,-0.003516091,-0.057012674,0.924058311
1718187368656749312.000000000,-0.828177673,1.780804199,1.339845581,0.378845570,-0.007029009,-0.056366272,0.923715037
1718187368666749440.000000000,-0.824348938,1.776580566,1.340011230,0.380789316,-0.005623887,-0.055366810,0.922985582
1718187368676749312.000000000,-0.820415161,1.772488525,1.340011597,0.384112423,-0.007217564,-0.058293552,0.921415984
1718187368686749184.000000000,-0.816430420,1.768320557,1.340156494,0.385999349,-0.008500078,-0.057626178,0.920658175
1718187368696749312.000000000,-0.812398132,1.764137329,1.340265381,0.387885345,-0.010183299,-0.056546213,0.919915097
1718187368706749440.000000000,-0.808295959,1.759877686,1.340355469,0.390194847,-0.011828481,-0.055682888,0.918970883
1718187368716749312.000000000,-0.804145691,1.755596191,1.340402588,0.392530117,-0.013341688,-0.054781185,0.918009329
1718187368726749184.000000000,-0.799997498,1.751238892,1.340398438,0.394693971,-0.015255732,-0.053794653,0.917109627
1718187368736749312.000000000,-0.795836609,1.746808228,1.340344727,0.397169979,-0.016731584,-0.052988726,0.916061273
1718187368746749440.000000000,-0.792085571,1.742125244,1.340407104,0.399550651,-0.016268100,-0.053878826,0.914981802
1718187368756749312.000000000,-0.787859924,1.737543091,1.340265503,0.401844942,-0.017187664,-0.053353258,0.913990512
1718187368766749184.000000000,-0.783645935,1.732879517,1.340095093,0.404151715,-0.017804050,-0.053317459,0.912963118
1718187368776749312.000000000,-0.779398010,1.728138916,1.339887085,0.406572586,-0.017715318,-0.053182239,0.911897225
1718187368786749440.000000000,-0.775122253,1.723325073,1.339684082,0.408962786,-0.017516042,-0.053262673,0.910826941
1718187368796749312.000000000,-0.770881287,1.718495483,1.339475220,0.411326555,-0.016835738,-0.053720258,0.909747854
1718187368806749184.000000000,-0.766571716,1.713626221,1.339229126,0.413744400,-0.015985957,-0.054036449,0.908647392
1718187368816749312.000000000,-0.762292786,1.708705933,1.339016602,0.415943676,-0.015488597,-0.054243270,0.907639041
1718187368826749440.000000000,-0.757945068,1.703770874,1.338842163,0.418056949,-0.015083430,-0.054419865,0.906663860
1718187368836749312.000000000,-0.753475342,1.698850464,1.338677856,0.419874192,-0.015459501,-0.054571994,0.905808238
1718187368846749184.000000000,-0.749074646,1.693932495,1.338489746,0.422120729,-0.014976621,-0.055155494,0.904736239
1718187368856749312.000000000,-0.744824768,1.689046509,1.338241577,0.426270063,-0.012936169,-0.055753112,0.902783517
1718187368866749440.000000000,-0.740362183,1.684152832,1.338077759,0.429554378,-0.012445352,-0.055551662,0.901244785
1718187368876749312.000000000,-0.736005859,1.679290161,1.337754639,0.432574406,-0.015174565,-0.055924007,0.899734195
1718187368886749184.000000000,-0.731689209,1.674389282,1.337542969,0.435834510,-0.016640669,-0.055790975,0.898141824
1718187368896749312.000000000,-0.727363647,1.669487427,1.337342773,0.439130965,-0.018077516,-0.055772107,0.896508043
1718187368906749440.000000000,-0.723004761,1.664600952,1.337161987,0.442592927,-0.019385352,-0.055552338,0.894790281
1718187368916749312.000000000,-0.718744507,1.659722656,1.336989990,0.445949043,-0.020729623,-0.055442314,0.893099033
1718187368926749184.000000000,-0.714524475,1.654869873,1.336797485,0.449397261,-0.021933079,-0.055368235,0.891344715
1718187368936749312.000000000,-0.710348145,1.650020630,1.336635498,0.452733111,-0.023536522,-0.055280918,0.889619459
1718187368946749440.000000000,-0.706206116,1.645183716,1.336488281,0.456092193,-0.025064585,-0.055261546,0.887861385
1718187368956749312.000000000,-0.702132080,1.640371826,1.336388672,0.459510327,-0.026706331,-0.055764312,0.886017705
1718187368966749184.000000000,-0.698071106,1.635575073,1.336349854,0.462715294,-0.028662039,-0.056612397,0.884233047
1718187368976749312.000000000,-0.693961182,1.630816406,1.336369873,0.466214826,-0.030502243,-0.057745570,0.882257784
1718187368986749440.000000000,-0.689953613,1.626096313,1.336261475,0.469358237,-0.032796555,-0.057386599,0.880530528
1718187368996749312.000000000,-0.685971008,1.621475342,1.336146362,0.471975937,-0.035516938,-0.057252111,0.879033252
1718187369006749184.000000000,-0.681881714,1.616606445,1.336205566,0.475673893,-0.036553264,-0.057744222,0.876962833
1718187369016749312.000000000,-0.677680115,1.611698120,1.336317871,0.479741428,-0.037740379,-0.057964192,0.874679358
1718187369026749440.000000000,-0.673274475,1.606751099,1.336479004,0.483737287,-0.038227991,-0.058463551,0.872421269
1718187369036749312.000000000,-0.669062378,1.601835205,1.336441772,0.486904339,-0.037716886,-0.055305028,0.870886304
1718187369046749184.000000000,-0.664761230,1.596780151,1.336587769,0.490861765,-0.036985819,-0.053688667,0.868794742
1718187369056749312.000000000,-0.660487976,1.591724243,1.336748047,0.494942951,-0.036071886,-0.052381408,0.866594762
1718187369066749440.000000000,-0.656189758,1.586666992,1.336968872,0.498461964,-0.034481405,-0.050487233,0.864752995
1718187369076749312.000000000,-0.651962402,1.581605469,1.337212402,0.502083783,-0.032806414,-0.049029778,0.862804552
1718187369086749184.000000000,-0.647784058,1.576597290,1.337513794,0.505480075,-0.030983079,-0.047000755,0.860999925
1718187369096749312.000000000,-0.643545532,1.571494019,1.337569092,0.507926223,-0.027778992,-0.050492029,0.859470671
1718187369106749440.000000000,-0.639710327,1.566604492,1.337988159,0.510954486,-0.026331563,-0.049475330,0.857778733
1718187369116749312.000000000,-0.636049683,1.561542847,1.338535156,0.516079392,-0.026557128,-0.050484937,0.854639135
1718187369126749184.000000000,-0.632588684,1.556793579,1.338999878,0.518848178,-0.026589037,-0.050707518,0.852946856
1718187369136749312.000000000,-0.629257690,1.552135132,1.339526123,0.521733416,-0.027593967,-0.051152433,0.851126456
1718187369146749440.000000000,-0.626076843,1.547520630,1.340030273,0.524478682,-0.029500869,-0.051917036,0.849327047
1718187369156749312.000000000,-0.622991455,1.542845825,1.340508911,0.527618688,-0.031435541,-0.052945734,0.847246762
1718187369166749184.000000000,-0.619956726,1.538164673,1.341000854,0.530572283,-0.033350614,-0.053915605,0.845265577
1718187369176749312.000000000,-0.616930054,1.533373779,1.341510254,0.533954000,-0.034667310,-0.054624079,0.843034705
1718187369186749440.000000000,-0.613903381,1.528458252,1.342006470,0.537349265,-0.034918635,-0.054830933,0.840850775
1718187369196749312.000000000,-0.610859802,1.523426636,1.342465820,0.540761937,-0.034492319,-0.054956082,0.838669563
1718187369206749184.000000000,-0.607794617,1.518278198,1.342953491,0.544006496,-0.033015507,-0.054811862,0.836637656
1718187369216749312.000000000,-0.604756287,1.513020996,1.343483398,0.547122546,-0.030551361,-0.054453606,0.834720515
1718187369226749440.000000000,-0.601763000,1.507750000,1.343975830,0.549914646,-0.027840272,-0.054494953,0.832976051
1718187369236749312.000000000,-0.598814758,1.502465332,1.344483521,0.552296407,-0.024626578,-0.054806392,0.831479687
1718187369246749184.000000000,-0.595996826,1.497155396,1.345035522,0.554479453,-0.021479517,-0.055594188,0.830060511
1718187369256749312.000000000,-0.593311951,1.491914185,1.345588379,0.556633070,-0.018857328,-0.057006362,0.828585724
1718187369266749440.000000000,-0.590767944,1.486724121,1.346127563,0.558685112,-0.016376562,-0.058921503,0.827122126
1718187369276749312.000000000,-0.588316956,1.481583496,1.346666626,0.560825940,-0.015151941,-0.061233606,0.825527183
1718187369286749184.000000000,-0.585920959,1.476518921,1.347185425,0.562977891,-0.014876318,-0.063480115,0.823896149
1718187369296749312.000000000,-0.583560669,1.471479492,1.347669678,0.565330001,-0.015382844,-0.065691626,0.822100948
1718187369306749440.000000000,-0.581181152,1.466458740,1.348115967,0.567827843,-0.016286513,-0.067505520,0.820212957
1718187369316749312.000000000,-0.578751465,1.461450195,1.348503174,0.570234451,-0.018071819,-0.068659435,0.818408188
1718187369326749184.000000000,-0.576220093,1.456361572,1.348808472,0.572683432,-0.020267777,-0.068642179,0.816646285
1718187369336749312.000000000,-0.573589478,1.451206665,1.349041870,0.575314491,-0.022300367,-0.068083472,0.814788666
1718187369346749440.000000000,-0.570871826,1.445966187,1.349199951,0.578032549,-0.024647436,-0.066744155,0.812905957
1718187369356749312.000000000,-0.568075500,1.440603027,1.349272949,0.580370858,-0.026422278,-0.064436391,0.811368894
1718187369366749184.000000000,-0.565231445,1.435150635,1.349239502,0.582960769,-0.028224650,-0.062547811,0.809597358
1718187369376749312.000000000,-0.562401306,1.429586060,1.349110718,0.585371693,-0.029384695,-0.060407981,0.807977349
1718187369386749440.000000000,-0.559671204,1.423937012,1.348890991,0.587847245,-0.030366128,-0.058859997,0.806256172
1718187369396749312.000000000,-0.556997803,1.418202271,1.348619141,0.590074651,-0.030757503,-0.057898543,0.804682323
1718187369406749184.000000000,-0.554386047,1.412400635,1.348272461,0.592350060,-0.031091177,-0.057509838,0.803023887
1718187369416749312.000000000,-0.551898071,1.406564697,1.347888428,0.594386208,-0.030636078,-0.057956042,0.801503315
1718187369426749440.000000000,-0.549508240,1.400727173,1.347449951,0.596062074,-0.029855830,-0.058668026,0.800235400
1718187369436749312.000000000,-0.547152710,1.394866577,1.347000977,0.597398495,-0.029294192,-0.059849209,0.799171421
1718187369446749184.000000000,-0.544875366,1.388994873,1.346510742,0.598367774,-0.028656627,-0.061341742,0.798355808
1718187369456749312.000000000,-0.542622559,1.383170532,1.345993408,0.599172202,-0.028231177,-0.062839715,0.797650828
1718187369466749440.000000000,-0.540370850,1.377342163,1.345492798,0.599748191,-0.027715740,-0.064261759,0.797122557
1718187369476749312.000000000,-0.538148010,1.371521851,1.344933472,0.600471507,-0.027725437,-0.065766708,0.796454650
1718187369486749184.000000000,-0.535894348,1.365693970,1.344452393,0.601278576,-0.027806605,-0.066744481,0.795761297
1718187369496749312.000000000,-0.533659241,1.359845337,1.343917603,0.602090462,-0.028423628,-0.067727326,0.795042252
1718187369506749440.000000000,-0.531369568,1.353982666,1.343384766,0.603312594,-0.029317270,-0.068156170,0.794046062
1718187369516749312.000000000,-0.529048950,1.348078979,1.342924561,0.604471103,-0.030531127,-0.067800748,0.793149162
1718187369526749184.000000000,-0.526704895,1.342126587,1.342444214,0.606054221,-0.032142419,-0.066756276,0.791965116
1718187369536749312.000000000,-0.524344177,1.336126831,1.342008667,0.607738183,-0.033833858,-0.065345061,0.790720933
1718187369546749440.000000000,-0.521873840,1.329863403,1.341250854,0.610193861,-0.036756754,-0.059450466,0.789162870
1718187369556749312.000000000,-0.519502502,1.323773682,1.340864014,0.612073621,-0.039085407,-0.056948381,0.787778583
1718187369566749184.000000000,-0.517194092,1.317644409,1.340492310,0.613688820,-0.041219447,-0.054836673,0.786562095
1718187369576749312.000000000,-0.514975342,1.311491455,1.340147217,0.615415913,-0.043442072,-0.052988597,0.785218600
1718187369586749440.000000000,-0.512811829,1.305317871,1.339840576,0.616928231,-0.045861574,-0.051569147,0.783987817
1718187369596749312.000000000,-0.510753998,1.299129150,1.339615723,0.618357244,-0.048423999,-0.050502141,0.782776449
1718187369606749184.000000000,-0.508840668,1.292930054,1.339340210,0.619533302,-0.050841404,-0.050129670,0.781716480
1718187369616749312.000000000,-0.507023041,1.286713379,1.339180298,0.620647658,-0.053320636,-0.050519844,0.780641493
1718187369626749440.000000000,-0.505347595,1.280418457,1.339008545,0.621858388,-0.055930216,-0.050963063,0.779465664
1718187369636749312.000000000,-0.503715088,1.274120850,1.338923584,0.622777414,-0.058087433,-0.051821087,0.778516999
1718187369646749184.000000000,-0.502178314,1.267716187,1.338871460,0.623915580,-0.059974049,-0.052893206,0.777389717
1718187369656749312.000000000,-0.500723358,1.261271362,1.338813721,0.624792903,-0.061876972,-0.053760208,0.776475955
1718187369666749440.000000000,-0.499316406,1.254627686,1.338815186,0.626105820,-0.062369878,-0.054892669,0.775298843
1718187369676749312.000000000,-0.497987671,1.247928345,1.338692505,0.627437981,-0.061745777,-0.053979434,0.774335367
1718187369686749184.000000000,-0.496424622,1.241079956,1.338867676,0.628984347,-0.061312243,-0.056292190,0.772949345
1718187369696749312.000000000,-0.494994720,1.234052002,1.338970337,0.631226005,-0.059006913,-0.056687171,0.771270692
1718187369706749440.000000000,-0.493615845,1.227032349,1.339009766,0.632780730,-0.055140214,-0.055613418,0.770360469
1718187369716749312.000000000,-0.492250214,1.219924438,1.339108643,0.634602711,-0.051018729,-0.055361034,0.769162950
1718187369726749184.000000000,-0.490780060,1.212903564,1.339416870,0.635867898,-0.047444260,-0.057127419,0.768217102
1718187369736749312.000000000,-0.489503143,1.205906250,1.339639526,0.637244293,-0.043311558,-0.057352544,0.767303399
1718187369746749440.000000000,-0.488523407,1.199130371,1.340073242,0.638307441,-0.038723930,-0.060431913,0.766428113
1718187369756749312.000000000,-0.487160400,1.192336304,1.340147583,0.639315503,-0.036718830,-0.059238992,0.765779444
1718187369766749184.000000000,-0.486237793,1.185796997,1.340305908,0.640054315,-0.034650306,-0.059624394,0.765228568
1718187369776749312.000000000,-0.485161835,1.179494751,1.340729370,0.640197207,-0.034543010,-0.062669306,0.764870496
1718187369786749440.000000000,-0.484222717,1.173296631,1.341023438,0.640518162,-0.034929548,-0.064199811,0.764457190
1718187369796749312.000000000,-0.483442871,1.167107178,1.341229126,0.641511356,-0.035500008,-0.064057047,0.763609602
1718187369806749184.000000000,-0.482431641,1.161103638,1.341542969,0.641737018,-0.037462383,-0.064925008,0.763252850
1718187369816749312.000000000,-0.481437317,1.155033936,1.341819946,0.642491844,-0.039661775,-0.064944450,0.762504683
1718187369826749440.000000000,-0.480297577,1.148948364,1.342145264,0.643317247,-0.041519250,-0.064847883,0.761717680
1718187369836749312.000000000,-0.479232239,1.142735840,1.342263062,0.644905125,-0.042520149,-0.062344723,0.760527812
1718187369846749184.000000000,-0.477977783,1.136535645,1.342426147,0.646126252,-0.043417181,-0.060285917,0.759606098
1718187369856749312.000000000,-0.476761871,1.130191040,1.342575439,0.648059040,-0.043250699,-0.058104901,0.758137638
1718187369866749440.000000000,-0.475607513,1.123756226,1.342592651,0.650130374,-0.041750294,-0.054829807,0.756690890
1718187369876749312.000000000,-0.474472443,1.117329346,1.342690918,0.652368740,-0.039722860,-0.052428748,0.755041951
1718187369886749184.000000000,-0.473449524,1.110911133,1.342740967,0.654457423,-0.037290570,-0.050287404,0.753502536
1718187369896749312.000000000,-0.472527710,1.104628662,1.342859619,0.656338555,-0.035009805,-0.049303221,0.752039365
1718187369906749440.000000000,-0.471721130,1.098436890,1.342953003,0.657977635,-0.032763402,-0.048584459,0.750753982
1718187369916749312.000000000,-0.470993988,1.092438477,1.343138428,0.659269689,-0.030949467,-0.049009312,0.749669057
1718187369926749184.000000000,-0.470382324,1.086594482,1.343269165,0.660204117,-0.029456878,-0.049279696,0.748888729
1718187369936749312.000000000,-0.469821747,1.080850952,1.343503662,0.661101887,-0.028425719,-0.050546988,0.748051653
1718187369946749440.000000000,-0.469241486,1.075244385,1.343772949,0.661631994,-0.027890570,-0.051985340,0.747504344
1718187369956749312.000000000,-0.468742401,1.069685425,1.344018433,0.662409739,-0.027861003,-0.052635743,0.746770769
1718187369966749184.000000000,-0.468214752,1.064211426,1.344261475,0.663247067,-0.028692895,-0.053650894,0.745923339
1718187369976749312.000000000,-0.467631287,1.058731323,1.344539185,0.663994596,-0.029406538,-0.054019332,0.745203559
1718187369986749440.000000000,-0.467075897,1.053222168,1.344727417,0.665163586,-0.030095181,-0.053441814,0.744174480
1718187369996749312.000000000,-0.466418488,1.047691528,1.344931519,0.666652890,-0.031688133,-0.052913971,0.742812155
1718187370006749184.000000000,-0.465793121,1.042132568,1.344994873,0.668227658,-0.032755656,-0.050982916,0.741484731
1718187370016749312.000000000,-0.465048340,1.036479248,1.345050049,0.669965847,-0.034112799,-0.048857083,0.739996666
1718187370026749440.000000000,-0.464312317,1.030784424,1.344999390,0.671700278,-0.035141064,-0.046056265,0.738554441
1718187370036749312.000000000,-0.463539642,1.024969238,1.344902100,0.673634396,-0.036447549,-0.043508079,0.736882164
1718187370046749184.000000000,-0.462744324,1.019124878,1.344729980,0.675450490,-0.037332084,-0.040463435,0.735347307
1718187370056749312.000000000,-0.462010803,1.013227112,1.344467651,0.677010550,-0.038261492,-0.037288427,0.734031570
1718187370066749440.000000000,-0.461312958,1.007283447,1.344200806,0.678644539,-0.039029936,-0.035285204,0.732579831
1718187370076749312.000000000,-0.460749939,1.001291992,1.343805664,0.680188647,-0.039836571,-0.032796723,0.731218728
1718187370086749184.000000000,-0.460255066,0.995274536,1.343398315,0.681898449,-0.040476503,-0.031497927,0.729646516
1718187370096749312.000000000,-0.459898956,0.989216980,1.342964111,0.683550050,-0.041069534,-0.031065086,0.728084873
1718187370106749440.000000000,-0.459682648,0.983098938,1.342432251,0.685255778,-0.041391558,-0.030583793,0.726481857
1718187370116749312.000000000,-0.459537781,0.976964722,1.341902466,0.687113890,-0.041318439,-0.030727618,0.724722776
1718187370126749184.000000000,-0.459479065,0.970750549,1.341405640,0.688803878,-0.041280364,-0.031563384,0.723082915
1718187370136749312.000000000,-0.459485657,0.964515930,1.340887085,0.690630215,-0.041326055,-0.032519553,0.721293659
1718187370146749440.000000000,-0.459544769,0.958240540,1.340362061,0.692731171,-0.040684623,-0.033524889,0.719266549
1718187370156749312.000000000,-0.459618683,0.951924072,1.339844971,0.694612135,-0.040250570,-0.034417260,0.717432453
1718187370166749184.000000000,-0.459686371,0.945611389,1.339318115,0.696553051,-0.040055659,-0.035501403,0.715506144
1718187370176749312.000000000,-0.459801178,0.939286987,1.338775146,0.698698478,-0.039522175,-0.036094371,0.713411264
1718187370186749440.000000000,-0.459889679,0.932924255,1.338253662,0.701018256,-0.038972692,-0.036400345,0.711146644
1718187370196749312.000000000,-0.460006256,0.926604309,1.337725342,0.703325856,-0.038697024,-0.036761498,0.708860968
1718187370206749184.000000000,-0.460251770,0.920245239,1.337231934,0.705850997,-0.039950428,-0.035478738,0.706342404
1718187370216749312.000000000,-0.460381592,0.913964111,1.336697510,0.708539534,-0.039602107,-0.036273945,0.703624617
1718187370226749440.000000000,-0.460501801,0.907731567,1.336120850,0.711177642,-0.039682577,-0.036423165,0.700945795
1718187370236749312.000000000,-0.460647736,0.901531555,1.335562256,0.713857238,-0.040143366,-0.036624676,0.698179767
1718187370246749184.000000000,-0.460753357,0.895373413,1.334994873,0.716351099,-0.040828521,-0.036779744,0.695572703
1718187370256749312.000000000,-0.460827209,0.889246582,1.334430908,0.718949867,-0.041668267,-0.036955158,0.692826934
1718187370266749440.000000000,-0.460857422,0.883163696,1.333900269,0.721176159,-0.043071915,-0.037239450,0.690407837
1718187370276749312.000000000,-0.460869690,0.876951294,1.333291260,0.724271659,-0.044111923,-0.036098010,0.687154740
1718187370286749184.000000000,-0.460825256,0.870717590,1.332757324,0.725868474,-0.045350105,-0.036285488,0.685377043
1718187370296749312.000000000,-0.460756287,0.864560669,1.332244507,0.728135435,-0.046802618,-0.035703781,0.682900830
1718187370306749440.000000000,-0.460634613,0.858360291,1.331756714,0.730584928,-0.048173233,-0.034941620,0.680223555
1718187370316749312.000000000,-0.460508423,0.852111023,1.331301392,0.733151007,-0.049388020,-0.034376606,0.677398460
1718187370326749184.000000000,-0.460342224,0.845764771,1.330866333,0.735790415,-0.049625731,-0.033371848,0.674563616
1718187370336749312.000000000,-0.460182404,0.839322815,1.330463257,0.738673052,-0.049410464,-0.032605923,0.671459293
1718187370346749440.000000000,-0.460051056,0.832733887,1.330044434,0.741960855,-0.047709746,-0.031251194,0.668012899
1718187370356749312.000000000,-0.459896179,0.826208618,1.329760498,0.744844004,-0.045773639,-0.030451210,0.664969854
1718187370366749184.000000000,-0.459779999,0.819688660,1.329553467,0.747578550,-0.043481215,-0.029722374,0.662081775
1718187370376749312.000000000,-0.459679993,0.813203125,1.329461060,0.750165919,-0.040856519,-0.029043853,0.659346869
1718187370386749440.000000000,-0.459660217,0.806849976,1.329456177,0.752697925,-0.037932165,-0.028244751,0.656665225
1718187370396749312.000000000,-0.459675018,0.800615845,1.329580566,0.754956791,-0.035130145,-0.027994777,0.654234216
1718187370406749184.000000000,-0.459764771,0.794567017,1.329794189,0.757010919,-0.033334524,-0.027524214,0.651970624
1718187370416749312.000000000,-0.459938080,0.788740479,1.330103882,0.758957417,-0.031762357,-0.027203832,0.649795924
1718187370426749440.000000000,-0.460180389,0.783120972,1.330464233,0.760835049,-0.031903084,-0.026679631,0.647611318
1718187370436749312.000000000,-0.460529816,0.777667053,1.330853638,0.762615533,-0.032769295,-0.026287342,0.645486405
1718187370446749184.000000000,-0.460921265,0.772366638,1.331296753,0.764522921,-0.034714504,-0.026064043,0.643133168
1718187370456749312.000000000,-0.461427643,0.767056335,1.331654541,0.766779423,-0.037479223,-0.024674042,0.640340391
1718187370466749440.000000000,-0.461991699,0.761862366,1.332067505,0.768809237,-0.040305004,-0.024344054,0.637742292
1718187370476749312.000000000,-0.462616211,0.756602478,1.332442627,0.771010762,-0.043070070,-0.023484752,0.634929792
1718187370486749184.000000000,-0.463244232,0.751243164,1.332784912,0.773210188,-0.044789320,-0.022732153,0.632157553
1718187370496749312.000000000,-0.463978821,0.745760925,1.333095703,0.775516224,-0.045856609,-0.021476642,0.629293661
1718187370506749440.000000000,-0.464757416,0.740122498,1.333367676,0.777978551,-0.045811254,-0.020766283,0.626274273
1718187370516749312.000000000,-0.465737518,0.734315002,1.333695679,0.779690666,-0.043347829,-0.020041061,0.624341083
1718187370526749184.000000000,-0.466832275,0.728459656,1.333999146,0.782552662,-0.041850897,-0.020642132,0.620833098
1718187370536749312.000000000,-0.467911469,0.722673157,1.334248901,0.784820414,-0.039480876,-0.021057281,0.618105791
1718187370546749440.000000000,-0.469213379,0.716809814,1.334436279,0.786646640,-0.038540046,-0.021912020,0.615809704
1718187370556749312.000000000,-0.470609833,0.711152405,1.334711060,0.788509001,-0.037042230,-0.023083381,0.613472563
1718187370566749184.000000000,-0.472113098,0.705658508,1.335004150,0.790302005,-0.035632326,-0.024905709,0.611173285
1718187370576749312.000000000,-0.473748932,0.700279846,1.335285278,0.791874966,-0.035125785,-0.026857051,0.609080386
1718187370586749440.000000000,-0.475499084,0.694971436,1.335584961,0.793417500,-0.035301005,-0.028589004,0.606980378
1718187370596749312.000000000,-0.477328278,0.689785522,1.335877686,0.794892063,-0.035878928,-0.030366561,0.604927420
1718187370606749184.000000000,-0.479230377,0.684640686,1.336126709,0.796217412,-0.036673996,-0.031962736,0.603051602
1718187370616749312.000000000,-0.481102692,0.679564087,1.336437622,0.797188086,-0.038158198,-0.033938891,0.601567336
1718187370626749440.000000000,-0.483228912,0.674422729,1.336560059,0.799121407,-0.038720184,-0.033597622,0.598979902
1718187370636749312.000000000,-0.485294952,0.669186584,1.336695923,0.800621827,-0.039159390,-0.034283851,0.596905226
1718187370646749184.000000000,-0.487204468,0.663985352,1.336915405,0.801794683,-0.040850293,-0.035250755,0.595158738
1718187370656749312.000000000,-0.489341248,0.658609314,1.336875732,0.803517985,-0.041529265,-0.034399846,0.592832876
1718187370666749440.000000000,-0.491470764,0.653091553,1.336809326,0.805434503,-0.041715814,-0.033588290,0.590260009
1718187370676749312.000000000,-0.493654144,0.647500122,1.336650513,0.807404209,-0.041546607,-0.032816951,0.587618388
1718187370686749184.000000000,-0.495909973,0.641788818,1.336443726,0.809304155,-0.041121584,-0.031542771,0.585099011
1718187370696749312.000000000,-0.498192871,0.636119629,1.336243042,0.811170706,-0.040063253,-0.030810047,0.582621458
1718187370706749440.000000000,-0.500643066,0.630357910,1.335953979,0.813147802,-0.039755369,-0.030217243,0.579911269
1718187370716749312.000000000,-0.503249634,0.624686646,1.335505859,0.815009488,-0.039029222,-0.029222586,0.577392669
1718187370726749184.000000000,-0.505903259,0.619028259,1.335190796,0.816758087,-0.038854481,-0.029340763,0.574922322
1718187370736749312.000000000,-0.508796753,0.613531738,1.334747437,0.818762365,-0.039162154,-0.027707844,0.572124804
1718187370746749440.000000000,-0.511812195,0.608153870,1.334302490,0.821024256,-0.039108844,-0.028993837,0.568813701
1718187370756749312.000000000,-0.514908447,0.602833740,1.333836060,0.822639951,-0.039988551,-0.030337957,0.566342684
1718187370766749184.000000000,-0.518070801,0.597573242,1.333356689,0.824108776,-0.041226035,-0.031356154,0.564058447
1718187370776749312.000000000,-0.521292480,0.592337097,1.332867798,0.825442661,-0.042498872,-0.032431296,0.561948814
1718187370786749440.000000000,-0.524557678,0.587098022,1.332346436,0.826698867,-0.044019676,-0.033951562,0.559891546
1718187370796749312.000000000,-0.527757996,0.581846313,1.331913086,0.828057612,-0.042982483,-0.034735986,0.557912636
1718187370806749184.000000000,-0.531093872,0.576541931,1.331295898,0.828978016,-0.044253667,-0.035402362,0.556402494
1718187370816749312.000000000,-0.534632019,0.571329407,1.330717896,0.829031791,-0.042933888,-0.035776513,0.556401843
1718187370826749440.000000000,-0.537985718,0.565850830,1.330018188,0.830192172,-0.043789093,-0.036055043,0.554584085
1718187370836749312.000000000,-0.541529053,0.560364746,1.329462402,0.830904328,-0.042463568,-0.037457889,0.553526647
1718187370846749184.000000000,-0.544978943,0.554756775,1.328689697,0.832131315,-0.042414296,-0.036959857,0.551717745
1718187370856749312.000000000,-0.548400024,0.549105896,1.327998413,0.833281811,-0.042733962,-0.036626777,0.549976100
1718187370866749440.000000000,-0.552108093,0.543452209,1.327174438,0.834808868,-0.041988800,-0.035826543,0.547765967
1718187370876749312.000000000,-0.555789612,0.537840942,1.326458984,0.836355229,-0.041664586,-0.035292093,0.545461695
1718187370886749184.000000000,-0.559555969,0.532273315,1.325792358,0.837777480,-0.042041879,-0.035099897,0.543258108
1718187370896749312.000000000,-0.563423279,0.526806091,1.325165039,0.839048549,-0.042411149,-0.034963808,0.541272906
1718187370906749440.000000000,-0.567367432,0.521434326,1.324587769,0.840153222,-0.043451663,-0.035248422,0.539455341
1718187370916749312.000000000,-0.571361206,0.516132996,1.324038452,0.841149956,-0.044820094,-0.035422404,0.537776129
1718187370926749184.000000000,-0.575425415,0.510868439,1.323541138,0.841945789,-0.046129901,-0.035853252,0.536389658
1718187370936749312.000000000,-0.579513184,0.505636383,1.323071777,0.842715978,-0.048026463,-0.036204985,0.534988260
1718187370946749440.000000000,-0.583709473,0.500412415,1.322644409,0.843404632,-0.049856787,-0.036635147,0.533704781
1718187370956749312.000000000,-0.587956299,0.495173706,1.322249634,0.844173553,-0.051263992,-0.037052302,0.532325222
1718187370966749184.000000000,-0.592296875,0.489869385,1.321902710,0.845074929,-0.052855486,-0.037651217,0.530694872
1718187370976749312.000000000,-0.596744202,0.484511169,1.321620361,0.846165095,-0.053656854,-0.038466525,0.528815563
1718187370986749440.000000000,-0.601252808,0.479044006,1.321370483,0.847524447,-0.053964853,-0.039372133,0.526535793
1718187370996749312.000000000,-0.605843933,0.473444000,1.321221191,0.848897494,-0.053129621,-0.040264163,0.524336805
1718187371006749184.000000000,-0.610511414,0.467651123,1.321177979,0.850139876,-0.051674823,-0.041029054,0.522406470
1718187371016749312.000000000,-0.615468262,0.462245300,1.321140991,0.852244212,-0.050638503,-0.036667656,0.519394868
1718187371026749440.000000000,-0.620170471,0.456483093,1.321126953,0.853620823,-0.047646987,-0.038091816,0.517310611
1718187371036749312.000000000,-0.624904053,0.450744415,1.321188110,0.854855242,-0.044430315,-0.039659525,0.515437275
1718187371046749184.000000000,-0.629597595,0.445122620,1.321347046,0.856037750,-0.041315777,-0.041436802,0.513590663
1718187371056749312.000000000,-0.634309875,0.439653503,1.321547974,0.856865007,-0.038876754,-0.043260291,0.512249457
1718187371066749440.000000000,-0.639030212,0.434397705,1.321833984,0.857544866,-0.037175529,-0.045092735,0.511078691
1718187371076749312.000000000,-0.643714966,0.429346436,1.322201904,0.858056675,-0.036355155,-0.046211199,0.510177979
1718187371086749184.000000000,-0.648343323,0.424525421,1.322660278,0.858682320,-0.037013286,-0.047146848,0.508991026
1718187371096749312.000000000,-0.652951721,0.419932556,1.323134033,0.859302432,-0.038272144,-0.047319218,0.507834092
1718187371106749440.000000000,-0.657529358,0.415444580,1.323644043,0.859935163,-0.041053581,-0.046971866,0.506576512
1718187371116749312.000000000,-0.662059326,0.410997040,1.324235840,0.860613547,-0.043462187,-0.046059590,0.505305725
1718187371126749184.000000000,-0.666600342,0.406531616,1.324811646,0.861335033,-0.046123822,-0.044447119,0.503983142
1718187371136749312.000000000,-0.671110779,0.401998413,1.325382690,0.862415832,-0.048331741,-0.042512757,0.502091268
1718187371146749440.000000000,-0.675643555,0.397324585,1.325964600,0.863464348,-0.049427603,-0.040235342,0.500367214
1718187371156749312.000000000,-0.680158508,0.392472900,1.326509033,0.865010203,-0.050011077,-0.037894882,0.497815446
1718187371166749184.000000000,-0.684851624,0.387557312,1.327154419,0.866948920,-0.051267964,-0.036485038,0.494408746
1718187371176749312.000000000,-0.689452271,0.382398071,1.327657349,0.868830684,-0.049450116,-0.035099156,0.491381703
1718187371186749440.000000000,-0.694179199,0.377483582,1.327944946,0.870482859,-0.046629147,-0.033025334,0.488870782
1718187371196749312.000000000,-0.698906006,0.372339355,1.328412598,0.872214335,-0.043843870,-0.032076641,0.486097683
1718187371206749184.000000000,-0.703670227,0.367322021,1.328858032,0.874087882,-0.041262012,-0.032211487,0.482939168
1718187371216749312.000000000,-0.708482422,0.362458191,1.329356934,0.875720471,-0.039273950,-0.032355091,0.480129526
1718187371226749440.000000000,-0.713279724,0.357769562,1.329893188,0.877442865,-0.038468263,-0.033499015,0.476961244
1718187371236749312.000000000,-0.718221497,0.353652100,1.330314331,0.878805510,-0.035873266,-0.034010926,0.474612727
1718187371246749184.000000000,-0.722949036,0.349499481,1.330895264,0.880082473,-0.036098526,-0.035147025,0.472140259
1718187371256749312.000000000,-0.727630615,0.345581848,1.331416870,0.881048622,-0.036996257,-0.035935484,0.470205534
1718187371266749440.000000000,-0.732224121,0.341740631,1.331993530,0.882092837,-0.038844574,-0.036370677,0.468060359
1718187371276749312.000000000,-0.736728210,0.338018890,1.332512573,0.882782311,-0.041021238,-0.036701867,0.466546485
1718187371286749184.000000000,-0.741341553,0.334352081,1.333277588,0.883822818,-0.044653819,-0.037627278,0.464163173
1718187371296749312.000000000,-0.745709961,0.330626495,1.333722412,0.884371617,-0.046250358,-0.036696252,0.463034699
1718187371306749440.000000000,-0.750017334,0.326745514,1.334184814,0.885116456,-0.047412897,-0.035189353,0.461608694
1718187371316749312.000000000,-0.754314819,0.322791199,1.334573242,0.885974683,-0.048587409,-0.033526406,0.459960983
1718187371326749184.000000000,-0.758581360,0.318659363,1.334889160,0.886941254,-0.048333412,-0.030846538,0.458309486
1718187371336749312.000000000,-0.762894531,0.314433624,1.335153931,0.888147393,-0.048098450,-0.028583209,0.456140052
1718187371346749440.000000000,-0.767248779,0.310106262,1.335310303,0.889474936,-0.047202915,-0.025550654,0.453820876
1718187371356749312.000000000,-0.771643127,0.305686432,1.335420776,0.891020422,-0.045978575,-0.022880601,0.451048840
1718187371366749184.000000000,-0.776167236,0.301205261,1.335457520,0.892578624,-0.044761158,-0.020450718,0.448198178
1718187371376749312.000000000,-0.780719055,0.296721375,1.335411377,0.894202033,-0.043374435,-0.018248786,0.445183518
1718187371386749440.000000000,-0.785387939,0.292212891,1.335330078,0.895680469,-0.042249252,-0.016591384,0.442375660
1718187371396749312.000000000,-0.790116760,0.287820190,1.335036743,0.897243879,-0.044236542,-0.014110322,0.439087063
1718187371406749184.000000000,-0.794952942,0.283420258,1.334866577,0.898645312,-0.043577039,-0.013411177,0.436300109
1718187371416749312.000000000,-0.799877808,0.279035919,1.334652466,0.899885555,-0.043522595,-0.013114110,0.433750841
1718187371426749440.000000000,-0.804863586,0.274735504,1.334434692,0.901169059,-0.043655371,-0.013302431,0.431058674
1718187371436749312.000000000,-0.809834290,0.270414459,1.334284912,0.902117741,-0.044645353,-0.013795236,0.428952289
1718187371446749184.000000000,-0.815027344,0.266227814,1.333915771,0.903314001,-0.044755307,-0.014475594,0.426393286
1718187371456749312.000000000,-0.820129700,0.262018402,1.333668701,0.904297751,-0.045315417,-0.015322416,0.424213759
1718187371466749440.000000000,-0.825305908,0.257847809,1.333393555,0.905359093,-0.046235676,-0.016145971,0.421813326
1718187371476749312.000000000,-0.830476807,0.253658142,1.333121582,0.906316059,-0.047096772,-0.016938460,0.419626243
1718187371486749184.000000000,-0.835554810,0.249436707,1.332939453,0.907487518,-0.048064102,-0.017949117,0.416934138
1718187371496749312.000000000,-0.840802551,0.245254501,1.332666138,0.908771224,-0.048537957,-0.018150751,0.414064584
1718187371506749440.000000000,-0.846001953,0.241078598,1.332410767,0.910183212,-0.048874522,-0.018131712,0.410912451
1718187371516749312.000000000,-0.851142395,0.236836563,1.332140625,0.911615855,-0.049023298,-0.017413795,0.407737671
1718187371526749184.000000000,-0.856259766,0.232609619,1.331857788,0.913199700,-0.049238418,-0.016495587,0.404190278
1718187371536749312.000000000,-0.861324036,0.228423218,1.331542603,0.914870266,-0.048645802,-0.015765142,0.400496495
1718187371546749440.000000000,-0.866372803,0.224113251,1.331257080,0.916673310,-0.048671627,-0.013832255,0.396421220
1718187371556749312.000000000,-0.871450317,0.219772827,1.330926514,0.918278525,-0.048499648,-0.012076872,0.392767723
1718187371566749184.000000000,-0.876518494,0.215407303,1.330617798,0.919866754,-0.048047150,-0.010549646,0.389134080
1718187371576749312.000000000,-0.881550781,0.211073532,1.330248901,0.921366035,-0.047734941,-0.008774369,0.385654011
1718187371586749440.000000000,-0.886645508,0.206716217,1.329895996,0.922879405,-0.047686464,-0.007200826,0.382057264
1718187371596749312.000000000,-0.891760498,0.202355225,1.329555420,0.924355923,-0.047738309,-0.006147962,0.378483003
1718187371606749184.000000000,-0.896856506,0.198042999,1.329230713,0.925849089,-0.048324855,-0.004962226,0.374757988
1718187371616749312.000000000,-0.901808655,0.193809509,1.328816406,0.926948376,-0.047975824,-0.002626608,0.372099623
1718187371626749440.000000000,-0.906906494,0.189597076,1.328502686,0.928398235,-0.048878237,-0.001323488,0.368355649
1718187371636749312.000000000,-0.911999939,0.185437805,1.328223145,0.929884204,-0.049765420,0.000075756,0.364470526
1718187371646749184.000000000,-0.917175781,0.181224182,1.328029663,0.931623513,-0.050332843,0.001190325,0.359920573
1718187371656749312.000000000,-0.922377319,0.177058456,1.327846924,0.933433943,-0.050994235,0.002640042,0.355096735
1718187371666749440.000000000,-0.927670715,0.172950577,1.327694214,0.935477244,-0.050977002,0.003484789,0.349673457
1718187371676749312.000000000,-0.932957886,0.168927429,1.327524048,0.937612721,-0.051085725,0.004119942,0.343883208
1718187371686749184.000000000,-0.938344788,0.164906937,1.327367676,0.939744173,-0.051072963,0.004591759,0.338010883
1718187371696749312.000000000,-0.943784241,0.160826218,1.327369141,0.941915281,-0.049859252,0.003744970,0.332107863
1718187371706749440.000000000,-0.949259460,0.156833099,1.327433350,0.944000418,-0.048188101,0.002195645,0.326398985
1718187371716749312.000000000,-0.954711914,0.152936386,1.327544434,0.945954280,-0.046536823,0.000148547,0.320943611
1718187371726749184.000000000,-0.960109863,0.149126129,1.327770264,0.947670735,-0.045019826,-0.001723752,0.316054461
1718187371736749312.000000000,-0.965440247,0.145494736,1.328059082,0.949197707,-0.043937277,-0.003469943,0.311578543
1718187371746749440.000000000,-0.970647400,0.142054092,1.328348145,0.950536090,-0.043384679,-0.004308112,0.307539187
1718187371756749312.000000000,-0.975771179,0.138776581,1.328665039,0.951658086,-0.043672754,-0.004238336,0.304009233
1718187371766749184.000000000,-0.980800110,0.135707047,1.328953857,0.952677047,-0.044503408,-0.003365190,0.300690151
1718187371776749312.000000000,-0.985757996,0.132748123,1.329221069,0.953684834,-0.045201245,-0.001765617,0.297386900
1718187371786749440.000000000,-0.990707153,0.129905975,1.329447876,0.954693450,-0.046274525,0.000126636,0.293971204
1718187371796749312.000000000,-0.995711304,0.127075729,1.329687500,0.955701100,-0.046930614,0.002152353,0.290565470
1718187371806749184.000000000,-1.000817444,0.124273224,1.329915527,0.956767459,-0.047051595,0.003460008,0.287002099
1718187371816749312.000000000,-1.006037964,0.121438545,1.330174438,0.957949176,-0.046298648,0.003927449,0.283150820
1718187371826749440.000000000,-1.011356812,0.118596436,1.330466187,0.959088123,-0.045151852,0.003783884,0.279458342
1718187371836749312.000000000,-1.016856689,0.115670357,1.330801392,0.960526341,-0.043266286,0.002674892,0.274790870
1718187371846749184.000000000,-1.022321716,0.112883766,1.331164063,0.961623679,-0.042067618,0.001410191,0.271124007
1718187371856749312.000000000,-1.027800415,0.110185783,1.331573853,0.962695673,-0.040626092,0.000229909,0.267519176
1718187371866749440.000000000,-1.033234863,0.107587547,1.331986328,0.963682974,-0.039947811,-0.001001362,0.264042223
1718187371876749312.000000000,-1.038753784,0.104946068,1.332456055,0.964310561,-0.039341574,-0.001525205,0.261830206
1718187371886749184.000000000,-1.044067627,0.102595200,1.332954712,0.965160975,-0.039664004,-0.001663601,0.258627710
1718187371896749312.000000000,-1.049339722,0.100356102,1.333421875,0.965904660,-0.040456699,-0.001171854,0.255714820
1718187371906749440.000000000,-1.054571899,0.098171577,1.333885254,0.966572407,-0.041192605,-0.000196097,0.253063063
1718187371916749312.000000000,-1.059820801,0.096052628,1.334308716,0.967248443,-0.042418557,0.001246085,0.250258990
1718187371926749184.000000000,-1.065166870,0.093875786,1.334604614,0.967968201,-0.043177233,0.003950235,0.247300798
1718187371936749312.000000000,-1.070452393,0.091644531,1.335050293,0.968722547,-0.043881650,0.004640778,0.244191505
1718187371946749440.000000000,-1.075859131,0.089387627,1.335364136,0.969420236,-0.044344945,0.006183089,0.241287589
1718187371956749312.000000000,-1.081387451,0.087035660,1.335580444,0.970183879,-0.044198572,0.007247573,0.238195717
1718187371966749184.000000000,-1.087013916,0.084576721,1.335758545,0.970911878,-0.043567254,0.007802849,0.235310721
1718187371976749312.000000000,-1.092787231,0.081925514,1.335968262,0.971642019,-0.042168741,0.007815409,0.232534950
1718187371986749440.000000000,-1.098582520,0.079428711,1.336032593,0.972292695,-0.041147947,0.008045940,0.229976140
1718187371996749312.000000000,-1.104482544,0.076912605,1.336085083,0.972885227,-0.040334422,0.008131064,0.227599112
1718187372006749184.000000000,-1.110422241,0.074443420,1.336099487,0.973444455,-0.039669391,0.008201109,0.225310841
1718187372016749312.000000000,-1.116393799,0.072065903,1.336081543,0.973971409,-0.039420098,0.008318690,0.223061760
1718187372026749440.000000000,-1.122393311,0.069817863,1.336019043,0.974475323,-0.039548895,0.008811747,0.220807797
1718187372036749312.000000000,-1.128413452,0.067706932,1.335935669,0.974949383,-0.040203017,0.009118946,0.218573243
1718187372046749184.000000000,-1.134348267,0.065639290,1.335935059,0.975217095,-0.042410924,0.009753734,0.216928091
1718187372056749312.000000000,-1.140478882,0.063786568,1.335629150,0.975869733,-0.041082188,0.010009113,0.214220299
1718187372066749440.000000000,-1.146572632,0.061883160,1.335571777,0.976262691,-0.044000749,0.010900902,0.211792972
1718187372076749312.000000000,-1.152718262,0.060029873,1.335389282,0.976662034,-0.045256435,0.011133024,0.209664450
1718187372086749184.000000000,-1.158951416,0.058137432,1.335200195,0.977019756,-0.046326717,0.011570255,0.207731462
1718187372096749312.000000000,-1.165239624,0.056228268,1.334995239,0.977377276,-0.047072388,0.011585990,0.205872812
1718187372106749440.000000000,-1.171624268,0.054306107,1.334725708,0.977713922,-0.047656121,0.011607322,0.204131453
1718187372116749312.000000000,-1.178043335,0.052348392,1.334426514,0.978022885,-0.047801595,0.011747054,0.202603677
1718187372126749184.000000000,-1.184512817,0.050393394,1.334123535,0.978332327,-0.047711562,0.011886041,0.201117346
1718187372136749312.000000000,-1.191031006,0.048448086,1.333807129,0.978662473,-0.047749549,0.012209013,0.199476024
1718187372146749440.000000000,-1.197530396,0.046583584,1.333443848,0.978964596,-0.047980508,0.012780580,0.197896051
1718187372156749312.000000000,-1.204063843,0.044775726,1.333112793,0.979255872,-0.048587215,0.013749082,0.196235020
1718187372166749184.000000000,-1.210604614,0.043034729,1.332761841,0.979567885,-0.049105711,0.014772681,0.194466333
1718187372176749312.000000000,-1.217231323,0.041418423,1.332420654,0.979868579,-0.049291293,0.017146015,0.192701715
1718187372186749440.000000000,-1.223836914,0.039836262,1.332068115,0.980158933,-0.050619249,0.018644697,0.190731572
1718187372196749312.000000000,-1.230454834,0.038264801,1.331708374,0.980455035,-0.051773833,0.019923247,0.188760322
1718187372206749184.000000000,-1.237165161,0.036729984,1.331383301,0.980753568,-0.052382387,0.021287556,0.186883291
1718187372216749312.000000000,-1.243933105,0.035189018,1.331099243,0.981058971,-0.052711673,0.022837962,0.184995141
1718187372226749440.000000000,-1.250766113,0.033674019,1.330810059,0.981391466,-0.052855145,0.024169318,0.183010840
1718187372236749312.000000000,-1.257676758,0.032168591,1.330533081,0.981680506,-0.053069834,0.025319387,0.181234396
1718187372246749184.000000000,-1.264641479,0.030712910,1.330284912,0.982020085,-0.052627369,0.026783317,0.179303002
1718187372256749312.000000000,-1.271706299,0.029294744,1.330068359,0.982390222,-0.052090006,0.027349223,0.177336128
1718187372266749440.000000000,-1.278838745,0.027937265,1.329890137,0.982745896,-0.051737109,0.028035267,0.175350506
1718187372276749312.000000000,-1.286025024,0.026670612,1.329773560,0.983125185,-0.051457537,0.027796956,0.173332982
1718187372286749184.000000000,-1.293276001,0.025494551,1.329687744,0.983544206,-0.050974268,0.027349797,0.171156089
1718187372296749312.000000000,-1.300562622,0.024435003,1.329679443,0.983894772,-0.051105613,0.026391627,0.169241767
1718187372306749440.000000000,-1.307875000,0.023493391,1.329741943,0.984247732,-0.051347111,0.024861189,0.167337377
1718187372316749312.000000000,-1.315169312,0.022651752,1.329868896,0.984604903,-0.051672964,0.022860713,0.165410027
1718187372326749184.000000000,-1.322432251,0.021932394,1.330085815,0.984914399,-0.052182809,0.020600174,0.163695493
1718187372336749312.000000000,-1.329625977,0.021319197,1.330381592,0.985162257,-0.052948116,0.018217842,0.162234197
1718187372346749440.000000000,-1.336687256,0.020797974,1.330769653,0.985387060,-0.053855627,0.016091947,0.160788568
1718187372356749312.000000000,-1.343630615,0.020366898,1.331201294,0.985557903,-0.055022505,0.014435858,0.159498434
1718187372366749184.000000000,-1.350440552,0.020036720,1.331710815,0.985671225,-0.056317854,0.013416473,0.158431480
1718187372376749312.000000000,-1.357104248,0.019720997,1.332232300,0.985783487,-0.057523360,0.013146793,0.157318596
1718187372386749440.000000000,-1.363645386,0.019501413,1.332797607,0.985866538,-0.058892993,0.013590850,0.156250038
1718187372396749312.000000000,-1.370041382,0.019234097,1.333326416,0.985965048,-0.060311106,0.014367966,0.155013085
1718187372406749184.000000000,-1.376390259,0.018976503,1.333870361,0.986059841,-0.061158268,0.016185778,0.153895018
1718187372416749312.000000000,-1.382693604,0.018621279,1.334387817,0.986170038,-0.061789142,0.018346232,0.152689793
1718187372426749440.000000000,-1.389009033,0.018225561,1.334849854,0.986327667,-0.061933758,0.020530985,0.151328855
1718187372436749312.000000000,-1.395327759,0.017708815,1.335303101,0.986527368,-0.061283499,0.022969342,0.149934970
1718187372446749184.000000000,-1.401726074,0.017093288,1.335671265,0.986796701,-0.060237601,0.024859417,0.148275793
1718187372456749312.000000000,-1.408180054,0.016406799,1.336013062,0.987141768,-0.058901645,0.026260662,0.146260395
1718187372466749440.000000000,-1.414698364,0.015673969,1.336271606,0.987563935,-0.056639106,0.027473588,0.144064877
1718187372476749312.000000000,-1.421266357,0.014911132,1.336444458,0.988067281,-0.054580885,0.027988626,0.141282031
1718187372486749184.000000000,-1.427859619,0.014129382,1.336597290,0.988576508,-0.052432701,0.027921689,0.138519599
1718187372496749312.000000000,-1.434500854,0.013422785,1.336678589,0.989103529,-0.050464405,0.027162976,0.135608720
1718187372506749440.000000000,-1.441099365,0.012771150,1.336748047,0.989600503,-0.048856607,0.025942328,0.132781292
1718187372516749312.000000000,-1.447702026,0.012211535,1.336889526,0.990064185,-0.048207522,0.024280731,0.129843712
1718187372526749184.000000000,-1.454131226,0.011766070,1.336932251,0.990443335,-0.047661774,0.022568820,0.127440199
1718187372536749312.000000000,-1.460480591,0.011468017,1.336904297,0.990838767,-0.046759923,0.020991743,0.124945561
1718187372546749440.000000000,-1.466702393,0.011224692,1.336950928,0.991130274,-0.047704460,0.018795658,0.122604193
1718187372556749312.000000000,-1.472790161,0.011066800,1.337048462,0.991359364,-0.048062900,0.017984983,0.120719135
1718187372566749184.000000000,-1.478790649,0.010970995,1.337150757,0.991535965,-0.048861600,0.017373090,0.119025837
1718187372576749312.000000000,-1.484710815,0.010855432,1.337362305,0.991733642,-0.048391993,0.015827195,0.117779869
1718187372586749440.000000000,-1.490535034,0.010791881,1.337458374,0.991855455,-0.049500883,0.015937205,0.116268764
1718187372596749312.000000000,-1.496334229,0.010703913,1.337589233,0.992009379,-0.049832636,0.016252602,0.114760416
1718187372606749184.000000000,-1.502099731,0.010572889,1.337700195,0.992149931,-0.049998793,0.016627319,0.113411496
1718187372616749312.000000000,-1.507862427,0.010377137,1.337802856,0.992372270,-0.049889886,0.017307216,0.111394511
1718187372626749440.000000000,-1.513637085,0.010132789,1.337803467,0.992520073,-0.050044574,0.018755957,0.109761834
1718187372636749312.000000000,-1.519480469,0.009809880,1.337803833,0.992741977,-0.048946879,0.019396451,0.108126534
1718187372646749184.000000000,-1.525358032,0.009420499,1.337766724,0.992993387,-0.047795033,0.020204178,0.106167603
1718187372656749312.000000000,-1.531284424,0.008988604,1.337635986,0.993274259,-0.046111259,0.020740488,0.104162521
1718187372666749440.000000000,-1.537234985,0.008514601,1.337481689,0.993549856,-0.044511560,0.021352326,0.102085667
1718187372676749312.000000000,-1.543247437,0.008042866,1.337256958,0.993808678,-0.043011442,0.021900464,0.100073457
1718187372686749184.000000000,-1.549286987,0.007612623,1.336997437,0.994069395,-0.041550763,0.022236189,0.098005733
1718187372696749312.000000000,-1.555343994,0.007234363,1.336687500,0.994322078,-0.040602553,0.022193588,0.095825270
1718187372706749440.000000000,-1.561399658,0.006871691,1.336342041,0.994524438,-0.040224769,0.022448816,0.093803842
1718187372716749312.000000000,-1.567484497,0.006523904,1.336048096,0.994692045,-0.039151963,0.023612492,0.092180855
1718187372726749184.000000000,-1.573529663,0.006222053,1.335629761,0.994864507,-0.039789308,0.023259660,0.090113330
1718187372736749312.000000000,-1.579641968,0.005947999,1.335263062,0.995005739,-0.040858927,0.023378409,0.088020323
1718187372746749440.000000000,-1.585678345,0.005623092,1.334844482,0.995133058,-0.041177580,0.023243961,0.086454159
1718187372756749312.000000000,-1.591689697,0.005300628,1.334412842,0.995258200,-0.041706053,0.022994574,0.084811374
1718187372766749184.000000000,-1.597712402,0.005010224,1.333879517,0.995427752,-0.041286389,0.022484471,0.083147293
1718187372776749312.000000000,-1.603757202,0.004708468,1.333414185,0.995613031,-0.041433053,0.022210005,0.080899382
1718187372786749440.000000000,-1.609801147,0.004386153,1.332935425,0.995802824,-0.041400220,0.022292713,0.078522562
1718187372796749312.000000000,-1.615829834,0.004049225,1.332458618,0.996005805,-0.041422930,0.022180835,0.075924879
1718187372806749184.000000000,-1.621914185,0.003691267,1.332051147,0.996239034,-0.041536870,0.021459818,0.072951713
1718187372816749312.000000000,-1.627925415,0.003325247,1.331579956,0.996466356,-0.040916728,0.021581080,0.070106199
1718187372826749440.000000000,-1.633934814,0.002922607,1.331101318,0.996679291,-0.040383456,0.021819118,0.067256919
1718187372836749312.000000000,-1.639900269,0.002546246,1.330563721,0.996881654,-0.039502919,0.022575512,0.064473517
1718187372846749184.000000000,-1.645891357,0.002134023,1.330187500,0.997141554,-0.037979445,0.021420845,0.061704378
1718187372856749312.000000000,-1.651864624,0.001771411,1.329706055,0.997303499,-0.037462156,0.021853902,0.059200722
1718187372866749440.000000000,-1.657828125,0.001446172,1.329218384,0.997452117,-0.037050083,0.022440767,0.056683127
1718187372876749312.000000000,-1.663769653,0.001108020,1.328755005,0.997574524,-0.036816136,0.023158864,0.054344353
1718187372886749184.000000000,-1.669688721,0.000831605,1.328273560,0.997685427,-0.036749677,0.023931184,0.051966799
1718187372896749312.000000000,-1.675629883,0.000555413,1.327779907,0.997770572,-0.037053525,0.024790065,0.049662598
1718187372906749440.000000000,-1.681607910,0.000299142,1.327276001,0.997839386,-0.037371295,0.026065565,0.047334269
1718187372916749312.000000000,-1.687609985,0.000025291,1.326789673,0.997911185,-0.037602732,0.027261433,0.044901185
1718187372926749184.000000000,-1.693609131,-0.000268261,1.326325439,0.997983624,-0.037893426,0.028118630,0.042451340
1718187372936749312.000000000,-1.699729004,-0.000531818,1.325932251,0.998058196,-0.037963115,0.028759928,0.040143555
1718187372946749440.000000000,-1.705796875,-0.000922498,1.325566772,0.998142878,-0.038462395,0.029527968,0.036871928
1718187372956749312.000000000,-1.711886963,-0.001277363,1.325163452,0.998227380,-0.038247575,0.030924455,0.033509688
1718187372966749184.000000000,-1.717965942,-0.001632692,1.324816895,0.998313778,-0.038149984,0.032010975,0.029824113
1718187372976749312.000000000,-1.724063477,-0.001995616,1.324523438,0.998380596,-0.038144272,0.033191871,0.026067201
1718187372986749440.000000000,-1.730476563,-0.001989449,1.324260498,0.998512603,-0.037447919,0.034029803,0.020302914
1718187372996749312.000000000,-1.736634888,-0.002240227,1.324094360,0.998577022,-0.037161554,0.034581948,0.016341325
1718187373006749184.000000000,-1.742800293,-0.002448941,1.324000244,0.998638959,-0.036653362,0.035035644,0.012217409
1718187373016749312.000000000,-1.748862549,-0.002734848,1.323989868,0.998655344,-0.036590746,0.035676903,0.008705211
1718187373026749440.000000000,-1.755075562,-0.002813842,1.323963623,0.998725564,-0.035324279,0.035855996,0.003713476
1718187373036749312.000000000,-1.761255249,-0.002871428,1.323970581,0.998755843,-0.034143165,0.036345704,0.000030699
1718187373046749184.000000000,-1.767219849,-0.003133255,1.324069580,0.998786139,-0.033018769,0.036360244,-0.003733915
1718187373056749312.000000000,-1.773274536,-0.003207917,1.324223999,0.998805862,-0.031969789,0.036101996,-0.007837575
1718187373066749440.000000000,-1.779306763,-0.003193066,1.324412476,0.998817765,-0.031035008,0.035498494,-0.011821926
1718187373076749312.000000000,-1.785284058,-0.003030343,1.324663452,0.998814459,-0.029967205,0.035011439,-0.015679338
1718187373086749184.000000000,-1.791172485,-0.002811337,1.324947266,0.998786491,-0.029354983,0.034524429,-0.019284533
1718187373096749312.000000000,-1.796948853,-0.002477856,1.325324341,0.998736538,-0.028521482,0.034687794,-0.022552357
1718187373106749440.000000000,-1.802600464,-0.002005978,1.325725342,0.998660005,-0.028124738,0.035014282,-0.025713688
1718187373116749312.000000000,-1.808175293,-0.001422780,1.326174805,0.998560269,-0.027554339,0.036030762,-0.028634453
1718187373126749184.000000000,-1.813649292,-0.000749050,1.326680298,0.998418033,-0.027296703,0.037586276,-0.031679545
1718187373136749312.000000000,-1.819076416,0.000057363,1.327201660,0.998279410,-0.027050836,0.038933905,-0.034505416
1718187373146749440.000000000,-1.824501343,0.000901866,1.327763184,0.998114248,-0.027162993,0.040375923,-0.037415301
1718187373156749312.000000000,-1.829979858,0.001831397,1.328321167,0.997966486,-0.026985748,0.041275647,-0.040385439
1718187373166749184.000000000,-1.835565674,0.002799031,1.328893921,0.997820108,-0.026984508,0.041696293,-0.043454425
1718187373176749312.000000000,-1.841227051,0.003804110,1.329443359,0.997701010,-0.026713239,0.041255743,-0.046658983
1718187373186749440.000000000,-1.847001953,0.004853688,1.329988281,0.997590192,-0.026625701,0.040334724,-0.049779418
1718187373196749312.000000000,-1.852750366,0.005946404,1.330340820,0.997402265,-0.027684596,0.039590364,-0.053431153
1718187373206749184.000000000,-1.858642944,0.007075367,1.330858887,0.997282323,-0.027746698,0.037902592,-0.056758101
1718187373216749312.000000000,-1.864556030,0.008301661,1.331378540,0.997177839,-0.028146428,0.035906938,-0.059622375
1718187373226749440.000000000,-1.870351685,0.009499391,1.331825928,0.997031109,-0.028282087,0.034930316,-0.062521708
1718187373236749312.000000000,-1.876109253,0.010785950,1.332326538,0.996902446,-0.028760762,0.033581622,-0.065043116
1718187373246749184.000000000,-1.881916992,0.012183735,1.332934692,0.996804440,-0.028526799,0.032513228,-0.067156684
1718187373256749312.000000000,-1.887607300,0.013670822,1.333383057,0.996563246,-0.029713403,0.032482545,-0.070169037
1718187373266749440.000000000,-1.892930298,0.015054414,1.333583252,0.996306634,-0.031418937,0.033840740,-0.072393002
1718187373276749312.000000000,-1.898515991,0.016556650,1.334088257,0.996159544,-0.031131291,0.034008343,-0.074434122
1718187373286749184.000000000,-1.903973145,0.018061163,1.334384521,0.995911408,-0.031688588,0.035338100,-0.076860393
1718187373296749312.000000000,-1.909519653,0.019610765,1.334660156,0.995648360,-0.032280103,0.036327494,-0.079515107
1718187373306749440.000000000,-1.915036255,0.021084904,1.334784424,0.995377657,-0.031892792,0.038028761,-0.082219111
1718187373316749312.000000000,-1.920645264,0.022548807,1.334848877,0.995089711,-0.032232989,0.038970504,-0.085081147
1718187373326749184.000000000,-1.926367554,0.024059431,1.334856079,0.994803020,-0.032058255,0.039562124,-0.088170621
1718187373336749312.000000000,-1.932266235,0.025620510,1.334828247,0.994541854,-0.030524891,0.040367146,-0.091242668
1718187373346749440.000000000,-1.938154175,0.027132730,1.334603394,0.994248766,-0.031236807,0.039853002,-0.094368385
1718187373356749312.000000000,-1.944145874,0.028724047,1.334389282,0.993988471,-0.030811789,0.039476377,-0.097361020
1718187373366749184.000000000,-1.950230103,0.030482395,1.334218506,0.993763207,-0.028085793,0.040289554,-0.100113076
1718187373376749312.000000000,-1.956234253,0.032261200,1.333903320,0.993501035,-0.027562381,0.040472222,-0.102752169
1718187373386749440.000000000,-1.962395020,0.034294636,1.333567993,0.993107836,-0.027174611,0.040553664,-0.106554057
1718187373396749312.000000000,-1.968213013,0.036147060,1.333166748,0.992967123,-0.026871312,0.040663996,-0.107891914
1718187373406749184.000000000,-1.974142090,0.038276970,1.332749634,0.992684364,-0.026816017,0.041057406,-0.110331066
1718187373416749312.000000000,-1.980013306,0.040511463,1.332306274,0.992382166,-0.026893510,0.041656783,-0.112778934
1718187373426749440.000000000,-1.985856689,0.042847351,1.331839355,0.992053219,-0.027035227,0.042455734,-0.115312692
1718187373436749312.000000000,-1.991741577,0.045312302,1.331342163,0.991717203,-0.027278453,0.043101726,-0.117877546
1718187373446749184.000000000,-1.997666382,0.047837452,1.330808472,0.991316059,-0.027399372,0.043908058,-0.120887670
1718187373456749312.000000000,-2.003508301,0.050595310,1.330321533,0.991217007,-0.027283712,0.043204692,-0.121974582
1718187373466749440.000000000,-2.009500000,0.053319302,1.329741333,0.990873406,-0.027296733,0.043548478,-0.124612643
1718187373476749312.000000000,-2.015538940,0.056110050,1.329087769,0.990538147,-0.027253874,0.043569065,-0.127252282
1718187373486749184.000000000,-2.021631226,0.058965603,1.328431396,0.990237733,-0.026984599,0.043569566,-0.129625445
1718187373496749312.000000000,-2.027934814,0.062037090,1.327754028,0.989737298,-0.026732747,0.044081702,-0.133275073
1718187373506749440.000000000,-2.034108887,0.065042671,1.327026489,0.989456996,-0.027045261,0.043805626,-0.135367919
1718187373516749312.000000000,-2.040296997,0.068327377,1.326426514,0.988945249,-0.024290262,0.044963795,-0.139196027
1718187373526749184.000000000,-2.046548828,0.071554169,1.325716064,0.988600934,-0.024122267,0.045251340,-0.141557852
1718187373536749312.000000000,-2.052777832,0.074846725,1.324990723,0.988216870,-0.024357184,0.045494283,-0.144098634
1718187373546749440.000000000,-2.058994873,0.078242363,1.324283203,0.987853474,-0.024475465,0.045844039,-0.146440396
1718187373556749312.000000000,-2.065231201,0.081717079,1.323599365,0.987438446,-0.024811815,0.046392473,-0.148988012
1718187373566749184.000000000,-2.071413574,0.085256134,1.322918701,0.987068746,-0.025137764,0.046920213,-0.151201447
1718187373576749312.000000000,-2.077611328,0.088852066,1.322288086,0.986658756,-0.025476581,0.047730322,-0.153548881
1718187373586749440.000000000,-2.083775391,0.092490471,1.321669189,0.986314639,-0.025782313,0.048271003,-0.155526896
1718187373596749312.000000000,-2.089925049,0.096177177,1.321128296,0.985950683,-0.025815447,0.049440560,-0.157449815
1718187373606749184.000000000,-2.096027832,0.099896683,1.320571411,0.985588028,-0.025751685,0.050317557,-0.159440378
1718187373616749312.000000000,-2.102137451,0.103621544,1.320133057,0.985218800,-0.025274649,0.051795983,-0.161314238
1718187373626749440.000000000,-2.108238525,0.107391014,1.319677124,0.984842822,-0.024648279,0.053030226,-0.163293823
1718187373636749312.000000000,-2.114386475,0.111199829,1.319301392,0.984415807,-0.023862685,0.054374726,-0.165527881
1718187373646749184.000000000,-2.120550049,0.115030388,1.318960327,0.984036617,-0.022965662,0.054870545,-0.167731148
1718187373656749312.000000000,-2.126680664,0.118820641,1.318590698,0.983579969,-0.021089859,0.055946689,-0.170281034
1718187373666749440.000000000,-2.132905273,0.122696625,1.318309814,0.983133041,-0.019549308,0.056275201,-0.172917178
1718187373676749312.000000000,-2.139173340,0.126593681,1.318078613,0.982666011,-0.017895241,0.055814242,-0.175875073
1718187373686749184.000000000,-2.145503662,0.130583771,1.317927734,0.982171534,-0.016303900,0.054814999,-0.179077014
1718187373696749312.000000000,-2.151818115,0.134572296,1.317810059,0.981745497,-0.014586103,0.053001264,-0.182082099
1718187373706749440.000000000,-2.158051025,0.138578873,1.317791748,0.981231485,-0.013633942,0.051001548,-0.185466253
1718187373716749312.000000000,-2.164496826,0.142895767,1.318040161,0.980951537,-0.010166097,0.049253775,-0.187629418
1718187373726749184.000000000,-2.170610596,0.147072235,1.318167236,0.980560308,-0.009884127,0.046806778,-0.190296906
1718187373736749312.000000000,-2.176639160,0.151295837,1.318433105,0.980171631,-0.009637078,0.044731427,-0.192794710
1718187373746749440.000000000,-2.182511230,0.155576370,1.318779907,0.979812304,-0.009737547,0.043449476,-0.194897853
1718187373756749312.000000000,-2.188200684,0.159844391,1.319090820,0.979440655,-0.009910988,0.042136973,-0.197033629
1718187373766749184.000000000,-2.193795410,0.164116669,1.319481567,0.979006013,-0.010326151,0.041887997,-0.199213434
1718187373776749312.000000000,-2.199258545,0.168341644,1.319870239,0.978581445,-0.010598071,0.042308389,-0.201186574
1718187373786749440.000000000,-2.204354004,0.172708649,1.320352783,0.978626512,-0.010600821,0.042838199,-0.200854828
1718187373796749312.000000000,-2.209849609,0.177213882,1.320960815,0.978624351,-0.009847524,0.042084268,-0.201062978
1718187373806749184.000000000,-2.215000000,0.181426117,1.321325439,0.978277277,-0.009069371,0.043319703,-0.202520908
1718187373816749312.000000000,-2.220322266,0.185748596,1.321789307,0.977969204,-0.008201354,0.043986021,-0.203897533
1718187373826749440.000000000,-2.225567139,0.189954849,1.322072632,0.977501908,-0.006291861,0.045097033,-0.205953128
1718187373836749312.000000000,-2.230888428,0.194160095,1.322323975,0.976974758,-0.004258507,0.045658228,-0.208368698
1718187373846749184.000000000,-2.236276367,0.198412415,1.322504883,0.976406661,-0.002597892,0.045444771,-0.211087794
1718187373856749312.000000000,-2.241773682,0.202683029,1.322663086,0.975753111,-0.000724731,0.044466946,-0.214308261
1718187373866749440.000000000,-2.247051758,0.206866287,1.322454712,0.974808620,0.001029096,0.045263645,-0.218399398
1718187373876749312.000000000,-2.252723145,0.211301178,1.322700806,0.974262687,0.002175939,0.041226457,-0.221602936
1718187373886749184.000000000,-2.258403564,0.215795502,1.322966431,0.973401850,0.002119273,0.039024520,-0.225746393
1718187373896749312.000000000,-2.263612549,0.220397964,1.323100952,0.972438563,0.000695141,0.037726420,-0.230085801
1718187373906749440.000000000,-2.268822021,0.224860062,1.323242676,0.971622588,-0.000093833,0.035725856,-0.233823012
1718187373916749312.000000000,-2.273908691,0.229307098,1.323449829,0.970852324,-0.001392770,0.033983195,-0.237252961
1718187373926749184.000000000,-2.278779541,0.233756897,1.323708008,0.970134705,-0.002992956,0.032714398,-0.240331988
1718187373936749312.000000000,-2.283402100,0.238085327,1.323917969,0.969292381,-0.006427852,0.031961704,-0.243740462
1718187373946749440.000000000,-2.287824219,0.242306259,1.324199585,0.968515187,-0.008944451,0.031934034,-0.246735785
1718187373956749312.000000000,-2.292141357,0.246537445,1.324537231,0.967784907,-0.010901569,0.032561672,-0.249425876
1718187373966749184.000000000,-2.296391602,0.250680420,1.324915894,0.967154754,-0.012097151,0.033284674,-0.251709102
1718187373976749312.000000000,-2.300545166,0.254678696,1.325254028,0.966677935,-0.012539437,0.034349645,-0.253370549
1718187373986749440.000000000,-2.304715332,0.258537384,1.325584473,0.966106633,-0.012400394,0.035745947,-0.255355501
1718187373996749312.000000000,-2.308707031,0.262498596,1.325818970,0.965313500,-0.011869615,0.037222593,-0.258153902
1718187374006749184.000000000,-2.312943359,0.266296448,1.326039063,0.964734002,-0.010240025,0.037248265,-0.260376676
1718187374016749312.000000000,-2.317366211,0.270164642,1.326359497,0.963912530,-0.009380072,0.037999188,-0.263326244
1718187374026749440.000000000,-2.321664551,0.273880859,1.326308594,0.963111841,-0.006300684,0.038760907,-0.266220726
1718187374036749312.000000000,-2.326069336,0.277623779,1.326236694,0.962469263,-0.003309201,0.038235625,-0.268663365
1718187374046749184.000000000,-2.330705566,0.281537781,1.326257813,0.961401495,-0.001201397,0.038479623,-0.272442729
1718187374056749312.000000000,-2.335177490,0.285372314,1.326046753,0.960472966,0.001000550,0.037512287,-0.275832391
1718187374066749440.000000000,-2.339669189,0.289309265,1.325796143,0.959490991,0.002759764,0.037598610,-0.279205599
1718187374076749312.000000000,-2.344095215,0.293354065,1.325340332,0.958704984,0.004561294,0.035036807,-0.282199167
1718187374086749184.000000000,-2.348549316,0.297450592,1.325070679,0.957932346,0.005167186,0.034683298,-0.284843799
1718187374096749312.000000000,-2.353079834,0.301741760,1.324738525,0.956967924,0.005646579,0.034695767,-0.288056787
1718187374106749440.000000000,-2.357442871,0.305986664,1.324372925,0.956216233,0.005203710,0.035020967,-0.290511564
1718187374116749312.000000000,-2.361864502,0.310363129,1.323986206,0.955365866,0.004792982,0.035040876,-0.293300574
1718187374126749184.000000000,-2.366186035,0.314705994,1.323585083,0.954592178,0.003991233,0.035861939,-0.295722447
1718187374136749312.000000000,-2.370533203,0.319134216,1.323167847,0.953736189,0.003216394,0.036440636,-0.298410817
1718187374146749440.000000000,-2.374791748,0.323552307,1.322713745,0.953001570,0.002196694,0.036765434,-0.300718283
1718187374156749312.000000000,-2.379076904,0.328017822,1.322238281,0.952090226,0.001527848,0.037036651,-0.303562438
1718187374166749184.000000000,-2.383302002,0.332453674,1.321771118,0.951243655,0.000540879,0.037716031,-0.306125329
1718187374176749312.000000000,-2.387549561,0.336918518,1.321300171,0.950196553,0.000081308,0.038008772,-0.309324809
1718187374186749440.000000000,-2.391728516,0.341355286,1.320816284,0.949095685,-0.000356496,0.038352847,-0.312644066
1718187374196749312.000000000,-2.395911133,0.345748627,1.320332886,0.947873458,-0.000104474,0.038918256,-0.316261389
1718187374206749184.000000000,-2.400038330,0.350097687,1.319804199,0.946684338,0.000438777,0.038894624,-0.319805847
1718187374216749312.000000000,-2.404444092,0.354526703,1.319674194,0.944755797,0.000485257,0.043195667,-0.324915963
1718187374226749440.000000000,-2.408608887,0.358785065,1.319209106,0.943427509,0.001818326,0.042559002,-0.328831203
1718187374236749312.000000000,-2.412628174,0.362947113,1.318554565,0.942130144,0.004232609,0.041606082,-0.332628636
1718187374246749184.000000000,-2.416860107,0.367234344,1.318238037,0.940828880,0.009056907,0.041648152,-0.336191052
1718187374256749312.000000000,-2.421215576,0.371433990,1.317953735,0.939085528,0.009228653,0.043312792,-0.340818435
1718187374266749440.000000000,-2.425297607,0.375588501,1.317430298,0.937606681,0.010919715,0.043216907,-0.344828610
1718187374276749312.000000000,-2.429335449,0.379731812,1.316883789,0.935994947,0.012032767,0.043232328,-0.349141287
1718187374286749184.000000000,-2.433354004,0.383847839,1.316386963,0.934407362,0.012827093,0.043784164,-0.353272266
1718187374296749312.000000000,-2.437343994,0.387946228,1.315869385,0.932944241,0.014307936,0.044353080,-0.356991780
1718187374306749440.000000000,-2.441377686,0.392088989,1.315416138,0.931349621,0.015988678,0.045413531,-0.360929157
1718187374316749312.000000000,-2.445387207,0.396200165,1.314959229,0.929875130,0.017561430,0.045986940,-0.364566922
1718187374326749184.000000000,-2.449429688,0.400321411,1.314562622,0.928208711,0.018931680,0.046714478,-0.368629812
1718187374336749312.000000000,-2.453500977,0.404450684,1.314133789,0.926528061,0.019972217,0.047103200,-0.372730668
1718187374346749440.000000000,-2.457613770,0.408611145,1.313753540,0.924828846,0.020816240,0.047378604,-0.376846863
1718187374356749312.000000000,-2.461784912,0.412807922,1.313407349,0.923006066,0.021512760,0.047142655,-0.381280176
1718187374366749184.000000000,-2.465988281,0.417017975,1.313102173,0.921141213,0.021711280,0.046163297,-0.385871010
1718187374376749312.000000000,-2.470244385,0.421246307,1.312823975,0.919280025,0.021569493,0.045108440,-0.390415446
1718187374386749440.000000000,-2.474529297,0.425488129,1.312598267,0.917490483,0.021424497,0.043423544,-0.394799444
1718187374396749312.000000000,-2.478873779,0.429740051,1.312488281,0.915605774,0.020867689,0.041419397,-0.399393339
1718187374406749184.000000000,-2.483156006,0.434017792,1.312430420,0.913956626,0.020274838,0.039095053,-0.403415163
1718187374416749312.000000000,-2.487363037,0.438276917,1.312491089,0.912213023,0.019047525,0.037053682,-0.407592464
1718187374426749440.000000000,-2.491459717,0.442498230,1.312623657,0.910543385,0.017769455,0.035542652,-0.411499345
1718187374436749312.000000000,-2.495409424,0.446670349,1.312788818,0.908869955,0.016302248,0.034485849,-0.415331636
1718187374446749184.000000000,-2.499157715,0.450779877,1.312991821,0.907227060,0.015276475,0.034330876,-0.418959523
1718187374456749312.000000000,-2.502782959,0.454851685,1.313212769,0.905630522,0.014918931,0.034968732,-0.422360002
1718187374466749440.000000000,-2.506298340,0.458887604,1.313452393,0.903942200,0.015409753,0.036370807,-0.425826494
1718187374476749312.000000000,-2.509729004,0.462906708,1.313667603,0.902267726,0.016431452,0.038092342,-0.429175875
1718187374486749184.000000000,-2.513112305,0.466944489,1.313878418,0.900449676,0.017588101,0.039967895,-0.432762760
1718187374496749312.000000000,-2.516515137,0.471064026,1.314072876,0.898638198,0.018435550,0.041729402,-0.436312018
1718187374506749440.000000000,-2.519944092,0.475235046,1.314242554,0.896770911,0.019088780,0.043069222,-0.439980220
1718187374516749312.000000000,-2.523596191,0.479618988,1.314598633,0.894793740,0.017620717,0.043771337,-0.443979439
1718187374526749184.000000000,-2.527105469,0.483973877,1.314704224,0.892975057,0.018163516,0.043605738,-0.447620570
1718187374536749312.000000000,-2.530731689,0.488490662,1.314964355,0.891093193,0.016755385,0.043303196,-0.451438823
1718187374546749440.000000000,-2.534330811,0.493069855,1.315241699,0.889305013,0.015278434,0.042613509,-0.455068403
1718187374556749312.000000000,-2.537903809,0.497684784,1.315599365,0.887551149,0.013267059,0.042149552,-0.458585169
1718187374566749184.000000000,-2.541387451,0.502290680,1.315988647,0.885805053,0.011158143,0.041853135,-0.462031620
1718187374576749312.000000000,-2.544741943,0.506845459,1.316409058,0.884208119,0.009564693,0.041820174,-0.465118901
1718187374586749440.000000000,-2.548202881,0.511632568,1.317277954,0.881827228,0.006940838,0.046124366,-0.469260170
1718187374596749312.000000000,-2.551264893,0.516069336,1.317721924,0.880491650,0.006175386,0.046833476,-0.471702178
1718187374606749184.000000000,-2.554285889,0.520456543,1.318175293,0.879361710,0.005597278,0.047809398,-0.473715015
1718187374616749312.000000000,-2.557213867,0.524789124,1.318633423,0.878260263,0.005678450,0.048843283,-0.475647978
1718187374626749440.000000000,-2.560145752,0.529109741,1.319117310,0.877183338,0.006356366,0.050015478,-0.477501246
1718187374636749312.000000000,-2.563062744,0.533419861,1.319550781,0.876106723,0.007098861,0.050860388,-0.479374422
1718187374646749184.000000000,-2.566010986,0.537775452,1.319946899,0.875088661,0.008304300,0.051248755,-0.481169865
1718187374656749312.000000000,-2.569024170,0.542164917,1.320292725,0.873958712,0.009876795,0.051416118,-0.483171813
1718187374666749440.000000000,-2.572105469,0.546617615,1.320580811,0.872846131,0.011412678,0.051127922,-0.485175553
1718187374676749312.000000000,-2.575256836,0.551139648,1.320815552,0.871715270,0.013199641,0.050321872,-0.487243231
1718187374686749184.000000000,-2.578437744,0.555744019,1.320989136,0.870514230,0.015138164,0.049367733,-0.489426846
1718187374696749312.000000000,-2.581646484,0.560472900,1.321110718,0.869374820,0.016903360,0.048144093,-0.491511795
1718187374706749440.000000000,-2.584868896,0.565353760,1.321292114,0.867972242,0.017764094,0.046792810,-0.494084059
1718187374716749312.000000000,-2.587937500,0.570240234,1.321256714,0.866753764,0.020172628,0.045783192,-0.496220593
1718187374726749184.000000000,-2.590986572,0.575297791,1.321276123,0.865382244,0.021129021,0.044825878,-0.498655970
1718187374736749312.000000000,-2.593957031,0.580438904,1.321318481,0.864033441,0.021960363,0.044458760,-0.500986400
1718187374746749440.000000000,-2.596817871,0.585664124,1.321328125,0.862783158,0.022581048,0.044260737,-0.503126531
1718187374756749312.000000000,-2.599575439,0.590967285,1.321326172,0.861636220,0.022558654,0.044459649,-0.505071749
1718187374766749184.000000000,-2.602250732,0.596352600,1.321313477,0.860555261,0.022530451,0.044853605,-0.506877870
1718187374776749312.000000000,-2.604843994,0.601789551,1.321290161,0.859572084,0.022497857,0.045646266,-0.508474283
1718187374786749440.000000000,-2.607368896,0.607294434,1.321234985,0.858672958,0.022083785,0.046222618,-0.509957378
1718187374796749312.000000000,-2.609838379,0.612836304,1.321188599,0.857709159,0.021862540,0.047396572,-0.511478830
1718187374806749184.000000000,-2.612253906,0.618466248,1.321101196,0.856764415,0.021557217,0.048383838,-0.512980534
1718187374816749312.000000000,-2.614646973,0.624116150,1.321012695,0.855871341,0.021597574,0.049333404,-0.514377301
1718187374826749440.000000000,-2.617050537,0.629811096,1.320875122,0.854862546,0.021599290,0.050306052,-0.515958138
1718187374836749312.000000000,-2.619480225,0.635565796,1.320755371,0.853860532,0.021891914,0.050918329,-0.517542519
1718187374846749184.000000000,-2.621931641,0.641345581,1.320547729,0.852919837,0.022374293,0.051290567,-0.519034123
1718187374856749312.000000000,-2.624431396,0.647161499,1.320328125,0.852020458,0.023178632,0.051272153,-0.520475798
1718187374866749440.000000000,-2.626957520,0.653018677,1.320060791,0.851088715,0.023820118,0.051095121,-0.521986484
1718187374876749312.000000000,-2.629536621,0.658914917,1.319770142,0.850373607,0.024831435,0.050591351,-0.523152601
1718187374886749184.000000000,-2.632110596,0.664831604,1.319470459,0.849574276,0.025539598,0.050126135,-0.524460340
1718187374896749312.000000000,-2.634677246,0.670778198,1.319162720,0.848892095,0.026498887,0.049381726,-0.525586782
1718187374906749440.000000000,-2.637229736,0.676724854,1.318857910,0.848222451,0.027274412,0.049089182,-0.526654567
1718187374916749312.000000000,-2.639697998,0.682671204,1.318536621,0.847550359,0.028427909,0.048451949,-0.527733504
1718187374926749184.000000000,-2.642128662,0.688639343,1.318252075,0.846965119,0.029708077,0.048059636,-0.528637672
1718187374936749312.000000000,-2.644477295,0.694592285,1.317949585,0.846231842,0.031039836,0.047863643,-0.529752084
1718187374946749440.000000000,-2.646770996,0.700557983,1.317697510,0.845590445,0.032921020,0.047624404,-0.530683448
1718187374956749312.000000000,-2.649005127,0.706572815,1.317479126,0.844847428,0.034731154,0.047710682,-0.531742664
1718187374966749184.000000000,-2.651113037,0.712623169,1.317248413,0.843943670,0.036526531,0.047327630,-0.533090039
1718187374976749312.000000000,-2.653218262,0.718751099,1.317106323,0.843033521,0.038121988,0.047485182,-0.534402802
1718187374986749440.000000000,-2.655235352,0.724971375,1.316970581,0.841976221,0.039227753,0.047019543,-0.536028347
1718187374996749312.000000000,-2.657166504,0.731309204,1.316897217,0.840697116,0.039683144,0.046689233,-0.538027622
1718187375006749184.000000000,-2.659031738,0.737719971,1.316844849,0.839512627,0.039562907,0.046154299,-0.539928797
1718187375016749312.000000000,-2.660852539,0.744210510,1.316893188,0.838258985,0.038720326,0.046117211,-0.541937093
1718187375026749440.000000000,-2.662543701,0.750747498,1.316977295,0.837142558,0.037077873,0.045833994,-0.543798505
1718187375036749312.000000000,-2.664173096,0.757317017,1.317161133,0.836217157,0.035045228,0.045902717,-0.545349099
1718187375046749184.000000000,-2.665749512,0.763878357,1.317458618,0.835493902,0.032339137,0.046367838,-0.546584069
1718187375056749312.000000000,-2.667222656,0.770394104,1.317833740,0.834965261,0.029906462,0.046772848,-0.547495129
1718187375066749440.000000000,-2.668572754,0.776866333,1.318285156,0.834429040,0.027647487,0.047339123,-0.548381985
1718187375076749312.000000000,-2.669793701,0.783263184,1.318792358,0.834022229,0.025607185,0.048521601,-0.548996219
1718187375086749184.000000000,-2.670889160,0.789588074,1.319368164,0.833686211,0.024253143,0.050084959,-0.549427505
1718187375096749312.000000000,-2.671902344,0.795837830,1.319960327,0.833216338,0.023484753,0.051842699,-0.550010304
1718187375106749440.000000000,-2.672878174,0.802022522,1.320596436,0.832666987,0.023307722,0.053655217,-0.550675545
1718187375116749312.000000000,-2.673782227,0.808171692,1.321183838,0.831945444,0.023835481,0.055219647,-0.551588105
1718187375126749184.000000000,-2.674712402,0.814283630,1.321758301,0.831251208,0.024829284,0.056584607,-0.552451915
1718187375136749312.000000000,-2.675655029,0.820412231,1.322304077,0.830341463,0.026073760,0.057401432,-0.553677063
1718187375146749440.000000000,-2.676659668,0.826570129,1.322782837,0.829409981,0.027662324,0.057897281,-0.554943046
1718187375156749312.000000000,-2.677719482,0.832730591,1.323199951,0.828493835,0.029029572,0.057667835,-0.556264030
1718187375166749184.000000000,-2.678904785,0.838998901,1.323612793,0.827613409,0.030510780,0.057344909,-0.557527307
1718187375176749312.000000000,-2.680117432,0.845280457,1.323940063,0.826774616,0.031727895,0.056319730,-0.558806911
1718187375186749440.000000000,-2.681401855,0.851659607,1.324260010,0.825832930,0.032777139,0.055046914,-0.560263749
1718187375196749312.000000000,-2.682675781,0.858077942,1.324497803,0.824827823,0.033413153,0.053432111,-0.561860866
1718187375206749184.000000000,-2.683921143,0.864544312,1.324694458,0.823678537,0.033450347,0.051889330,-0.563686295
1718187375216749312.000000000,-2.685087646,0.871059814,1.324858154,0.822371209,0.033187435,0.050657311,-0.565719034
1718187375226749440.000000000,-2.686207031,0.877574158,1.325007813,0.821058381,0.032427827,0.049483544,-0.567770156
1718187375236749312.000000000,-2.687222656,0.884101501,1.325172363,0.819526528,0.031493277,0.048752678,-0.570094395
1718187375246749184.000000000,-2.688045654,0.890661377,1.325319580,0.819007435,0.029823915,0.047709716,-0.571017634
1718187375256749312.000000000,-2.688909424,0.897082275,1.325527588,0.817361012,0.028526166,0.047915502,-0.573420735
1718187375266749440.000000000,-2.689701904,0.903392883,1.325695435,0.815757715,0.027163528,0.047527397,-0.575797395
1718187375276749312.000000000,-2.690502686,0.909646057,1.325972534,0.814223638,0.025703732,0.048060023,-0.577987387
1718187375286749184.000000000,-2.691260010,0.915776428,1.326184692,0.812897669,0.024793898,0.047962014,-0.579898515
1718187375296749312.000000000,-2.692014893,0.921850891,1.326427612,0.811747529,0.024137010,0.048324695,-0.581505011
1718187375306749440.000000000,-2.692881836,0.927865601,1.326703857,0.810736980,0.024026835,0.049142757,-0.582849251
1718187375316749312.000000000,-2.693647705,0.933811340,1.326762451,0.809754017,0.024047753,0.047835296,-0.584321762
1718187375326749184.000000000,-2.694548340,0.939775146,1.326882690,0.808881991,0.024398431,0.047738108,-0.585521746
1718187375336749312.000000000,-2.695495605,0.945734802,1.326874268,0.807881651,0.025295711,0.046528867,-0.586960330
1718187375346749440.000000000,-2.696492920,0.951729797,1.326791992,0.806913831,0.026255332,0.045581649,-0.588322225
1718187375356749312.000000000,-2.697497803,0.957780518,1.326596069,0.805807425,0.027178402,0.043694441,-0.589937728
1718187375366749184.000000000,-2.698532959,0.963921753,1.326307983,0.804629345,0.028183374,0.041921474,-0.591624801
1718187375376749312.000000000,-2.699608154,0.970149475,1.326010376,0.803398031,0.029130636,0.041143042,-0.593304526
1718187375386749440.000000000,-2.700572998,0.976401245,1.325475830,0.802110531,0.029741421,0.038967849,-0.595160188
1718187375396749312.000000000,-2.701613525,0.982789490,1.324933228,0.801021645,0.029884591,0.038298721,-0.596661079
1718187375406749184.000000000,-2.702525146,0.989154480,1.324328613,0.799844763,0.030569969,0.037048270,-0.598281922
1718187375416749312.000000000,-2.703417725,0.995654297,1.323672729,0.798700490,0.030373859,0.036840356,-0.599831429
1718187375426749440.000000000,-2.704270752,1.002238770,1.322999268,0.797527116,0.030076333,0.037627449,-0.601356873
1718187375436749312.000000000,-2.705060059,1.008846191,1.322225952,0.796491505,0.029476670,0.038124683,-0.602726237
1718187375446749184.000000000,-2.705799072,1.015535339,1.321426758,0.795523492,0.028474128,0.039150186,-0.603985811
1718187375456749312.000000000,-2.706497559,1.022276062,1.320570313,0.794484565,0.027257039,0.040354296,-0.605328722
1718187375466749440.000000000,-2.707010498,1.029116943,1.319582886,0.793799007,0.025308200,0.040844359,-0.606279119
1718187375476749312.000000000,-2.707672607,1.035986084,1.318681274,0.792410992,0.024370444,0.042712763,-0.608002073
1718187375486749184.000000000,-2.708348877,1.042873657,1.317752686,0.791155876,0.022772887,0.043778620,-0.609620544
1718187375496749312.000000000,-2.709042969,1.049758911,1.316813599,0.789680869,0.021146513,0.044857991,-0.611510188
1718187375506749440.000000000,-2.709765381,1.056692505,1.315884644,0.788196870,0.019817763,0.045727516,-0.613401943
1718187375516749312.000000000,-2.710508789,1.063584839,1.314939697,0.787038475,0.018158690,0.045960679,-0.614921391
1718187375526749184.000000000,-2.711292725,1.070507690,1.314115112,0.785224210,0.017067402,0.046715771,-0.617210888
1718187375536749312.000000000,-2.712126221,1.077346191,1.313302002,0.783733816,0.016317873,0.046891067,-0.619109248
1718187375546749440.000000000,-2.712971436,1.084162476,1.312521729,0.782179294,0.015826218,0.046844577,-0.621088294
1718187375556749312.000000000,-2.713848877,1.090894043,1.311791626,0.780634591,0.015878144,0.046419648,-0.623059176
1718187375566749184.000000000,-2.714742188,1.097576782,1.311115234,0.779174644,0.016333454,0.045711103,-0.624924466
1718187375576749312.000000000,-2.715653076,1.104180786,1.310493652,0.777658963,0.017028130,0.044950817,-0.626846076
1718187375586749440.000000000,-2.716542725,1.110784790,1.309914551,0.776055343,0.017937619,0.044067948,-0.628867523
1718187375596749312.000000000,-2.717410156,1.117330811,1.309404175,0.774396994,0.018931427,0.043475472,-0.630920581
1718187375606749184.000000000,-2.718252441,1.123848511,1.308907471,0.772572895,0.020315454,0.042728585,-0.633160858
1718187375616749312.000000000,-2.719091553,1.130320068,1.308485107,0.770829618,0.021792243,0.042270305,-0.635263740
1718187375626749440.000000000,-2.720047852,1.136735107,1.308169434,0.769318408,0.023769619,0.041962262,-0.637042667
1718187375636749312.000000000,-2.720859619,1.143240356,1.307807617,0.767369285,0.025365738,0.041419477,-0.639363267
1718187375646749184.000000000,-2.721671631,1.149744751,1.307473389,0.765454192,0.027062397,0.041094152,-0.641606404
1718187375656749312.000000000,-2.722477539,1.156333618,1.307141479,0.763470923,0.028565048,0.040719498,-0.643923995
1718187375666749440.000000000,-2.723296631,1.162912231,1.306885986,0.761372445,0.029820109,0.040289209,-0.646374149
1718187375676749312.000000000,-2.724110352,1.169578247,1.306678467,0.759185591,0.030745823,0.039950461,-0.648919020
1718187375686749184.000000000,-2.724906982,1.176286865,1.306480957,0.756815582,0.031101862,0.039500543,-0.651692071
1718187375696749312.000000000,-2.725678955,1.183074829,1.306349609,0.754263899,0.030824089,0.039134745,-0.654678790
1718187375706749440.000000000,-2.726406982,1.189911743,1.306284912,0.751730494,0.030631849,0.038772273,-0.657616655
1718187375716749312.000000000,-2.727112793,1.196764526,1.306283081,0.749083041,0.029292768,0.038621746,-0.660700304
1718187375726749184.000000000,-2.727766357,1.203648560,1.306366089,0.746339172,0.027494406,0.038394338,-0.663888373
1718187375736749312.000000000,-2.728396973,1.210506348,1.306535278,0.743987685,0.025144661,0.038408362,-0.666614483
1718187375746749440.000000000,-2.728996094,1.217347046,1.306800415,0.741924040,0.022432925,0.038414486,-0.669006584
1718187375756749312.000000000,-2.729478027,1.224122925,1.307200806,0.739769986,0.019981513,0.038637440,-0.671452348
1718187375766749184.000000000,-2.729917969,1.230789063,1.307661987,0.737912901,0.017865221,0.038823706,-0.673541465
1718187375776749312.000000000,-2.730282227,1.237298218,1.308200928,0.736406006,0.015983953,0.039074748,-0.675221350
1718187375786749440.000000000,-2.730557861,1.243665039,1.308788452,0.734938934,0.015581908,0.039101530,-0.676825707
1718187375796749312.000000000,-2.730703857,1.249887329,1.309374512,0.733653382,0.015859826,0.039209923,-0.678206283
1718187375806749184.000000000,-2.730765625,1.255974731,1.309958862,0.732116937,0.017428780,0.039420018,-0.679814011
1718187375816749312.000000000,-2.730682861,1.261984619,1.310498535,0.730369576,0.019832684,0.039814498,-0.681602343
1718187375826749440.000000000,-2.730483887,1.267941284,1.310986694,0.728296892,0.022865009,0.040054864,-0.683707858
1718187375836749312.000000000,-2.730220947,1.273919556,1.311425415,0.726012404,0.026042946,0.040365340,-0.686001745
1718187375846749184.000000000,-2.729877441,1.279990356,1.311781372,0.723249456,0.028456921,0.040283059,-0.688823420
1718187375856749312.000000000,-2.729462402,1.286167847,1.312041626,0.720489094,0.030486457,0.039903154,-0.691645704
1718187375866749440.000000000,-2.729055420,1.292477783,1.312247559,0.717487228,0.031677331,0.039477227,-0.694730288
1718187375876749312.000000000,-2.728542969,1.298932495,1.312352051,0.714792667,0.031753767,0.038684170,-0.697543315
1718187375886749184.000000000,-2.728032715,1.305489380,1.312411499,0.711927169,0.030202472,0.037601578,-0.700595203
1718187375896749312.000000000,-2.727455078,1.312108643,1.312498901,0.709417152,0.028219979,0.037284537,-0.703235949
1718187375906749440.000000000,-2.726587891,1.318739136,1.312406860,0.706444263,0.024725653,0.035689887,-0.706435685
1718187375916749312.000000000,-2.725851563,1.325267212,1.312638916,0.704357366,0.022411465,0.036840333,-0.708534556
1718187375926749184.000000000,-2.724794922,1.331680908,1.312675537,0.702481502,0.019897255,0.037749939,-0.710421551
1718187375936749312.000000000,-2.723682861,1.337912720,1.312934448,0.700765183,0.018206141,0.040174302,-0.712027190
1718187375946749440.000000000,-2.722383545,1.344070190,1.313047241,0.699139564,0.016600217,0.041484151,-0.713587674
1718187375956749312.000000000,-2.721114258,1.350081665,1.313388428,0.697253657,0.015343376,0.044483377,-0.715278371
1718187375966749184.000000000,-2.719323486,1.355832520,1.313585815,0.696476226,0.016387750,0.047606718,-0.715811364
1718187375976749312.000000000,-2.717936523,1.361737305,1.313819824,0.694546360,0.016563108,0.049112698,-0.717578540
1718187375986749440.000000000,-2.716359375,1.367442383,1.314206543,0.692938256,0.016513545,0.051992141,-0.718930242
1718187375996749312.000000000,-2.714745361,1.373209839,1.314399658,0.691170788,0.018540371,0.053001183,-0.720506815
1718187376006749184.000000000,-2.713123291,1.378985596,1.314582520,0.689545316,0.020699819,0.053646636,-0.721956241
1718187376016749312.000000000,-2.711635498,1.384893188,1.314685669,0.687354654,0.022902148,0.053304807,-0.724001152
1718187376026749440.000000000,-2.710067871,1.390829468,1.314787598,0.685644448,0.024552868,0.052795176,-0.725604243
1718187376036749312.000000000,-2.708747559,1.397011230,1.314813110,0.683082102,0.026076736,0.050989137,-0.728092683
1718187376046749184.000000000,-2.707384766,1.403252930,1.314788696,0.680857826,0.027154791,0.049181995,-0.730257742
1718187376056749312.000000000,-2.705988525,1.409646973,1.314642700,0.678692786,0.027773813,0.047282310,-0.732372242
1718187376066749440.000000000,-2.704564941,1.416090942,1.314461792,0.676477526,0.028131902,0.045131731,-0.734540591
1718187376076749312.000000000,-2.703090820,1.422602295,1.314208740,0.674204882,0.027981469,0.043582626,-0.736726115
1718187376086749184.000000000,-2.701499268,1.429154053,1.313899048,0.672096452,0.028198519,0.041939440,-0.738736954
1718187376096749312.000000000,-2.699799805,1.435653076,1.313559326,0.670034599,0.028101472,0.041167461,-0.740654565
1718187376106749440.000000000,-2.697967773,1.442133057,1.313183594,0.667922609,0.028216699,0.040736126,-0.742579137
1718187376116749312.000000000,-2.696007324,1.448581787,1.312782227,0.666049532,0.028514306,0.040950032,-0.744236555
1718187376126749184.000000000,-2.693942871,1.454991455,1.312357300,0.664342728,0.028877784,0.041649957,-0.745707781
1718187376136749312.000000000,-2.691804932,1.461391846,1.311928223,0.662811527,0.029671130,0.042719813,-0.746977591
1718187376146749440.000000000,-2.689583984,1.467754761,1.311466553,0.661508572,0.030520834,0.043718789,-0.748039809
1718187376156749312.000000000,-2.687330322,1.474144409,1.311027100,0.660141460,0.031228701,0.044822640,-0.749152156
1718187376166749184.000000000,-2.685020752,1.480553955,1.310530884,0.658878263,0.032137126,0.045917249,-0.750158814
1718187376176749312.000000000,-2.682715576,1.487017578,1.310075928,0.657724461,0.032880902,0.046773033,-0.751085657
1718187376186749440.000000000,-2.680394531,1.493497559,1.309634644,0.656463649,0.033707797,0.047253996,-0.752121215
1718187376196749312.000000000,-2.678018311,1.500048950,1.309177734,0.655088740,0.034508722,0.047780839,-0.753249549
1718187376206749184.000000000,-2.675647461,1.506603638,1.308733765,0.653542765,0.035092320,0.047542744,-0.754579400
1718187376216749312.000000000,-2.673243164,1.513222778,1.308330688,0.652043454,0.036030058,0.047187307,-0.755853509
1718187376226749440.000000000,-2.670771973,1.519856689,1.307940674,0.650303615,0.036558542,0.046492693,-0.757368544
1718187376236749312.000000000,-2.668264648,1.526477905,1.307599487,0.648330528,0.037188017,0.045679046,-0.759077073
1718187376246749184.000000000,-2.665663330,1.533088379,1.307314331,0.646383348,0.037884551,0.044705690,-0.760759311
1718187376256749312.000000000,-2.662946289,1.539662598,1.307073242,0.644387501,0.038784176,0.043701842,-0.762463563
1718187376266749440.000000000,-2.660153076,1.546184937,1.306904297,0.642262028,0.039988035,0.042753245,-0.764246429
1718187376276749312.000000000,-2.657257568,1.552656250,1.306776001,0.640185798,0.041174664,0.041871634,-0.765972295
1718187376286749184.000000000,-2.654246094,1.559077759,1.306719116,0.637849733,0.042575546,0.041165860,-0.767880468
1718187376296749312.000000000,-2.651160889,1.565442993,1.306724731,0.635606411,0.043482011,0.040743111,-0.769710208
1718187376306749440.000000000,-2.648018555,1.571798462,1.306827393,0.633515873,0.044220789,0.040794621,-0.771387036
1718187376316749312.000000000,-2.644463379,1.577918213,1.306852051,0.632132295,0.044750053,0.041180563,-0.772470295
1718187376326749184.000000000,-2.641129883,1.584233521,1.307026001,0.630013092,0.044309973,0.041640094,-0.774200383
1718187376336749312.000000000,-2.637727295,1.590424072,1.307444336,0.628194053,0.042464047,0.043708977,-0.775666527
1718187376346749440.000000000,-2.634106201,1.596613647,1.307729614,0.626683594,0.041560828,0.045154505,-0.776853552
1718187376356749312.000000000,-2.630501465,1.602728760,1.308187988,0.624920421,0.039630257,0.047235102,-0.778249803
1718187376366749184.000000000,-2.626877441,1.608743042,1.308757813,0.623347250,0.037756274,0.049539437,-0.779460399
1718187376376749312.000000000,-2.623220703,1.614613281,1.309474121,0.621750431,0.036158836,0.051572106,-0.780678716
1718187376386749440.000000000,-2.619573486,1.620346436,1.310269775,0.620097318,0.034862831,0.053566136,-0.781917239
1718187376396749312.000000000,-2.615916504,1.625923950,1.311189697,0.618678542,0.033853884,0.055204913,-0.782970749
1718187376406749184.000000000,-2.612280273,1.631385620,1.312203125,0.617316993,0.033517691,0.056664338,-0.783955003
1718187376416749312.000000000,-2.608511719,1.636553589,1.313214233,0.614279748,0.033231971,0.057803684,-0.786266343
1718187376426749440.000000000,-2.604857910,1.641722534,1.314349243,0.612591797,0.034399513,0.058157884,-0.787505952
1718187376436749312.000000000,-2.601204346,1.646818848,1.315484497,0.610619866,0.035916341,0.057741832,-0.788998908
1718187376446749184.000000000,-2.597584473,1.651844482,1.316620361,0.608553821,0.038424630,0.056789841,-0.790544564
1718187376456749312.000000000,-2.593957031,1.656872559,1.317743042,0.606564511,0.040892005,0.055549139,-0.792036382
1718187376466749440.000000000,-2.590342773,1.661906372,1.318796875,0.604209477,0.043665890,0.053643508,-0.793817720
1718187376476749312.000000000,-2.586718506,1.666992310,1.319791138,0.602035429,0.046371234,0.051556261,-0.795452703
1718187376486749184.000000000,-2.583108154,1.672142700,1.320737671,0.599689450,0.048782191,0.049382029,-0.797216581
1718187376496749312.000000000,-2.579485596,1.677375854,1.321593628,0.597210100,0.050884152,0.047044001,-0.799085579
1718187376506749440.000000000,-2.575822998,1.682710815,1.322356201,0.594689979,0.052659639,0.044947398,-0.800968490
1718187376516749312.000000000,-2.572005371,1.688079712,1.323020996,0.592477857,0.053682733,0.043080714,-0.802640770
1718187376526749184.000000000,-2.568449707,1.693592773,1.323614380,0.589061699,0.054722377,0.040662340,-0.805207023
1718187376536749312.000000000,-2.564719727,1.699119141,1.324107788,0.585940481,0.055119967,0.038774889,-0.807546934
1718187376546749440.000000000,-2.561089355,1.704558838,1.324580322,0.583349565,0.055507088,0.037317523,-0.809462569
1718187376556749312.000000000,-2.557225586,1.710080444,1.324892456,0.580170525,0.054802826,0.036449358,-0.811831421
1718187376566749184.000000000,-2.553301270,1.715549561,1.325140381,0.576757637,0.053629840,0.036557881,-0.814332849
1718187376576749312.000000000,-2.549201172,1.720929077,1.325297729,0.573346880,0.052178607,0.037436628,-0.816792046
1718187376586749440.000000000,-2.545398682,1.726235596,1.325634521,0.570889265,0.051369124,0.038898928,-0.818494675
1718187376596749312.000000000,-2.541349609,1.731507202,1.325619019,0.567698597,0.049264594,0.039589826,-0.820806889
1718187376606749184.000000000,-2.537398193,1.736606567,1.325749878,0.565108466,0.047915291,0.041578661,-0.822573864
1718187376616749312.000000000,-2.533512207,1.741512939,1.325983765,0.562996558,0.047724152,0.044358515,-0.823886887
1718187376626749440.000000000,-2.529447266,1.746559082,1.325922119,0.559009159,0.046592553,0.045330748,-0.826609350
1718187376636749312.000000000,-2.525691406,1.751371826,1.326056152,0.556690143,0.046465947,0.046959326,-0.828089260
1718187376646749184.000000000,-2.521711182,1.755850586,1.326080933,0.556240037,0.047069506,0.048815724,-0.828250269
1718187376656749312.000000000,-2.518003906,1.760275146,1.326224731,0.556866142,0.047094146,0.050980415,-0.827697553
1718187376666749440.000000000,-2.514583008,1.764897827,1.326389893,0.554520369,0.047640046,0.051233717,-0.829224151
1718187376676749312.000000000,-2.511048096,1.769439697,1.326513062,0.552811222,0.048109099,0.051349411,-0.830330359
1718187376686749184.000000000,-2.507355713,1.773931519,1.326550293,0.551490827,0.048638346,0.050864042,-0.831206971
1718187376696749312.000000000,-2.504102295,1.778573364,1.326609009,0.547968063,0.048378747,0.048534306,-0.833687544
1718187376706749440.000000000,-2.500693604,1.783322388,1.326697510,0.544274864,0.049288748,0.046536279,-0.836163780
1718187376716749312.000000000,-2.497177002,1.787764038,1.326547974,0.541569359,0.049023806,0.043953551,-0.838073613
1718187376726749184.000000000,-2.493874512,1.792440063,1.326580200,0.538724899,0.049011744,0.041670856,-0.840021947
1718187376736749312.000000000,-2.490591553,1.797150513,1.326569458,0.535910436,0.048528773,0.038997732,-0.841976330
1718187376746749440.000000000,-2.487286865,1.801841797,1.326413818,0.533326953,0.046829376,0.035781739,-0.843853683
1718187376756749312.000000000,-2.483897705,1.806626587,1.326317139,0.530316670,0.047186903,0.033623062,-0.845817425
1718187376766749184.000000000,-2.480577881,1.811391846,1.326277466,0.527744371,0.047049538,0.031606687,-0.847510022
1718187376776749312.000000000,-2.477177979,1.816155151,1.326089111,0.525292865,0.046578264,0.029954345,-0.849117547
1718187376786749440.000000000,-2.473670166,1.820834473,1.325742310,0.522730626,0.045940851,0.027899334,-0.850801832
1718187376796749312.000000000,-2.470142334,1.825588623,1.325511230,0.520153233,0.046130624,0.027065815,-0.852396634
1718187376806749184.000000000,-2.466581787,1.830311646,1.325232300,0.517576176,0.046605898,0.026754569,-0.853947882
1718187376816749312.000000000,-2.462549316,1.834762329,1.324433472,0.514180569,0.043089213,0.024145619,-0.856258519
1718187376826749440.000000000,-2.458922363,1.839463989,1.324239258,0.511578834,0.045270484,0.025061162,-0.857676873
1718187376836749312.000000000,-2.455079346,1.844162720,1.323768066,0.508245226,0.045260571,0.025103223,-0.859655803
1718187376846749184.000000000,-2.451242188,1.848891846,1.323293091,0.505172815,0.045302661,0.025287538,-0.861457275
1718187376856749312.000000000,-2.447332031,1.853640503,1.322837769,0.501944021,0.045663739,0.026012009,-0.863302032
1718187376866749440.000000000,-2.443421631,1.858389648,1.322242798,0.498522070,0.044035948,0.025669764,-0.865377169
1718187376876749312.000000000,-2.439571289,1.863157593,1.321740723,0.495341649,0.043674434,0.025519016,-0.867224293
1718187376886749184.000000000,-2.435796631,1.867947144,1.321344360,0.492507267,0.044384816,0.026232047,-0.868779869
1718187376896749312.000000000,-2.431850342,1.872667236,1.320744507,0.488984217,0.042936855,0.025587346,-0.870859432
1718187376906749440.000000000,-2.427878418,1.877331665,1.320189209,0.485131286,0.042196417,0.025158128,-0.873060231
1718187376916749312.000000000,-2.424042236,1.881938354,1.319769897,0.481504637,0.042223023,0.024975400,-0.875069557
1718187376926749184.000000000,-2.420163330,1.886492065,1.319353394,0.477779680,0.042317669,0.024341085,-0.877122172
1718187376936749312.000000000,-2.416309570,1.890966309,1.318990723,0.473827298,0.042695567,0.023388385,-0.879271155
1718187376946749440.000000000,-2.412348145,1.895289185,1.318623901,0.469058412,0.043047498,0.020946659,-0.881868673
1718187376956749312.000000000,-2.408679199,1.899831055,1.318399902,0.465785293,0.044623594,0.019149425,-0.883564426
1718187376966749184.000000000,-2.404974365,1.904270874,1.318162842,0.462066572,0.045863326,0.016883209,-0.885497598
1718187376976749312.000000000,-2.401217285,1.908677246,1.317852539,0.457628814,0.046543972,0.014721210,-0.887802238
1718187376986749440.000000000,-2.397343994,1.913067017,1.317618530,0.453161763,0.047247631,0.013308925,-0.890075812
1718187376996749312.000000000,-2.393773926,1.917606079,1.317313843,0.447571720,0.047824739,0.010139620,-0.892910711
1718187377006749184.000000000,-2.389850342,1.922030518,1.317095947,0.443018546,0.047607383,0.009636363,-0.895195646
1718187377016749312.000000000,-2.385992188,1.926530640,1.316857910,0.437903136,0.047250073,0.008770486,-0.897736795
1718187377026749440.000000000,-2.382136719,1.931063477,1.316640381,0.432963104,0.046698010,0.008211392,-0.900163773
1718187377036749312.000000000,-2.378253418,1.935652954,1.316458130,0.427769383,0.045365417,0.008260853,-0.902710968
1718187377046749184.000000000,-2.374334961,1.940236816,1.316283813,0.422960952,0.043340258,0.008753011,-0.905068528
1718187377056749312.000000000,-2.370477051,1.944776733,1.316191528,0.418159340,0.040920025,0.009712677,-0.907399571
1718187377066749440.000000000,-2.366641602,1.949275146,1.316192993,0.413631716,0.038278294,0.011467778,-0.909566966
1718187377076749312.000000000,-2.362760498,1.953689087,1.316161865,0.408912449,0.034185546,0.012550480,-0.911846721
1718187377086749184.000000000,-2.359023193,1.957895996,1.316469727,0.405229294,0.033215374,0.014649846,-0.913494029
1718187377096749312.000000000,-2.355227295,1.961960205,1.316697754,0.401431981,0.031627330,0.015078375,-0.915218400
1718187377106749440.000000000,-2.351667969,1.965807617,1.317171509,0.397484509,0.030419200,0.016426147,-0.916957425
1718187377116749312.000000000,-2.348104492,1.969424805,1.317634766,0.393791288,0.030294766,0.016294756,-0.918556002
1718187377126749184.000000000,-2.344579102,1.972827515,1.318079956,0.389760103,0.030570838,0.014920427,-0.920287926
1718187377136749312.000000000,-2.341166260,1.976007324,1.318609131,0.385981479,0.032674082,0.013159408,-0.921833788
1718187377146749440.000000000,-2.337610596,1.979015625,1.319220581,0.381102948,0.035752052,0.011672037,-0.923767339
1718187377156749312.000000000,-2.334334717,1.982061890,1.319746704,0.376888603,0.037892425,0.008477904,-0.925444364
1718187377166749184.000000000,-2.330736084,1.985021851,1.320004028,0.373360367,0.040680594,0.004676205,-0.926782207
1718187377176749312.000000000,-2.327075928,1.987985962,1.320342041,0.369094894,0.042866170,0.003910607,-0.928394398
1718187377186749440.000000000,-2.323606934,1.990881958,1.320824951,0.363793941,0.043152483,0.000207477,-0.930479333
1718187377196749312.000000000,-2.319775879,1.993853149,1.321226929,0.357325350,0.044167837,-0.001241096,-0.932934219
1718187377206749184.000000000,-2.316158203,1.996986938,1.321605713,0.353610998,0.044155465,-0.001178315,-0.934349061
1718187377216749312.000000000,-2.312333984,2.000184570,1.322140991,0.349428556,0.042228067,0.002717000,-0.936006994
1718187377226749440.000000000,-2.308516113,2.003214844,1.322447754,0.345328780,0.040758902,0.003551284,-0.937589534
1718187377236749312.000000000,-2.304608398,2.006178345,1.322792603,0.341415246,0.039418582,0.005059046,-0.939071995
1718187377246749184.000000000,-2.300704346,2.009047241,1.323117188,0.337908891,0.038378256,0.007002556,-0.940369956
1718187377256749312.000000000,-2.296812012,2.011739258,1.323481567,0.334628245,0.038256721,0.008973848,-0.941530579
1718187377266749440.000000000,-2.292971191,2.014324219,1.323820068,0.331345461,0.038561029,0.010104145,-0.942667035
1718187377276749312.000000000,-2.289140869,2.016803467,1.324187134,0.328338903,0.039262495,0.011149261,-0.943677760
1718187377286749184.000000000,-2.285291748,2.019182251,1.324543579,0.324934953,0.040938258,0.011953220,-0.944774288
1718187377296749312.000000000,-2.281523926,2.021545898,1.324880371,0.321792671,0.041745262,0.012132689,-0.945811613
1718187377306749440.000000000,-2.277650635,2.023898804,1.325237427,0.318310305,0.043543677,0.011591461,-0.946915063
1718187377316749312.000000000,-2.273832764,2.026285156,1.325545776,0.315199999,0.044306042,0.010924146,-0.947927528
1718187377326749184.000000000,-2.269974609,2.028772827,1.325814819,0.311742080,0.045456823,0.009389428,-0.949032345
1718187377336749312.000000000,-2.266095459,2.031348267,1.326048828,0.308531298,0.045140916,0.008011406,-0.950108706
1718187377346749440.000000000,-2.262123047,2.033981812,1.326234863,0.305128489,0.045041555,0.005922723,-0.951226989
1718187377356749312.000000000,-2.258091553,2.036717163,1.326333984,0.301808221,0.043196369,0.003949028,-0.952381372
1718187377366749184.000000000,-2.253996582,2.039483521,1.326395996,0.298385249,0.041982395,0.001920981,-0.953519812
1718187377376749312.000000000,-2.249896973,2.042264893,1.326405640,0.295268182,0.040262896,0.000216021,-0.954565636
1718187377386749440.000000000,-2.245778564,2.045014893,1.326268677,0.292298333,0.036529454,-0.001385646,-0.955628256
1718187377396749312.000000000,-2.241418213,2.047751709,1.326180664,0.287723175,0.035855424,-0.002720332,-0.957038329
1718187377406749184.000000000,-2.236879395,2.050302490,1.325894775,0.282585963,0.036024188,-0.005216660,-0.958551103
1718187377416749312.000000000,-2.232159424,2.052740479,1.325474854,0.277129173,0.037175910,-0.006733540,-0.960089596
1718187377426749440.000000000,-2.227458740,2.054687256,1.325449097,0.277574385,0.034700739,-0.002974472,-0.960072639
1718187377436749312.000000000,-2.222765869,2.056980713,1.325126221,0.274618980,0.035912037,-0.002412540,-0.960879244
1718187377446749184.000000000,-2.218022217,2.059246338,1.324758179,0.272041133,0.037512874,-0.001147573,-0.961553477
1718187377456749312.000000000,-2.213209473,2.061628174,1.324307739,0.271172421,0.039661412,-0.000354820,-0.961713244
1718187377466749440.000000000,-2.208297119,2.063675049,1.323889526,0.266984911,0.039442442,-0.001284556,-0.962892362
1718187377476749312.000000000,-2.203443604,2.065908691,1.323361694,0.264806305,0.040594058,0.000319229,-0.963446751
1718187377486749184.000000000,-2.198536133,2.068166504,1.322796143,0.262636383,0.041956708,0.001304619,-0.963981360
1718187377496749312.000000000,-2.193521484,2.070530518,1.322416992,0.260294750,0.037564484,0.005789797,-0.964780820
1718187377506749440.000000000,-2.188558105,2.072778809,1.321787598,0.257728606,0.038519074,0.006204400,-0.965429310
1718187377516749312.000000000,-2.183555664,2.075018799,1.321141357,0.254888005,0.039127065,0.005798336,-0.966161248
1718187377526749184.000000000,-2.178554199,2.077239746,1.320496338,0.252059268,0.040056878,0.005228265,-0.966868263
1718187377536749312.000000000,-2.173548340,2.079454590,1.319854858,0.248913042,0.040522547,0.004382505,-0.967667822
1718187377546749440.000000000,-2.168537109,2.081657227,1.319265625,0.245761080,0.040397823,0.002862999,-0.968484027
1718187377556749312.000000000,-2.163549561,2.083842529,1.318718018,0.243061592,0.040447348,0.000543417,-0.969167054
1718187377566749184.000000000,-2.158557373,2.086001465,1.318239136,0.240287020,0.040470060,-0.002311090,-0.969855134
1718187377576749312.000000000,-2.153607910,2.088088867,1.317859863,0.237502160,0.040025609,-0.006262585,-0.970541835
1718187377586749440.000000000,-2.148611084,2.090359131,1.317442017,0.236829429,0.040968706,-0.008401977,-0.970650706
1718187377596749312.000000000,-2.143565186,2.092472412,1.317092041,0.234887753,0.041416208,-0.011197889,-0.971075202
1718187377606749184.000000000,-2.138464111,2.094581543,1.316781616,0.233117217,0.042025323,-0.013790198,-0.971442261
1718187377616749312.000000000,-2.133291992,2.096677979,1.316513428,0.231194775,0.042374741,-0.016578699,-0.971842839
1718187377626749440.000000000,-2.127970215,2.098834961,1.316094604,0.229525707,0.044912148,-0.015001996,-0.972150086
1718187377636749312.000000000,-2.122675293,2.100894287,1.315946899,0.227083323,0.045049903,-0.018574901,-0.972655460
1718187377646749184.000000000,-2.117270508,2.102991211,1.315781128,0.224507870,0.045048435,-0.020868200,-0.973206747
1718187377656749312.000000000,-2.111814209,2.105117188,1.315686157,0.222562486,0.045476521,-0.022609846,-0.973594690
1718187377666749440.000000000,-2.106258301,2.107273438,1.315604492,0.220315173,0.045493597,-0.023845544,-0.974075432
1718187377676749312.000000000,-2.100652100,2.109490723,1.315564453,0.218427756,0.045869564,-0.024121348,-0.974475992
1718187377686749184.000000000,-2.094989502,2.111728027,1.315526367,0.216553135,0.046593259,-0.023799839,-0.974867876
1718187377696749312.000000000,-2.089244141,2.114009521,1.315507446,0.214687298,0.046711992,-0.022383035,-0.975308338
1718187377706749440.000000000,-2.083480713,2.116369141,1.315528442,0.213308685,0.047013735,-0.020075987,-0.975646487
1718187377716749312.000000000,-2.077650879,2.118807373,1.315489746,0.212167773,0.048214313,-0.018214048,-0.975873180
1718187377726749184.000000000,-2.071920166,2.121149658,1.315628784,0.211773697,0.047217855,-0.014143372,-0.976074967
1718187377736749312.000000000,-2.066236084,2.123477783,1.315929688,0.211505850,0.045179029,-0.008946312,-0.976290988
1718187377746749440.000000000,-2.060559326,2.125970703,1.316091309,0.210090919,0.045100150,-0.006543065,-0.976619153
1718187377756749312.000000000,-2.055012207,2.128287598,1.316434204,0.209472089,0.044472082,-0.003571873,-0.976796253
1718187377766749184.000000000,-2.049453613,2.130629639,1.316566772,0.208698920,0.047285593,-0.005496864,-0.976820668
1718187377776749312.000000000,-2.044255249,2.132713135,1.317065308,0.208154838,0.046239556,-0.003648546,-0.976995473
1718187377786749440.000000000,-2.039146851,2.134764404,1.317551636,0.207282244,0.045802282,-0.004319673,-0.977198835
1718187377796749312.000000000,-2.034161865,2.136811768,1.318037476,0.205977415,0.046290196,-0.005839103,-0.977443823
1718187377806749184.000000000,-2.029262329,2.138818115,1.318534790,0.204865813,0.046889498,-0.008830280,-0.977626411
1718187377816749312.000000000,-2.024501831,2.140811523,1.319027100,0.203549607,0.047354822,-0.012724826,-0.977835956
1718187377826749440.000000000,-2.019614014,2.142398682,1.319774658,0.205138410,0.048081494,-0.012285765,-0.977474022
1718187377836749312.000000000,-2.014902344,2.144340332,1.320307007,0.204516622,0.048335967,-0.015654932,-0.977543610
1718187377846749184.000000000,-2.010140381,2.146318848,1.320743530,0.203361526,0.047290438,-0.019360929,-0.977769328
1718187377856749312.000000000,-2.005360352,2.148342041,1.321168335,0.202266124,0.046245868,-0.022725553,-0.977974071
1718187377866749440.000000000,-2.000531860,2.150343018,1.321561768,0.200415540,0.044900659,-0.025465537,-0.978350167
1718187377876749312.000000000,-1.995678833,2.152378174,1.321910889,0.198361800,0.042358287,-0.028125616,-0.978809134
1718187377886749184.000000000,-1.991007446,2.154157715,1.322539063,0.196988242,0.043620493,-0.029170382,-0.979000497
1718187377896749312.000000000,-1.986113403,2.156149658,1.322809692,0.194228348,0.040969513,-0.030421282,-0.979628191
1718187377906749440.000000000,-1.981241943,2.158162354,1.323060669,0.190640279,0.039598172,-0.031365864,-0.980359348
1718187377916749312.000000000,-1.976200439,2.160254639,1.323117798,0.187698750,0.033113687,-0.030417735,-0.981196935
1718187377926749184.000000000,-1.971556885,2.161837891,1.323732788,0.186083574,0.034420225,-0.028321663,-0.981522305
1718187377936749312.000000000,-1.966736328,2.163143311,1.324178345,0.183355010,0.034343472,-0.025660296,-0.982111509
1718187377946749440.000000000,-1.961741211,2.165026855,1.324149048,0.181093908,0.029842297,-0.025794705,-0.982674446
1718187377956749312.000000000,-1.957307495,2.166371826,1.324662231,0.179023503,0.030622704,-0.022929589,-0.983100742
1718187377966749184.000000000,-1.953005493,2.167579590,1.325277100,0.178247680,0.034478237,-0.021767521,-0.983140474
1718187377976749312.000000000,-1.947997559,2.168985840,1.325309326,0.173027635,0.032233904,-0.023055552,-0.984119329
1718187377986749440.000000000,-1.943911377,2.170127441,1.325856323,0.171615062,0.034469360,-0.021478756,-0.984326570
1718187377996749312.000000000,-1.939666992,2.171370117,1.326240479,0.170245932,0.035894467,-0.021657605,-0.984509450
1718187378006749184.000000000,-1.935399170,2.172631592,1.326575195,0.168580282,0.037097292,-0.022519388,-0.984732124
1718187378016749312.000000000,-1.931282227,2.173646973,1.326843262,0.168071839,0.039585372,-0.025354161,-0.984653250
1718187378026749440.000000000,-1.926886353,2.175363281,1.327078369,0.164838456,0.038381589,-0.026030632,-0.985229691
1718187378036749312.000000000,-1.922996338,2.176387451,1.327237183,0.164132286,0.043093012,-0.030642950,-0.985020099
1718187378046749184.000000000,-1.918267944,2.178317627,1.327444580,0.162913726,0.039122038,-0.030563781,-0.985390501
1718187378056749312.000000000,-1.913823364,2.179920410,1.327553223,0.161301047,0.036666952,-0.030286023,-0.985758725
1718187378066749440.000000000,-1.909286621,2.181877197,1.327369263,0.158745681,0.035056641,-0.033132165,-0.986140507
1718187378076749312.000000000,-1.904527832,2.183896729,1.327109985,0.157522325,0.032234364,-0.036018211,-0.986331765
1718187378086749184.000000000,-1.899824463,2.185279785,1.327066406,0.153260769,0.031452665,-0.036804558,-0.986999134
1718187378096749312.000000000,-1.895017944,2.187138916,1.326802246,0.151321771,0.029359677,-0.037681982,-0.987329630
1718187378106749440.000000000,-1.890125488,2.188984619,1.326484619,0.149325300,0.027595702,-0.038354434,-0.987658529
1718187378116749312.000000000,-1.885185913,2.190778564,1.326128662,0.147461447,0.026643960,-0.039147532,-0.987933546
1718187378126749184.000000000,-1.880183960,2.192505859,1.325719360,0.145307279,0.025820870,-0.039143358,-0.988274696
1718187378136749312.000000000,-1.875140137,2.194227783,1.325288940,0.143110262,0.025611107,-0.038688917,-0.988618578
1718187378146749440.000000000,-1.870034058,2.195887695,1.324841797,0.140778890,0.026029942,-0.037875734,-0.988973799
1718187378156749312.000000000,-1.864949951,2.197454346,1.324389160,0.138331966,0.026989176,-0.037136454,-0.989321351
1718187378166749184.000000000,-1.859839478,2.199036133,1.323919312,0.135716584,0.028330041,-0.036148921,-0.989682612
1718187378176749312.000000000,-1.854753784,2.200595703,1.323438354,0.133058554,0.029778943,-0.035235133,-0.990033899
1718187378186749440.000000000,-1.849693359,2.202155518,1.322987183,0.130440571,0.031419456,-0.034552220,-0.990355602
1718187378196749312.000000000,-1.844591187,2.203791260,1.322431030,0.127929098,0.031780113,-0.033876258,-0.990694993
1718187378206749184.000000000,-1.839536621,2.205452393,1.321905273,0.125459154,0.032266994,-0.033715119,-0.991000571
1718187378216749312.000000000,-1.834504395,2.207288086,1.321553955,0.123073575,0.034194020,-0.033778947,-0.991232892
1718187378226749440.000000000,-1.829418335,2.209139648,1.321038086,0.120812911,0.034202498,-0.033974820,-0.991503979
1718187378236749312.000000000,-1.824262085,2.211068359,1.320432007,0.118336818,0.033233489,-0.035577709,-0.991779290
1718187378246749184.000000000,-1.819018433,2.213060547,1.319754883,0.115856550,0.032426198,-0.038757252,-0.991979676
1718187378256749312.000000000,-1.813993774,2.214984375,1.319511475,0.112691335,0.032514626,-0.034281856,-0.992506028
1718187378266749440.000000000,-1.808827026,2.216996338,1.319024414,0.109697597,0.031571209,-0.034840951,-0.992852358
1718187378276749312.000000000,-1.803657715,2.219021973,1.318539917,0.106634188,0.030718122,-0.035352997,-0.993194700
1718187378286749184.000000000,-1.798510376,2.220817383,1.318004272,0.101838083,0.030092879,-0.034665633,-0.993741273
1718187378296749312.000000000,-1.793295776,2.223164063,1.317553833,0.100206565,0.029629352,-0.035289098,-0.993899102
1718187378306749440.000000000,-1.788084595,2.225470215,1.317097290,0.098080755,0.029213385,-0.036162580,-0.994092054
1718187378316749312.000000000,-1.782834106,2.227675049,1.316650391,0.095591463,0.028708692,-0.037104724,-0.994314499
1718187378326749184.000000000,-1.777570557,2.229883789,1.316179077,0.092780568,0.028432801,-0.037765263,-0.994563787
1718187378336749312.000000000,-1.772269531,2.232141602,1.315722778,0.090228094,0.028429373,-0.038342625,-0.994776611
1718187378346749440.000000000,-1.766911377,2.234475098,1.315294312,0.087378852,0.027935706,-0.039033581,-0.995018046
1718187378356749312.000000000,-1.761453857,2.236857910,1.314784790,0.084638181,0.028596056,-0.040188888,-0.995190181
1718187378366749184.000000000,-1.755875366,2.239208740,1.314445557,0.083502665,0.027247762,-0.037619052,-0.995424367
1718187378376749312.000000000,-1.750493164,2.241746826,1.313963867,0.079615852,0.028093146,-0.040578943,-0.995603054
1718187378386749440.000000000,-1.745110718,2.244242676,1.313760376,0.077106735,0.023749954,-0.035651592,-0.996102131
1718187378396749312.000000000,-1.739495850,2.246835938,1.313476929,0.073869534,0.022075320,-0.034979835,-0.996409747
1718187378406749184.000000000,-1.734004028,2.249371094,1.313238159,0.071238625,0.020260642,-0.033720462,-0.996683247
1718187378416749312.000000000,-1.728582153,2.252141846,1.313280029,0.068211762,0.019605675,-0.033979383,-0.996899280
1718187378426749440.000000000,-1.723116089,2.254613281,1.313107300,0.065614370,0.017997512,-0.032544518,-0.997151793
1718187378436749312.000000000,-1.717663452,2.257020508,1.312993042,0.062919199,0.015561957,-0.032299115,-0.997374437
1718187378446749184.000000000,-1.712283691,2.259336914,1.312945190,0.060039910,0.013655059,-0.032271653,-0.997580718
1718187378456749312.000000000,-1.706900513,2.261595703,1.313014526,0.057161750,0.011777940,-0.031761894,-0.997790056
1718187378466749440.000000000,-1.701569458,2.263660156,1.313047974,0.053942502,0.010256767,-0.031738068,-0.997986824
1718187378476749312.000000000,-1.696235352,2.265668701,1.313166382,0.050710447,0.009459986,-0.031806424,-0.998161966
1718187378486749184.000000000,-1.690931519,2.267525146,1.313304565,0.047401525,0.009535448,-0.031557730,-0.998331749
1718187378496749312.000000000,-1.685650146,2.269247803,1.313467407,0.044049916,0.009764760,-0.031765576,-0.998476441
1718187378506749440.000000000,-1.680417358,2.270846191,1.313646973,0.040978779,0.011002474,-0.032996726,-0.998554406
1718187378516749312.000000000,-1.675139282,2.272380859,1.313920654,0.037591605,0.012356059,-0.032053651,-0.998702540
1718187378526749184.000000000,-1.669776489,2.273712891,1.314289551,0.034648525,0.015031170,-0.030513684,-0.998820534
1718187378536749312.000000000,-1.664629639,2.275091553,1.314420166,0.031559209,0.016085125,-0.033220279,-0.998820153
1718187378546749440.000000000,-1.659388184,2.276299561,1.314687988,0.028400498,0.018671065,-0.033795116,-0.998850686
1718187378556749312.000000000,-1.654132446,2.277451904,1.314941895,0.025166761,0.020964061,-0.034518033,-0.998867182
1718187378566749184.000000000,-1.648759399,2.278588135,1.315261108,0.021416154,0.024083713,-0.035597608,-0.998846401
1718187378576749312.000000000,-1.643451050,2.279334961,1.315514038,0.017614494,0.026558916,-0.035417295,-0.998864340
1718187378586749440.000000000,-1.637963379,2.280608154,1.315928955,0.013969333,0.028769780,-0.035303185,-0.998864777
1718187378596749312.000000000,-1.632650513,2.281558594,1.316104248,0.011392769,0.028437973,-0.035492558,-0.998900278
1718187378606749184.000000000,-1.627207764,2.282548096,1.316389771,0.008096676,0.028492801,-0.034768230,-0.998956343
1718187378616749312.000000000,-1.621686523,2.283502441,1.316711548,0.005324618,0.028210683,-0.034295173,-0.998999323
1718187378626749440.000000000,-1.616231812,2.284343994,1.317014771,0.002138443,0.028059215,-0.033111402,-0.999055425
1718187378636749312.000000000,-1.610722900,2.285187744,1.317345459,-0.000609601,0.027809229,-0.032270861,-0.999092021
1718187378646749184.000000000,-1.605242310,2.285971436,1.317704346,-0.002821085,0.027724009,-0.032186581,-0.999093311
1718187378656749312.000000000,-1.599817749,2.286571533,1.318078979,-0.005081943,0.028127985,-0.031814118,-0.999085007
1718187378666749440.000000000,-1.594393677,2.287111084,1.318447876,-0.007145060,0.028087980,-0.032232138,-0.999060110
1718187378676749312.000000000,-1.589017578,2.287346436,1.318796021,-0.010152946,0.027690797,-0.033447419,-0.999005209
1718187378686749184.000000000,-1.583638672,2.287817383,1.319141602,-0.011494691,0.028209514,-0.035044243,-0.998921417
1718187378696749312.000000000,-1.578174316,2.288195557,1.319484741,-0.012995652,0.028283948,-0.036328624,-0.998855026
1718187378706749440.000000000,-1.572737427,2.288456299,1.319664185,-0.014203050,0.028122139,-0.038400212,-0.998765659
1718187378716749312.000000000,-1.567182739,2.288662354,1.319830933,-0.015996544,0.028141791,-0.040253344,-0.998665018
1718187378726749184.000000000,-1.561527100,2.288805664,1.319908081,-0.017503921,0.027339096,-0.041607786,-0.998606518
1718187378736749312.000000000,-1.555744385,2.288821045,1.319897583,-0.019542447,0.026527237,-0.042363454,-0.998558830
1718187378746749440.000000000,-1.549842896,2.288858398,1.319800903,-0.021625186,0.026291534,-0.043182610,-0.998487040
1718187378756749312.000000000,-1.543809326,2.288776367,1.319619019,-0.023840257,0.025462542,-0.042804058,-0.998474393
1718187378766749184.000000000,-1.537695679,2.288637695,1.319348877,-0.025874319,0.024547960,-0.042258036,-0.998469917
1718187378776749312.000000000,-1.531378784,2.288563477,1.318889404,-0.027797547,0.025399288,-0.039935886,-0.998492513
1718187378786749440.000000000,-1.525156494,2.288216797,1.318512817,-0.030045371,0.025792610,-0.039067361,-0.998451681
1718187378796749312.000000000,-1.519047974,2.287617676,1.318225098,-0.032625227,0.025601266,-0.039962567,-0.998340204
1718187378806749184.000000000,-1.512819702,2.287054932,1.317722168,-0.034769378,0.026689392,-0.039604724,-0.998253591
1718187378816749312.000000000,-1.506607422,2.286432129,1.317162842,-0.036702712,0.029105234,-0.039128033,-0.998135659
1718187378826749440.000000000,-1.500390991,2.285676270,1.316557251,-0.038910309,0.032182678,-0.039927069,-0.997925895
1718187378836749312.000000000,-1.494077881,2.284790771,1.316014771,-0.040612516,0.036815759,-0.038024487,-0.997772199
1718187378846749184.000000000,-1.487725830,2.283907959,1.315244873,-0.044450752,0.038892239,-0.038993217,-0.997492383
1718187378856749312.000000000,-1.481428101,2.283195068,1.314435303,-0.045979733,0.041603233,-0.039293869,-0.997301874
1718187378866749440.000000000,-1.475072998,2.282503418,1.313573975,-0.047347173,0.043731777,-0.039580886,-0.997135462
1718187378876749312.000000000,-1.468665405,2.281868164,1.312682983,-0.048569620,0.045569769,-0.039265532,-0.997006824
1718187378886749184.000000000,-1.462191528,2.281360840,1.311799194,-0.049560051,0.046630829,-0.039041205,-0.996917826
1718187378896749312.000000000,-1.455670410,2.280852539,1.310900879,-0.050647948,0.046386416,-0.038871025,-0.996881201
1718187378906749440.000000000,-1.449253784,2.280432617,1.309814941,-0.051644682,0.043529885,-0.042363024,-0.996816608
1718187378916749312.000000000,-1.442704346,2.279983398,1.308923950,-0.052705183,0.042207718,-0.042718157,-0.996802805
1718187378926749184.000000000,-1.436141846,2.279489746,1.308101807,-0.054269359,0.040767854,-0.043945406,-0.996725449
1718187378936749312.000000000,-1.429580566,2.278896729,1.307300415,-0.055946172,0.039001218,-0.044976053,-0.996657456
1718187378946749440.000000000,-1.423112183,2.278230713,1.306413208,-0.056860967,0.035295836,-0.044891068,-0.996747624
1718187378956749312.000000000,-1.416499512,2.277687500,1.305824463,-0.058494680,0.035553964,-0.047761143,-0.996510492
1718187378966749184.000000000,-1.409922729,2.276985840,1.305175537,-0.059734070,0.034101963,-0.049898568,-0.996382973
1718187378976749312.000000000,-1.403319092,2.276202637,1.304604980,-0.060880674,0.032887260,-0.052225557,-0.996235144
1718187378986749440.000000000,-1.396749634,2.275242188,1.304074829,-0.062119260,0.031925154,-0.054909265,-0.996045659
1718187378996749312.000000000,-1.390127075,2.274128662,1.303673096,-0.063569063,0.031411318,-0.058108049,-0.995789013
1718187379006749184.000000000,-1.383561646,2.273123535,1.303294067,-0.063852340,0.030056514,-0.060351775,-0.995679239
1718187379016749312.000000000,-1.376930908,2.271962158,1.303073608,-0.065010343,0.030285235,-0.063135872,-0.995424694
1718187379026749440.000000000,-1.370274170,2.270559570,1.302906250,-0.066404158,0.030590220,-0.064747238,-0.995219836
1718187379036749312.000000000,-1.363603638,2.268946289,1.302714478,-0.068156381,0.030058225,-0.065170396,-0.995089961
1718187379046749184.000000000,-1.356690552,2.267217285,1.302910278,-0.071091130,0.034107675,-0.066139117,-0.994690070
1718187379056749312.000000000,-1.349804077,2.265473389,1.303095215,-0.073176353,0.036826077,-0.064528204,-0.994547722
1718187379066749440.000000000,-1.342964722,2.263636719,1.303271851,-0.074452090,0.037636878,-0.060759816,-0.994660041
1718187379076749312.000000000,-1.335968506,2.261762207,1.303852905,-0.076934401,0.043099778,-0.058412654,-0.994389998
1718187379086749184.000000000,-1.329060913,2.259881104,1.304456665,-0.078595862,0.046252476,-0.054326211,-0.994350070
1718187379096749312.000000000,-1.322210938,2.258184814,1.305271606,-0.079463467,0.049781330,-0.052351984,-0.994216599
1718187379106749440.000000000,-1.315544800,2.256311279,1.306033691,-0.079876498,0.050812273,-0.048693944,-0.994317232
1718187379116749312.000000000,-1.309052124,2.254597168,1.306984131,-0.080680114,0.052021300,-0.047705884,-0.994237724
1718187379126749184.000000000,-1.302648071,2.253038574,1.308112183,-0.081818015,0.053551636,-0.049857133,-0.993957897
1718187379136749312.000000000,-1.296333008,2.251430664,1.309168701,-0.082155445,0.053459094,-0.052026034,-0.993823878
1718187379146749440.000000000,-1.290158936,2.249783936,1.310272949,-0.083489262,0.052201975,-0.055770794,-0.993576427
1718187379156749312.000000000,-1.284022339,2.248266846,1.311375000,-0.084396993,0.050906997,-0.060003613,-0.993320287
1718187379166749184.000000000,-1.277904907,2.246613525,1.312383179,-0.085375569,0.048090485,-0.062471262,-0.993224878
1718187379176749312.000000000,-1.271629272,2.245107178,1.313471802,-0.086927986,0.045955454,-0.066241765,-0.992946952
1718187379186749440.000000000,-1.265237427,2.243651123,1.314501709,-0.088495601,0.043379926,-0.068788882,-0.992751127
1718187379196749312.000000000,-1.258662964,2.242120605,1.315497681,-0.090161684,0.040384633,-0.070014941,-0.992641859
1718187379206749184.000000000,-1.252057861,2.240689941,1.316364258,-0.091075578,0.036103810,-0.068483863,-0.992830154
1718187379216749312.000000000,-1.245271362,2.239190430,1.317373901,-0.093467454,0.034823225,-0.068145799,-0.992676850
1718187379226749440.000000000,-1.238543945,2.237687256,1.318263062,-0.095056089,0.032588941,-0.066007585,-0.992746342
1718187379236749312.000000000,-1.231863647,2.236107910,1.319159668,-0.096662130,0.030834843,-0.063638134,-0.992802011
1718187379246749184.000000000,-1.225290283,2.234460449,1.320072021,-0.098684167,0.030218450,-0.061165161,-0.992777469
1718187379256749312.000000000,-1.218883667,2.232732422,1.321021240,-0.100400320,0.030952225,-0.059028122,-0.992712152
1718187379266749440.000000000,-1.212657715,2.230928711,1.321984131,-0.102372324,0.031989237,-0.058194247,-0.992527091
1718187379276749312.000000000,-1.206629395,2.229068604,1.322953979,-0.104142602,0.033764784,-0.057934082,-0.992299300
1718187379286749184.000000000,-1.200781860,2.227229492,1.323936523,-0.106142303,0.035623590,-0.058701131,-0.991977292
1718187379296749312.000000000,-1.195067261,2.225397217,1.324906494,-0.107760051,0.037445621,-0.060521370,-0.991626321
1718187379306749440.000000000,-1.189410889,2.223637695,1.325851196,-0.109285890,0.038993692,-0.062734195,-0.991262078
1718187379316749312.000000000,-1.183787354,2.221939209,1.326741821,-0.110710881,0.039869508,-0.065455910,-0.990893055
1718187379326749184.000000000,-1.178114258,2.220358887,1.327544678,-0.112005079,0.040091575,-0.068011698,-0.990566473
1718187379336749312.000000000,-1.172354736,2.218884766,1.328275391,-0.113279261,0.039042921,-0.070279906,-0.990305102
1718187379346749440.000000000,-1.166490845,2.217483398,1.328902222,-0.114240212,0.037534608,-0.072053683,-0.990125544
1718187379356749312.000000000,-1.160456909,2.216150635,1.329446167,-0.115390016,0.035199735,-0.073236619,-0.989991172
1718187379366749184.000000000,-1.154280640,2.214910889,1.329850830,-0.116416731,0.032561751,-0.073589615,-0.989935071
1718187379376749312.000000000,-1.147954956,2.213654785,1.330150757,-0.117591823,0.029757603,-0.073333633,-0.989903443
1718187379386749440.000000000,-1.141507813,2.212378418,1.330319580,-0.118650678,0.027262014,-0.072463704,-0.989913032
1718187379396749312.000000000,-1.134972534,2.211077637,1.330398804,-0.119865003,0.025077316,-0.071422890,-0.989900136
1718187379406749184.000000000,-1.128394043,2.209764160,1.330381226,-0.121053078,0.023233508,-0.070568903,-0.989861802
1718187379416749312.000000000,-1.121747314,2.208358887,1.330257324,-0.122168297,0.022042040,-0.070061837,-0.989788055
1718187379426749440.000000000,-1.115077515,2.206892334,1.330029785,-0.123344914,0.021649068,-0.069562493,-0.989686016
1718187379436749312.000000000,-1.108433350,2.205392090,1.329749756,-0.124511844,0.021637302,-0.069773566,-0.989525279
1718187379446749184.000000000,-1.101751343,2.203808594,1.329377930,-0.125611684,0.022414754,-0.069684100,-0.989375262
1718187379456749312.000000000,-1.095059814,2.202222168,1.328983276,-0.126670274,0.023511852,-0.070033452,-0.989190149
1718187379466749440.000000000,-1.088355835,2.200607666,1.328507324,-0.127899464,0.024904524,-0.070519350,-0.988963353
1718187379476749312.000000000,-1.081632813,2.198998535,1.328014038,-0.129253714,0.026433844,-0.070699047,-0.988734734
1718187379486749184.000000000,-1.074845581,2.197347168,1.327477295,-0.130973444,0.027720734,-0.070897540,-0.988458930
1718187379496749312.000000000,-1.068021484,2.195757813,1.326933105,-0.132867016,0.029398152,-0.071015638,-0.988149221
1718187379506749440.000000000,-1.061233765,2.194164551,1.326400391,-0.134722575,0.030562634,-0.071022312,-0.987862128
1718187379516749312.000000000,-1.054404175,2.192611816,1.325897583,-0.136548096,0.032132418,-0.070808790,-0.987576954
1718187379526749184.000000000,-1.047607666,2.191082275,1.325393799,-0.138555312,0.032428041,-0.070602686,-0.987302440
1718187379536749312.000000000,-1.040856934,2.189611328,1.324898193,-0.140233859,0.032735767,-0.070351899,-0.987073171
1718187379546749440.000000000,-1.034081421,2.188207031,1.324413940,-0.142383139,0.032071402,-0.070988965,-0.986741625
1718187379556749312.000000000,-1.027300049,2.186843994,1.323936401,-0.144644967,0.030294379,-0.071794067,-0.986410511
1718187379566749184.000000000,-1.020541931,2.185497070,1.323486938,-0.147009691,0.027614601,-0.072764930,-0.986068380
1718187379576749312.000000000,-1.013782959,2.184183838,1.323060669,-0.149282525,0.024940763,-0.074305193,-0.985683227
1718187379586749440.000000000,-1.007051819,2.182854492,1.322646851,-0.151762651,0.021360395,-0.075756799,-0.985278001
1718187379596749312.000000000,-1.000281067,2.181516113,1.322256348,-0.154317692,0.017955519,-0.077282289,-0.984830492
1718187379606749184.000000000,-0.993520691,2.180173096,1.321895142,-0.156869671,0.014882790,-0.078553178,-0.984377878
1718187379616749312.000000000,-0.986714722,2.178739502,1.321507935,-0.159655524,0.011588525,-0.080092333,-0.983850109
1718187379626749440.000000000,-0.979908142,2.177286865,1.321167847,-0.162526914,0.008947184,-0.081427236,-0.983297796
1718187379636749312.000000000,-0.973073608,2.175753662,1.320834351,-0.165457839,0.006519524,-0.082793003,-0.982713854
1718187379646749184.000000000,-0.966204956,2.174178467,1.320493286,-0.168541100,0.004435188,-0.083896136,-0.982107767
1718187379656749312.000000000,-0.959296631,2.172559326,1.320155640,-0.171743459,0.003149310,-0.084814564,-0.981478862
1718187379666749440.000000000,-0.952356018,2.170849365,1.319854248,-0.175082306,0.002227485,-0.084518854,-0.980916810
1718187379676749312.000000000,-0.945363281,2.169097412,1.319578857,-0.178468422,0.002350077,-0.084447388,-0.980312266
1718187379686749184.000000000,-0.938384460,2.167302490,1.319363892,-0.182087697,0.003034546,-0.083503559,-0.979725481
1718187379696749312.000000000,-0.931488770,2.165547119,1.319043457,-0.184826648,0.002751807,-0.081677690,-0.979367292
1718187379706749440.000000000,-0.924349243,2.163636475,1.318986206,-0.189057493,0.005552881,-0.080609631,-0.978636050
1718187379716749312.000000000,-0.917434082,2.161894775,1.318749878,-0.191400865,0.005347061,-0.077464964,-0.978435638
1718187379726749184.000000000,-0.910371643,2.160057861,1.318670776,-0.194361259,0.006866057,-0.074645503,-0.978061658
1718187379736749312.000000000,-0.903164856,2.158204834,1.318745117,-0.198119064,0.009252734,-0.071003604,-0.977559058
1718187379746749440.000000000,-0.896096497,2.156421143,1.318755737,-0.200687341,0.010051516,-0.066563445,-0.977339688
1718187379756749312.000000000,-0.889246277,2.154781250,1.318741455,-0.202052207,0.008841956,-0.060815266,-0.977444745
1718187379766749184.000000000,-0.882222412,2.152720703,1.318969971,-0.203353010,0.010175950,-0.055952074,-0.977452489
1718187379776749312.000000000,-0.875527039,2.150758545,1.319088379,-0.208122419,0.007536239,-0.052122928,-0.976683912
1718187379786749440.000000000,-0.868998474,2.148976807,1.319306152,-0.211353531,0.005940516,-0.049864046,-0.976118831
1718187379796749312.000000000,-0.862815002,2.147247803,1.319500977,-0.214130414,0.003305711,-0.048439074,-0.975597711
1718187379806749184.000000000,-0.856567017,2.145208496,1.319406982,-0.218549431,-0.002595816,-0.044128340,-0.974824137
1718187379816749312.000000000,-0.850731812,2.143209961,1.319674438,-0.222172356,-0.004265648,-0.046129459,-0.973906218
1718187379826749440.000000000,-0.844966919,2.140958252,1.320056885,-0.226144612,-0.002251396,-0.047396902,-0.972937346
1718187379836749312.000000000,-0.839466797,2.138795166,1.320276123,-0.229724172,-0.003800604,-0.051085115,-0.971906719
1718187379846749184.000000000,-0.834055420,2.136535889,1.320462646,-0.233297339,-0.005067814,-0.055027096,-0.970834017
1718187379856749312.000000000,-0.828673340,2.134197266,1.320627930,-0.236994826,-0.005417510,-0.058434336,-0.969736836
1718187379866749440.000000000,-0.823261047,2.131786133,1.320792358,-0.240592889,-0.005139666,-0.060479119,-0.968726443
1718187379876749312.000000000,-0.817803284,2.129316162,1.320965210,-0.244047114,-0.003792463,-0.061283062,-0.967817653
1718187379886749184.000000000,-0.812303894,2.126775635,1.321162231,-0.247437704,-0.000993471,-0.061014478,-0.966980263
1718187379896749312.000000000,-0.806996277,2.124375244,1.321544434,-0.249528293,0.003299722,-0.062699997,-0.966329888
1718187379906749440.000000000,-0.801395874,2.121535889,1.321788208,-0.253680446,0.007853266,-0.060180585,-0.965382232
1718187379916749312.000000000,-0.795959412,2.118777344,1.322111694,-0.256794631,0.012127060,-0.057842125,-0.964657318
1718187379926749184.000000000,-0.790763184,2.116155273,1.322481689,-0.258239499,0.017608134,-0.055318600,-0.964335091
1718187379936749312.000000000,-0.785596619,2.113325439,1.322897705,-0.260839210,0.021715182,-0.053747153,-0.963640286
1718187379946749440.000000000,-0.780529114,2.110320313,1.323425415,-0.266137076,0.026183103,-0.050852843,-0.962236712
1718187379956749312.000000000,-0.775604980,2.107281982,1.323814819,-0.268122187,0.028404213,-0.046052770,-0.961864250
1718187379966749184.000000000,-0.770901123,2.104463867,1.324246338,-0.268961224,0.032255878,-0.048650011,-0.961380567
1718187379976749312.000000000,-0.766124695,2.101365234,1.324817871,-0.271750137,0.036069603,-0.056826881,-0.960011225
1718187379986749440.000000000,-0.761647217,2.098727295,1.325296509,-0.271122021,0.037398234,-0.059801379,-0.959957300
1718187379996749312.000000000,-0.756711914,2.095422607,1.325622192,-0.275674882,0.037423065,-0.063697320,-0.958407807
1718187380006749184.000000000,-0.751919006,2.092446777,1.325981812,-0.277531703,0.036025015,-0.066142821,-0.957759614
1718187380016749312.000000000,-0.747106445,2.089539795,1.326258057,-0.278611255,0.033974525,-0.068571474,-0.957350225
1718187380026749440.000000000,-0.742043823,2.086344971,1.326394653,-0.281207597,0.030715703,-0.069378578,-0.956642799
1718187380036749312.000000000,-0.736955322,2.083211426,1.326504028,-0.282826372,0.027635390,-0.069459988,-0.956253543
1718187380046749184.000000000,-0.731586426,2.079766602,1.326359253,-0.285723297,0.023328209,-0.064087168,-0.955882225
1718187380056749312.000000000,-0.726343262,2.076351074,1.326335938,-0.288303576,0.020696551,-0.060472773,-0.955403446
1718187380066749440.000000000,-0.721013672,2.073042725,1.326206543,-0.290307814,0.018007923,-0.060913884,-0.954822804
1718187380076749312.000000000,-0.715680237,2.069167236,1.326082886,-0.292931946,0.018649187,-0.062899177,-0.953879854
1718187380086749184.000000000,-0.710526978,2.065483887,1.326019653,-0.293585722,0.020226705,-0.067766974,-0.953313139
1718187380096749312.000000000,-0.705355286,2.061275635,1.325742798,-0.296900235,0.021356468,-0.065188221,-0.952441414
1718187380106749440.000000000,-0.700173584,2.056926758,1.325339111,-0.299440359,0.023098027,-0.068560937,-0.951368147
1718187380116749312.000000000,-0.695083069,2.052476563,1.324910522,-0.302201547,0.024807565,-0.070426836,-0.950315143
1718187380126749184.000000000,-0.690105347,2.047901367,1.324495483,-0.304937590,0.027285442,-0.071348559,-0.949303931
1718187380136749312.000000000,-0.685168579,2.043317505,1.324094971,-0.307479251,0.030002752,-0.072371882,-0.948324130
1718187380146749440.000000000,-0.680226746,2.038667236,1.323677124,-0.309359151,0.032870276,-0.074566639,-0.947447242
1718187380156749312.000000000,-0.675314575,2.033990356,1.323224243,-0.311407588,0.035268520,-0.076182468,-0.946560974
1718187380166749184.000000000,-0.670531006,2.029360352,1.322534790,-0.314194245,0.035350750,-0.085618828,-0.944828935
1718187380176749312.000000000,-0.665515015,2.024545410,1.321963501,-0.316095231,0.036384904,-0.087785277,-0.943956402
1718187380186749440.000000000,-0.660467102,2.019720825,1.321396606,-0.318014627,0.037267714,-0.089391401,-0.943126180
1718187380196749312.000000000,-0.655367798,2.014871338,1.320806763,-0.320012259,0.037012348,-0.090806830,-0.942324976
1718187380206749184.000000000,-0.650171326,2.009983032,1.320214844,-0.322172060,0.036273096,-0.091653401,-0.941535491
1718187380216749312.000000000,-0.644932190,2.005050171,1.319627686,-0.324254300,0.035539343,-0.092110132,-0.940803820
1718187380226749440.000000000,-0.639671875,2.000076294,1.319048096,-0.326181789,0.033792927,-0.092296418,-0.940183413
1718187380236749312.000000000,-0.634397461,1.995077637,1.318487793,-0.328094074,0.031709654,-0.092742457,-0.939546493
1718187380246749184.000000000,-0.629123535,1.990031250,1.317950317,-0.329850448,0.029353751,-0.093251390,-0.938957517
1718187380256749312.000000000,-0.623899292,1.984947266,1.317453003,-0.331428046,0.026890332,-0.093652806,-0.938435673
1718187380266749440.000000000,-0.618690369,1.979807861,1.317022583,-0.332869598,0.023820391,-0.094893431,-0.937883605
1718187380276749312.000000000,-0.613555176,1.974600586,1.316634277,-0.334249780,0.020603022,-0.096428813,-0.937312159
1718187380286749184.000000000,-0.608374268,1.969254761,1.316124146,-0.335930795,0.016383845,-0.096181496,-0.936819721
1718187380296749312.000000000,-0.603368591,1.963905762,1.315841309,-0.337459992,0.013545849,-0.097353106,-0.936194230
1718187380306749440.000000000,-0.598417786,1.958463135,1.315627075,-0.339059420,0.010508197,-0.098729420,-0.935510978
1718187380316749312.000000000,-0.592892212,1.953189087,1.315378418,-0.341756787,0.006832126,-0.098949505,-0.934539788
1718187380326749184.000000000,-0.588537048,1.947325195,1.315408813,-0.343306172,0.007609648,-0.100894746,-0.933757579
1718187380336749312.000000000,-0.583027649,1.941837036,1.315392822,-0.346174823,0.006393395,-0.098815871,-0.932929547
1718187380346749440.000000000,-0.578123108,1.936063110,1.315537476,-0.348363011,0.007429745,-0.096961042,-0.932301758
1718187380356749312.000000000,-0.573663574,1.929925171,1.315954102,-0.350019453,0.012745310,-0.095437666,-0.931780871
1718187380366749184.000000000,-0.568653687,1.924011353,1.316513550,-0.351815768,0.015863757,-0.090767194,-0.931523120
1718187380376749312.000000000,-0.563888855,1.918329224,1.316840576,-0.353574016,0.014498786,-0.091199987,-0.930837130
1718187380386749440.000000000,-0.559536865,1.912701538,1.317178711,-0.358546264,0.031512637,-0.090592955,-0.928571186
1718187380396749312.000000000,-0.554914612,1.906942139,1.318034668,-0.357639154,0.030914668,-0.089137001,-0.929081866
1718187380406749184.000000000,-0.550636597,1.901293213,1.318826172,-0.358990552,0.035519675,-0.091821112,-0.928134160
1718187380416749312.000000000,-0.546511597,1.895766846,1.319762085,-0.359903911,0.038258218,-0.094070587,-0.927446068
1718187380426749440.000000000,-0.542587402,1.890365112,1.320668579,-0.360753194,0.039059409,-0.098207653,-0.926653523
1718187380436749312.000000000,-0.538736267,1.885068237,1.321630859,-0.361315267,0.039451513,-0.101985733,-0.926009593
1718187380446749184.000000000,-0.534893250,1.879826660,1.322620728,-0.362438538,0.038186382,-0.105997183,-0.925172797
1718187380456749312.000000000,-0.531056274,1.874672607,1.323586914,-0.363343000,0.035618831,-0.110694531,-0.924369993
1718187380466749440.000000000,-0.527156128,1.869606934,1.324531860,-0.364264677,0.031152277,-0.114244900,-0.923736371
1718187380476749312.000000000,-0.523175049,1.864526611,1.325390259,-0.365410902,0.025862141,-0.116094848,-0.923216123
1718187380486749184.000000000,-0.519056396,1.859501465,1.326219604,-0.366595864,0.019852402,-0.116762650,-0.922810836
1718187380496749312.000000000,-0.514854980,1.854407837,1.326980957,-0.368227308,0.014256049,-0.115707193,-0.922397561
1718187380506749440.000000000,-0.510529633,1.849306030,1.327720093,-0.370139993,0.009159143,-0.113596040,-0.921959020
1718187380516749312.000000000,-0.506228271,1.844200195,1.328363037,-0.371861020,0.005571161,-0.108037257,-0.921963283
1718187380526749184.000000000,-0.501851135,1.838996826,1.328974121,-0.374317318,0.002165752,-0.104716788,-0.921366512
1718187380536749312.000000000,-0.497544556,1.833782471,1.329527588,-0.377355516,-0.000029150,-0.101040954,-0.920539809
1718187380546749440.000000000,-0.493282440,1.828484619,1.330071045,-0.380109686,0.000194546,-0.097726549,-0.919764160
1718187380556749312.000000000,-0.489151276,1.823178223,1.330579224,-0.382779587,0.001500373,-0.094780435,-0.918963659
1718187380566749184.000000000,-0.485174713,1.817901001,1.331087158,-0.385200513,0.003712001,-0.092820980,-0.918145441
1718187380576749312.000000000,-0.481386871,1.812817017,1.331423706,-0.386709261,0.004381232,-0.089335380,-0.917853987
1718187380586749440.000000000,-0.477798187,1.807665161,1.331935181,-0.388730001,0.008233018,-0.089502748,-0.916957176
1718187380596749312.000000000,-0.474395264,1.802572021,1.332451294,-0.390459941,0.011197845,-0.091349601,-0.916008129
1718187380606749184.000000000,-0.471131073,1.797581665,1.332985840,-0.391716496,0.014137313,-0.094391897,-0.915122119
1718187380616749312.000000000,-0.467971527,1.792701904,1.333533813,-0.393114583,0.016371105,-0.098084583,-0.914096453
1718187380626749440.000000000,-0.464838562,1.787920166,1.334070679,-0.394071722,0.017017336,-0.102641426,-0.913171740
1718187380636749312.000000000,-0.461807831,1.783192749,1.334580688,-0.394988116,0.016923188,-0.106270255,-0.912362114
1718187380646749184.000000000,-0.458743958,1.778602905,1.334887085,-0.395308881,0.015849719,-0.104939150,-0.912396542
1718187380656749312.000000000,-0.455671997,1.773983154,1.335277344,-0.396570484,0.014374268,-0.107362537,-0.911591201
1718187380666749440.000000000,-0.452502625,1.769359985,1.335596680,-0.397862606,0.011357282,-0.108237852,-0.910967028
1718187380676749312.000000000,-0.449189545,1.764733032,1.335840332,-0.399622119,0.008412114,-0.108282593,-0.910223202
1718187380686749184.000000000,-0.445758667,1.760089111,1.335973877,-0.401233258,0.004840157,-0.107154040,-0.909673819
1718187380696749312.000000000,-0.442220245,1.755362915,1.335985840,-0.403017096,0.000857103,-0.105553694,-0.909084651
1718187380706749440.000000000,-0.438597961,1.750600586,1.335888550,-0.404997012,-0.002829285,-0.103267107,-0.908463164
1718187380716749312.000000000,-0.434899933,1.745767212,1.335715210,-0.406770808,-0.006436017,-0.100591700,-0.907952310
1718187380726749184.000000000,-0.431176758,1.740836304,1.335415649,-0.408877732,-0.008042520,-0.097598798,-0.907319565
1718187380736749312.000000000,-0.427446503,1.735833008,1.335037231,-0.410592342,-0.009292490,-0.095505996,-0.906755856
1718187380746749440.000000000,-0.423755981,1.730697388,1.334628174,-0.412299512,-0.009934315,-0.093368568,-0.906196851
1718187380756749312.000000000,-0.420102051,1.725500732,1.334108154,-0.414089035,-0.008624137,-0.092374535,-0.905495909
1718187380766749184.000000000,-0.416551758,1.720177002,1.333583984,-0.415853729,-0.007475584,-0.092664784,-0.904667358
1718187380776749312.000000000,-0.413000092,1.714797485,1.333012695,-0.417740156,-0.004571796,-0.093545327,-0.903726470
1718187380786749440.000000000,-0.409519318,1.709287476,1.332430420,-0.419410982,-0.001679355,-0.094531770,-0.902859542
1718187380796749312.000000000,-0.405810211,1.703499756,1.331350708,-0.421372814,0.006016782,-0.098675010,-0.901483218
1718187380806749184.000000000,-0.402382599,1.697866211,1.330726563,-0.423185402,0.010077571,-0.100031041,-0.900447860
1718187380816749312.000000000,-0.398982452,1.692191040,1.330141235,-0.425309179,0.014422339,-0.101635098,-0.899207654
1718187380826749440.000000000,-0.395555084,1.686479736,1.329533447,-0.427374332,0.017691796,-0.103187188,-0.897992531
1718187380836749312.000000000,-0.392130920,1.680768555,1.328950806,-0.429653724,0.021708862,-0.103963734,-0.896726238
1718187380846749184.000000000,-0.388713074,1.675036865,1.328366821,-0.431979843,0.024391533,-0.105333769,-0.895378839
1718187380856749312.000000000,-0.385260559,1.669323730,1.327800781,-0.434413559,0.026187749,-0.105687875,-0.894108011
1718187380866749440.000000000,-0.381801880,1.663633179,1.327269287,-0.437029899,0.027031348,-0.105953816,-0.892775427
1718187380876749312.000000000,-0.378356384,1.657993164,1.326734619,-0.439804720,0.027207396,-0.105743802,-0.891431329
1718187380886749184.000000000,-0.374891479,1.652411865,1.326233032,-0.442576355,0.025522572,-0.104856090,-0.890213440
1718187380896749312.000000000,-0.371493896,1.646859131,1.325752808,-0.445565952,0.023270062,-0.104234771,-0.888855781
1718187380906749440.000000000,-0.368081299,1.641343872,1.325307007,-0.448463967,0.020177927,-0.103302395,-0.887581848
1718187380916749312.000000000,-0.364719696,1.635848145,1.324863281,-0.451609591,0.016271284,-0.102775687,-0.886127068
1718187380926749184.000000000,-0.361391479,1.630391968,1.324483276,-0.454840999,0.012210621,-0.102856368,-0.884528764
1718187380936749312.000000000,-0.358093872,1.624943237,1.324140015,-0.457859489,0.007225253,-0.103096092,-0.882996988
1718187380946749440.000000000,-0.354774261,1.619511841,1.323818726,-0.460874179,0.002178743,-0.103920919,-0.881357298
1718187380956749312.000000000,-0.351478577,1.614092896,1.323494995,-0.463745144,-0.003047655,-0.105158018,-0.879700486
1718187380966749184.000000000,-0.348129120,1.608630371,1.323195435,-0.466663439,-0.008191821,-0.106251941,-0.877991261
1718187380976749312.000000000,-0.344747986,1.603088013,1.322939575,-0.469483726,-0.013171494,-0.106715679,-0.876369389
1718187380986749440.000000000,-0.341323975,1.597516479,1.322676636,-0.472755071,-0.016973748,-0.107456643,-0.874452746
1718187380996749312.000000000,-0.337848358,1.591859009,1.322451904,-0.476081173,-0.019441359,-0.108045943,-0.872522105
1718187381006749184.000000000,-0.334367523,1.586142700,1.322234253,-0.479640469,-0.020338714,-0.107838264,-0.870575824
1718187381016749312.000000000,-0.330872528,1.580351196,1.322026367,-0.483155136,-0.020027612,-0.107372350,-0.868695106
1718187381026749440.000000000,-0.327370850,1.574531616,1.321870361,-0.487214180,-0.017474538,-0.106502564,-0.866587668
1718187381036749312.000000000,-0.323838257,1.568662354,1.321734375,-0.490943124,-0.013560463,-0.105096024,-0.864722955
1718187381046749184.000000000,-0.320419769,1.562901978,1.321834595,-0.493559587,-0.008165552,-0.108482591,-0.862881096
1718187381056749312.000000000,-0.316943146,1.557073242,1.321836426,-0.496783996,-0.002024535,-0.105504364,-0.861435077
1718187381066749440.000000000,-0.313512817,1.551299927,1.321948975,-0.499708757,0.005619805,-0.102772267,-0.860056647
1718187381076749312.000000000,-0.310197968,1.545601440,1.322162964,-0.502093510,0.011560812,-0.099445299,-0.858998886
1718187381086749184.000000000,-0.307057037,1.539974487,1.322460327,-0.504119916,0.016988169,-0.096937299,-0.858007968
1718187381096749312.000000000,-0.304023102,1.534613525,1.322779175,-0.505377035,0.020076744,-0.094592287,-0.857463280
1718187381106749440.000000000,-0.301250000,1.529176514,1.323218262,-0.507398439,0.022841475,-0.094030881,-0.856261225
1718187381116749312.000000000,-0.298677734,1.523812866,1.323650757,-0.509549381,0.022279567,-0.094429222,-0.854953900
1718187381126749184.000000000,-0.296302795,1.518552124,1.324098999,-0.511877550,0.020279460,-0.096182551,-0.853416097
1718187381136749312.000000000,-0.294126404,1.513315552,1.324537964,-0.514615499,0.015988193,-0.098275287,-0.851620358
1718187381146749440.000000000,-0.292066162,1.508064697,1.324961426,-0.517347000,0.010962822,-0.100939280,-0.849731228
1718187381156749312.000000000,-0.290160309,1.502768677,1.325365723,-0.520672379,0.005988462,-0.104484526,-0.847317766
1718187381166749184.000000000,-0.288347595,1.497362915,1.325740601,-0.523983259,0.001763231,-0.107867684,-0.844868627
1718187381176749312.000000000,-0.286571198,1.491844360,1.326114746,-0.527751267,-0.001456068,-0.110289189,-0.842207086
1718187381186749440.000000000,-0.284888672,1.485989014,1.326467407,-0.533402360,-0.003601590,-0.113910350,-0.838148784
1718187381196749312.000000000,-0.283178314,1.480222290,1.326766357,-0.537264327,-0.003664156,-0.115346721,-0.835481149
1718187381206749184.000000000,-0.281498474,1.474344971,1.327053467,-0.541031687,-0.001882253,-0.115822837,-0.832986339
1718187381216749312.000000000,-0.279891205,1.468434204,1.327311279,-0.544628778,0.002243386,-0.115888593,-0.830628855
1718187381226749440.000000000,-0.278388092,1.462476196,1.327571045,-0.548016918,0.007333759,-0.116064099,-0.828343406
1718187381236749312.000000000,-0.277035187,1.456505615,1.327809937,-0.550916325,0.012578568,-0.117688972,-0.826124863
1718187381246749184.000000000,-0.275790314,1.450597046,1.328049927,-0.553439849,0.016987847,-0.118964693,-0.824174222
1718187381256749312.000000000,-0.274734375,1.444707153,1.328319702,-0.555835932,0.022700405,-0.122028239,-0.821973368
1718187381266749440.000000000,-0.273765289,1.438893433,1.328589844,-0.557955505,0.027756161,-0.126313012,-0.819731830
1718187381276749312.000000000,-0.272979340,1.433136719,1.328860962,-0.559999364,0.031016325,-0.130644908,-0.817539362
1718187381286749184.000000000,-0.272302307,1.427446777,1.329084351,-0.561898642,0.032081975,-0.135387565,-0.815420671
1718187381296749312.000000000,-0.271687164,1.421823730,1.329339478,-0.563977944,0.031350827,-0.139594757,-0.813301487
1718187381306749440.000000000,-0.271094635,1.415992432,1.329205078,-0.567262560,0.026950481,-0.136393273,-0.811716536
1718187381316749312.000000000,-0.270542969,1.410394653,1.329373047,-0.569444596,0.023844140,-0.138820449,-0.809872331
1718187381326749184.000000000,-0.270024017,1.404789185,1.329484131,-0.571820428,0.018422023,-0.139978686,-0.808138599
1718187381336749312.000000000,-0.269454865,1.399104736,1.329536865,-0.574386051,0.013045580,-0.140234352,-0.806377582
1718187381346749440.000000000,-0.268919067,1.393332886,1.329473999,-0.577119880,0.008202739,-0.138868732,-0.804724073
1718187381356749312.000000000,-0.268311188,1.387463135,1.329338867,-0.580080582,0.003174558,-0.136820551,-0.802979811
1718187381366749184.000000000,-0.267739227,1.381453003,1.329118896,-0.583082758,-0.001005278,-0.133865846,-0.801307321
1718187381376749312.000000000,-0.267186615,1.375330688,1.328834717,-0.585924917,-0.004531087,-0.129806898,-0.799888511
1718187381386749440.000000000,-0.266679810,1.369122070,1.328483765,-0.589052876,-0.006997769,-0.126234001,-0.798143294
1718187381396749312.000000000,-0.266274139,1.362837402,1.328082275,-0.592058966,-0.008206313,-0.123273307,-0.796368338
1718187381406749184.000000000,-0.265996735,1.356472412,1.327572632,-0.594782064,-0.008830090,-0.121094616,-0.794664974
1718187381416749312.000000000,-0.265834412,1.350079834,1.327081421,-0.597248385,-0.008767454,-0.120711505,-0.792872141
1718187381426749440.000000000,-0.265833618,1.343633057,1.326524780,-0.599537088,-0.008589572,-0.121884675,-0.790964996
1718187381436749312.000000000,-0.266030121,1.337171265,1.325886230,-0.601591636,-0.008424358,-0.124334677,-0.789023080
1718187381446749184.000000000,-0.266330872,1.330683472,1.325237671,-0.603570047,-0.007676612,-0.128795261,-0.786801149
1718187381456749312.000000000,-0.266725098,1.324172729,1.324589478,-0.605215676,-0.007140735,-0.133963114,-0.784676289
1718187381466749440.000000000,-0.267226135,1.317621460,1.323886719,-0.606703797,-0.006974745,-0.139536194,-0.782554475
1718187381476749312.000000000,-0.267745544,1.311050537,1.323181274,-0.608107153,-0.006830780,-0.144799926,-0.780507535
1718187381486749184.000000000,-0.268304871,1.304439453,1.322485596,-0.609587705,-0.007526167,-0.149871744,-0.778385924
1718187381496749312.000000000,-0.268845581,1.297761719,1.321749023,-0.611018657,-0.008238019,-0.153986327,-0.776451252
1718187381506749440.000000000,-0.269376495,1.291036621,1.321030762,-0.612446569,-0.009498772,-0.157089943,-0.774688146
1718187381516749312.000000000,-0.269886414,1.284248291,1.320311890,-0.613873148,-0.011121076,-0.158730818,-0.773201531
1718187381526749184.000000000,-0.270501129,1.277335327,1.319479858,-0.615995677,-0.011701880,-0.156470854,-0.771964548
1718187381536749312.000000000,-0.270896057,1.270497559,1.318901489,-0.617015421,-0.015187831,-0.159220697,-0.770525840
1718187381546749440.000000000,-0.271407288,1.263553955,1.318258545,-0.618766713,-0.017995702,-0.158716663,-0.769163786
1718187381556749312.000000000,-0.271933746,1.256597656,1.317640259,-0.620440821,-0.021234367,-0.157530149,-0.767975612
1718187381566749184.000000000,-0.272539764,1.249639648,1.317070679,-0.622080076,-0.025617917,-0.155856712,-0.766856432
1718187381576749312.000000000,-0.273309143,1.242619263,1.316443604,-0.624177493,-0.028868731,-0.151111138,-0.765985951
1718187381586749440.000000000,-0.273939758,1.235699951,1.316090698,-0.624690140,-0.036570093,-0.152161666,-0.765030512
1718187381596749312.000000000,-0.274748047,1.228704956,1.315690308,-0.625739142,-0.042431160,-0.150323248,-0.764233631
1718187381606749184.000000000,-0.275673615,1.221695190,1.315311279,-0.627136967,-0.047733094,-0.148877776,-0.763057130
1718187381616749312.000000000,-0.276682678,1.214642212,1.315010132,-0.628296457,-0.053423719,-0.148129526,-0.761870797
1718187381626749440.000000000,-0.277774231,1.207584473,1.314763184,-0.629446587,-0.058575133,-0.148182973,-0.760531232
1718187381636749312.000000000,-0.278949860,1.200486206,1.314563110,-0.630692051,-0.062115076,-0.147883394,-0.759275810
1718187381646749184.000000000,-0.280234741,1.193265991,1.314438721,-0.632443650,-0.064477851,-0.149308553,-0.757340473
1718187381656749312.000000000,-0.281572083,1.186037354,1.314345581,-0.634506215,-0.063704393,-0.150176474,-0.755506876
1718187381666749440.000000000,-0.282972504,1.178731812,1.314312988,-0.636951276,-0.061078705,-0.152141816,-0.753269760
1718187381676749312.000000000,-0.284362549,1.171381592,1.314363281,-0.639526193,-0.056009662,-0.153990058,-0.751103341
1718187381686749184.000000000,-0.285728119,1.164027222,1.314558594,-0.641779157,-0.049281099,-0.157603406,-0.748900563
1718187381696749312.000000000,-0.287189575,1.156736938,1.314768066,-0.643941039,-0.040607915,-0.159364310,-0.747190706
1718187381706749440.000000000,-0.288654968,1.149476440,1.315147583,-0.646236449,-0.031863293,-0.163353400,-0.744767648
1718187381716749312.000000000,-0.290171661,1.142444092,1.315549438,-0.647678232,-0.022986980,-0.165223604,-0.743428320
1718187381726749184.000000000,-0.291675507,1.135519165,1.316124023,-0.648846760,-0.017255741,-0.169218672,-0.741663780
1718187381736749312.000000000,-0.293291687,1.128759399,1.316702393,-0.650034040,-0.012902925,-0.173492070,-0.739722761
1718187381746749440.000000000,-0.294884918,1.122166870,1.317386230,-0.651100310,-0.011470427,-0.176734557,-0.738039099
1718187381756749312.000000000,-0.296494537,1.115792603,1.318137817,-0.651668628,-0.014399406,-0.181463795,-0.736336572
1718187381766749184.000000000,-0.298152649,1.109538330,1.318856934,-0.652465207,-0.017275248,-0.181505408,-0.735558636
1718187381776749312.000000000,-0.299721924,1.103357056,1.319639771,-0.653316140,-0.024016988,-0.183265112,-0.734176480
1718187381786749440.000000000,-0.301242004,1.097266235,1.320334717,-0.653800658,-0.031137151,-0.181178692,-0.733995544
1718187381796749312.000000000,-0.302665588,1.091118042,1.321107056,-0.654537985,-0.039882216,-0.180704437,-0.733031610
1718187381806749184.000000000,-0.304095428,1.084939941,1.321731323,-0.655513715,-0.046823305,-0.174606056,-0.733227163
1718187381816749312.000000000,-0.305370239,1.078670654,1.322407715,-0.656568075,-0.052783720,-0.170194159,-0.732916223
1718187381826749440.000000000,-0.306633972,1.072327271,1.322982056,-0.658010652,-0.057393453,-0.162387928,-0.733047157
1718187381836749312.000000000,-0.307881866,1.065911255,1.323525269,-0.659989973,-0.058960223,-0.154376459,-0.732874366
1718187381846749184.000000000,-0.309185852,1.059436035,1.324038452,-0.662236084,-0.058694426,-0.146026622,-0.732580753
1718187381856749312.000000000,-0.310531555,1.052926270,1.324565186,-0.664595026,-0.058312512,-0.139841675,-0.731681220
1718187381866749440.000000000,-0.311965302,1.046447632,1.325083008,-0.667316555,-0.054942219,-0.134835623,-0.730403534
1718187381876749312.000000000,-0.313582825,1.040023560,1.325575684,-0.669965750,-0.051151632,-0.130801993,-0.728985763
1718187381886749184.000000000,-0.315342499,1.033728882,1.326102417,-0.672415722,-0.046988923,-0.129335956,-0.727269791
1718187381896749312.000000000,-0.317200134,1.027582275,1.326704712,-0.674395443,-0.045172605,-0.130682651,-0.725308394
1718187381906749440.000000000,-0.319198029,1.021591675,1.327305176,-0.676302233,-0.043504706,-0.132967600,-0.723216598
1718187381916749312.000000000,-0.321307922,1.015746094,1.327901245,-0.677863728,-0.043053864,-0.136328763,-0.721152965
1718187381926749184.000000000,-0.323428375,1.010017883,1.328595947,-0.678899479,-0.043971005,-0.142775603,-0.718872155
1718187381936749312.000000000,-0.325600769,1.004389771,1.329206909,-0.680050996,-0.045237294,-0.147781577,-0.716690195
1718187381946749440.000000000,-0.327732727,0.998826782,1.329834595,-0.680608650,-0.048010978,-0.153299220,-0.714818970
1718187381956749312.000000000,-0.329796600,0.993293518,1.330421753,-0.681327355,-0.051510993,-0.157807166,-0.712907113
1718187381966749184.000000000,-0.331807343,0.987774048,1.330931641,-0.682152241,-0.054701027,-0.161218614,-0.711115093
1718187381976749312.000000000,-0.333726898,0.982195984,1.331395752,-0.683025774,-0.058532276,-0.163066040,-0.709548611
1718187381986749440.000000000,-0.335568848,0.976585449,1.331788086,-0.684343618,-0.061608508,-0.162083035,-0.708242398
1718187381996749312.000000000,-0.337331848,0.970893860,1.332063110,-0.685808567,-0.063666976,-0.160549488,-0.706991505
1718187382006749184.000000000,-0.338999176,0.965153809,1.332284302,-0.687491294,-0.067430514,-0.157655138,-0.705658348
1718187382016749312.000000000,-0.340627563,0.959310486,1.332424805,-0.689544019,-0.068974727,-0.154193438,-0.704269776
1718187382026749440.000000000,-0.342378906,0.953370667,1.332506104,-0.691428481,-0.073542226,-0.146085650,-0.703688269
1718187382036749312.000000000,-0.343992462,0.947462952,1.332444214,-0.693670383,-0.074299012,-0.141651265,-0.702307607
1718187382046749184.000000000,-0.345596222,0.941547363,1.332329956,-0.695693291,-0.075014525,-0.138144359,-0.700927815
1718187382056749312.000000000,-0.347242462,0.935618591,1.332160522,-0.697584661,-0.076440690,-0.135177181,-0.699470937
1718187382066749440.000000000,-0.348909760,0.929697327,1.331945923,-0.699325861,-0.077545203,-0.133635149,-0.697905244
1718187382076749312.000000000,-0.350636810,0.923814453,1.331648315,-0.700961728,-0.079761025,-0.131399343,-0.696437396
1718187382086749184.000000000,-0.352398651,0.917912476,1.331318481,-0.702425940,-0.081676997,-0.130229601,-0.694958214
1718187382096749312.000000000,-0.354217010,0.912027832,1.330938477,-0.703762538,-0.084674571,-0.128779890,-0.693515859
1718187382106749440.000000000,-0.356083191,0.906106812,1.330508545,-0.705125346,-0.086282946,-0.128603200,-0.691964390
1718187382116749312.000000000,-0.358001282,0.900166443,1.330062134,-0.706787522,-0.088036652,-0.129212283,-0.689931252
1718187382126749184.000000000,-0.359961975,0.894165466,1.329616455,-0.708663206,-0.088853638,-0.129807436,-0.687787410
1718187382136749312.000000000,-0.361958923,0.888107544,1.329140503,-0.710450972,-0.089593439,-0.130491204,-0.685714574
1718187382146749440.000000000,-0.363987427,0.882013733,1.328643311,-0.712348563,-0.089933944,-0.131225994,-0.683557715
1718187382156749312.000000000,-0.366030457,0.875869629,1.328103394,-0.714291821,-0.090196681,-0.131394073,-0.681459720
1718187382166749184.000000000,-0.368075745,0.869687134,1.327558838,-0.716310121,-0.090420767,-0.132023370,-0.679186076
1718187382176749312.000000000,-0.370143890,0.863494324,1.326999390,-0.718194055,-0.091094863,-0.132869854,-0.676937684
1718187382186749440.000000000,-0.372202118,0.857285645,1.326411377,-0.719989759,-0.092332741,-0.133520474,-0.674730831
1718187382196749312.000000000,-0.374255493,0.851053894,1.325806152,-0.721658681,-0.094102934,-0.134330043,-0.672539089
1718187382206749184.000000000,-0.376307648,0.844789429,1.325171265,-0.723215352,-0.096062384,-0.134843031,-0.670484102
1718187382216749312.000000000,-0.378328400,0.838499329,1.324532715,-0.724739339,-0.097581633,-0.135534324,-0.668476748
1718187382226749440.000000000,-0.380343384,0.832152405,1.323865601,-0.726300753,-0.098998571,-0.136814245,-0.666309509
1718187382236749312.000000000,-0.382343109,0.825775879,1.323187256,-0.727873501,-0.100054185,-0.137021676,-0.664390237
1718187382246749184.000000000,-0.384281097,0.819376709,1.322494019,-0.729472537,-0.101165749,-0.137474276,-0.662371597
1718187382256749312.000000000,-0.386208984,0.812941223,1.321799194,-0.731030742,-0.102626587,-0.137294508,-0.660463516
1718187382266749440.000000000,-0.388073517,0.806502258,1.321085938,-0.732755822,-0.103310188,-0.136733328,-0.658558962
1718187382276749312.000000000,-0.389942139,0.800051636,1.320359985,-0.734317205,-0.105892048,-0.134828441,-0.656800127
1718187382286749184.000000000,-0.391733032,0.793618347,1.319635864,-0.735946257,-0.108448618,-0.133452431,-0.654837730
1718187382296749312.000000000,-0.393541351,0.787166687,1.318938110,-0.737575645,-0.112015456,-0.131350138,-0.652826046
1718187382306749440.000000000,-0.395315857,0.780708801,1.318241455,-0.739361815,-0.115795172,-0.129804769,-0.650450849
1718187382316749312.000000000,-0.397101196,0.774237976,1.317597046,-0.741100909,-0.120417340,-0.126864443,-0.648208701
1718187382326749184.000000000,-0.398905823,0.767740112,1.317014893,-0.742933268,-0.124606129,-0.125182908,-0.645641318
1718187382336749312.000000000,-0.400704956,0.761240601,1.316495850,-0.745032199,-0.127720745,-0.124399163,-0.642759116
1718187382346749440.000000000,-0.402532623,0.754689026,1.316049316,-0.747438073,-0.129901163,-0.123824205,-0.639632379
1718187382356749312.000000000,-0.404366180,0.748086304,1.315685913,-0.750572963,-0.128551148,-0.125145751,-0.635966485
1718187382366749184.000000000,-0.406196869,0.741455505,1.315418701,-0.753983184,-0.125336996,-0.126592193,-0.632277164
1718187382376749312.000000000,-0.408006653,0.734832031,1.315249146,-0.757342078,-0.120473964,-0.128189568,-0.628877122
1718187382386749440.000000000,-0.409676239,0.728247559,1.315244995,-0.761788097,-0.111477785,-0.129237308,-0.624939451
1718187382396749312.000000000,-0.411543488,0.721679932,1.315223633,-0.763977908,-0.107343395,-0.130713118,-0.622679077
1718187382406749184.000000000,-0.413296387,0.715227356,1.315368408,-0.766862997,-0.100513636,-0.130768736,-0.620256149
1718187382416749312.000000000,-0.414920563,0.708950562,1.315687866,-0.768886282,-0.097456520,-0.130844596,-0.618219867
1718187382426749440.000000000,-0.416912384,0.702742004,1.316002686,-0.771026212,-0.089339117,-0.127788995,-0.617419692
1718187382436749312.000000000,-0.418833466,0.696707764,1.316431152,-0.772668165,-0.091004874,-0.127967836,-0.615082314
1718187382446749184.000000000,-0.420658203,0.690913879,1.316819092,-0.773687724,-0.095793978,-0.125304998,-0.613619978
1718187382456749312.000000000,-0.422555420,0.685240662,1.317215698,-0.774606017,-0.102594040,-0.121072241,-0.612210335
1718187382466749440.000000000,-0.424501556,0.679633850,1.317618896,-0.775302887,-0.110332902,-0.116885115,-0.610794527
1718187382476749312.000000000,-0.426501617,0.674034607,1.317996216,-0.775928428,-0.117854905,-0.112388306,-0.609437580
1718187382486749184.000000000,-0.428566193,0.668389465,1.318369629,-0.777208391,-0.122977623,-0.106350264,-0.607876009
1718187382496749312.000000000,-0.430734863,0.662633362,1.318729004,-0.778969911,-0.124915214,-0.101911555,-0.605983583
1718187382506749440.000000000,-0.433038635,0.656816406,1.319104736,-0.781377833,-0.124827322,-0.098481463,-0.603463523
1718187382516749312.000000000,-0.435478912,0.650948792,1.319476074,-0.784446946,-0.120036941,-0.097326859,-0.600634335
1718187382526749184.000000000,-0.438048767,0.645086121,1.319886475,-0.787918476,-0.113242536,-0.098247507,-0.597250392
1718187382536749312.000000000,-0.440781342,0.639267090,1.320309204,-0.791094277,-0.105772110,-0.101483447,-0.593871380
1718187382546749440.000000000,-0.443744843,0.633530273,1.320818237,-0.794047419,-0.100650986,-0.108063338,-0.589644291
1718187382556749312.000000000,-0.446803467,0.627951599,1.321284180,-0.796791807,-0.091110794,-0.115753381,-0.586022862
1718187382566749184.000000000,-0.449967010,0.622475952,1.321902588,-0.798033451,-0.089037749,-0.128669230,-0.581944258
1718187382576749312.000000000,-0.453335571,0.617109253,1.322614624,-0.799178030,-0.087777316,-0.143172480,-0.577157916
1718187382586749440.000000000,-0.456753693,0.611934082,1.323214966,-0.800262009,-0.084609641,-0.153780996,-0.573387592
1718187382596749312.000000000,-0.460486725,0.607092712,1.324000977,-0.800526894,-0.078314751,-0.167300139,-0.570117668
1718187382606749184.000000000,-0.464089569,0.602161133,1.324684570,-0.800573493,-0.083345231,-0.179275713,-0.565681778
1718187382616749312.000000000,-0.467745483,0.597289368,1.325372559,-0.800668571,-0.089226613,-0.190409961,-0.560992422
1718187382626749440.000000000,-0.471455292,0.592472229,1.326025635,-0.800730022,-0.095920434,-0.199931944,-0.556469155
1718187382636749312.000000000,-0.475156372,0.587648682,1.326678101,-0.801066353,-0.103499570,-0.206306558,-0.552284475
1718187382646749184.000000000,-0.478893707,0.582788574,1.327295410,-0.801656505,-0.111047662,-0.210190733,-0.548484385
1718187382656749312.000000000,-0.482618256,0.577884888,1.327890869,-0.802678247,-0.117028858,-0.211924084,-0.545068859
1718187382666749440.000000000,-0.486245453,0.572877258,1.328517456,-0.803489446,-0.125082627,-0.212610961,-0.541807739
1718187382676749312.000000000,-0.490185272,0.567918335,1.329053711,-0.805601867,-0.122002412,-0.213610802,-0.538972604
1718187382686749184.000000000,-0.493962799,0.562810059,1.329444824,-0.807540785,-0.126370417,-0.209149027,-0.536810100
1718187382696749312.000000000,-0.497793945,0.557681458,1.329760132,-0.809647632,-0.129966009,-0.204138074,-0.534702904
1718187382706749440.000000000,-0.501717926,0.552552795,1.329995728,-0.811363292,-0.135624769,-0.198905893,-0.532664975
1718187382716749312.000000000,-0.505765259,0.547479370,1.330159058,-0.813331125,-0.139062553,-0.194280806,-0.530480024
1718187382726749184.000000000,-0.509954742,0.542444275,1.330198975,-0.814803954,-0.144411131,-0.190619364,-0.528113813
1718187382736749312.000000000,-0.514222412,0.537459717,1.330225220,-0.816024707,-0.150394683,-0.189027764,-0.525122482
1718187382746749440.000000000,-0.518656128,0.532483276,1.330163574,-0.816754257,-0.156294663,-0.190144962,-0.521851852
1718187382756749312.000000000,-0.523139465,0.527586609,1.330025757,-0.816924910,-0.164043007,-0.191839283,-0.518576197
1718187382766749184.000000000,-0.527733643,0.522674438,1.329828979,-0.816743995,-0.170654251,-0.194985125,-0.515545512
1718187382776749312.000000000,-0.532380615,0.517713806,1.329539307,-0.816548238,-0.176603565,-0.198366406,-0.512553338
1718187382786749440.000000000,-0.537070251,0.512715332,1.329197632,-0.816309129,-0.181509864,-0.202345425,-0.509656653
1718187382796749312.000000000,-0.541843933,0.507625763,1.328811646,-0.816259097,-0.184341508,-0.206075928,-0.507219880
1718187382806749184.000000000,-0.546622803,0.502462433,1.328336304,-0.816030294,-0.187579730,-0.210978751,-0.504377212
1718187382816749312.000000000,-0.551453247,0.497230621,1.327833740,-0.816806943,-0.187043022,-0.214271285,-0.501925434
1718187382826749440.000000000,-0.556292175,0.491919128,1.327320068,-0.817476581,-0.187466238,-0.215241385,-0.500259527
1718187382836749312.000000000,-0.561513123,0.486992371,1.326777588,-0.818985666,-0.196596388,-0.192313055,-0.503614959
1718187382846749184.000000000,-0.566418762,0.481723785,1.326138062,-0.820093321,-0.196644875,-0.193455627,-0.501350833
1718187382856749312.000000000,-0.571289917,0.476460358,1.325450806,-0.820679190,-0.199944374,-0.193063100,-0.499233968
1718187382866749440.000000000,-0.576177612,0.471169586,1.324811768,-0.822054554,-0.201064162,-0.190385876,-0.497546713
1718187382876749312.000000000,-0.581052551,0.465899445,1.324143311,-0.822838826,-0.204191651,-0.186875574,-0.496305910
1718187382886749184.000000000,-0.585929199,0.460611023,1.323515015,-0.823991825,-0.205786579,-0.182511796,-0.495357246
1718187382896749312.000000000,-0.590809692,0.455326691,1.322914063,-0.825350017,-0.206504221,-0.178707348,-0.494183204
1718187382906749440.000000000,-0.595706421,0.450033966,1.322358398,-0.826355482,-0.208565592,-0.171968277,-0.494028261
1718187382916749312.000000000,-0.600643066,0.444779053,1.321825684,-0.827499689,-0.209836532,-0.167397490,-0.493143970
1718187382926749184.000000000,-0.605669678,0.439551483,1.321352905,-0.828362569,-0.211848132,-0.162109928,-0.492601457
1718187382936749312.000000000,-0.610741272,0.434374359,1.320932007,-0.828850951,-0.215507880,-0.156871387,-0.491888018
1718187382946749440.000000000,-0.615877808,0.429273499,1.320599731,-0.829835773,-0.217604261,-0.153533408,-0.490355451
1718187382956749312.000000000,-0.621106934,0.424190704,1.320358032,-0.829979323,-0.222418612,-0.148186329,-0.489596871
1718187382966749184.000000000,-0.626438110,0.419151886,1.320201660,-0.830367870,-0.226530040,-0.144629282,-0.488114445
1718187382976749312.000000000,-0.631855042,0.414117493,1.320129883,-0.830361713,-0.231718873,-0.143100512,-0.486135818
1718187382986749440.000000000,-0.637380432,0.409067139,1.320174561,-0.830816095,-0.235549614,-0.140096515,-0.484390299
1718187382996749312.000000000,-0.642939209,0.403970520,1.320274902,-0.831476795,-0.238918737,-0.140252348,-0.481553169
1718187383006749184.000000000,-0.648659119,0.399113281,1.320300415,-0.833427146,-0.238836949,-0.134844171,-0.479763644
1718187383016749312.000000000,-0.654502808,0.394128326,1.320637695,-0.832751327,-0.246872367,-0.141597528,-0.474899360
1718187383026749440.000000000,-0.660273987,0.388950409,1.320906738,-0.835739104,-0.243608754,-0.143520236,-0.470740764
1718187383036749312.000000000,-0.666073425,0.383763702,1.321267944,-0.839488801,-0.236666927,-0.149086749,-0.465854548
1718187383046749184.000000000,-0.672047241,0.378659058,1.322020142,-0.839748863,-0.238750313,-0.165383618,-0.458768344
1718187383056749312.000000000,-0.678008667,0.373944061,1.322355103,-0.847105917,-0.219220696,-0.164570331,-0.455269654
1718187383066749440.000000000,-0.683801514,0.369061005,1.322912964,-0.850970914,-0.208603102,-0.170027555,-0.451025366
1718187383076749312.000000000,-0.689434265,0.364714478,1.323193970,-0.856163054,-0.191616363,-0.164516452,-0.450779693
1718187383086749184.000000000,-0.695232239,0.359848724,1.324208008,-0.854620498,-0.200935813,-0.177656318,-0.444619879
1718187383096749312.000000000,-0.700856750,0.355525818,1.324930176,-0.854213351,-0.206521068,-0.182862814,-0.440715091
1718187383106749440.000000000,-0.706363586,0.351410919,1.325657104,-0.853616853,-0.214601674,-0.177783343,-0.440088029
1718187383116749312.000000000,-0.711823425,0.347291840,1.326391602,-0.851302809,-0.227295185,-0.174567491,-0.439484491
1718187383126749184.000000000,-0.717157593,0.343255035,1.327072388,-0.848304110,-0.241101162,-0.168493852,-0.440295570
1718187383136749312.000000000,-0.722434143,0.339213715,1.327641602,-0.846372456,-0.250472017,-0.157571006,-0.442819163
1718187383146749440.000000000,-0.727500671,0.334935455,1.328440796,-0.842021867,-0.265835201,-0.148940360,-0.445137722
1718187383156749312.000000000,-0.732648743,0.330796265,1.328850098,-0.844454481,-0.263362187,-0.139460713,-0.445070440
1718187383166749184.000000000,-0.737755920,0.326458069,1.329334229,-0.845670514,-0.263415436,-0.128309682,-0.446083306
1718187383176749312.000000000,-0.742914978,0.321985626,1.329779175,-0.848999220,-0.258795972,-0.115344527,-0.446005167
1718187383186749440.000000000,-0.748050659,0.317496094,1.330159912,-0.853229881,-0.251880197,-0.107660755,-0.443806601
1718187383196749312.000000000,-0.753201172,0.313032471,1.330502808,-0.858657650,-0.241548095,-0.101183215,-0.440594502
1718187383206749184.000000000,-0.758377869,0.308685272,1.330776855,-0.863809518,-0.232177895,-0.097282545,-0.436420265
1718187383216749312.000000000,-0.763509644,0.304338226,1.331141479,-0.871107826,-0.214935590,-0.096930635,-0.430787999
1718187383226749440.000000000,-0.768671570,0.299968079,1.331632690,-0.874806821,-0.207999121,-0.106355242,-0.424426618
1718187383236749312.000000000,-0.773720398,0.295944061,1.331902344,-0.878720425,-0.198949620,-0.109668084,-0.419812309
1718187383246749184.000000000,-0.778724731,0.292211121,1.331933105,-0.873955447,-0.221572608,-0.110033597,-0.418330090
1718187383256749312.000000000,-0.783576599,0.288536407,1.332120850,-0.876452250,-0.216224485,-0.111158170,-0.415598709
1718187383266749440.000000000,-0.788433167,0.284770508,1.332621338,-0.874837253,-0.224915695,-0.121899683,-0.411355294
1718187383276749312.000000000,-0.793074219,0.281252258,1.332949341,-0.873958117,-0.230057562,-0.124323405,-0.409651581
1718187383286749184.000000000,-0.797696960,0.277741364,1.333308594,-0.872494288,-0.237545335,-0.127150095,-0.407625789
1718187383296749312.000000000,-0.802131409,0.274340546,1.333578613,-0.870881021,-0.245390301,-0.123107924,-0.407669335
1718187383306749440.000000000,-0.806660339,0.270834015,1.333895752,-0.869407875,-0.253166288,-0.122430899,-0.406260326
1718187383316749312.000000000,-0.811208008,0.267038849,1.334244995,-0.867636894,-0.259376861,-0.108898059,-0.409964728
1718187383326749184.000000000,-0.815633240,0.263443207,1.334397217,-0.868676097,-0.261622303,-0.105964045,-0.407096095
1718187383336749312.000000000,-0.820017456,0.259719055,1.334591064,-0.869129960,-0.264035458,-0.096063864,-0.407025950
1718187383346749440.000000000,-0.824427246,0.255931946,1.334692383,-0.871336959,-0.261358437,-0.085787780,-0.406330072
1718187383356749312.000000000,-0.828822083,0.252022919,1.334750732,-0.873295869,-0.259183125,-0.074233240,-0.405792877
1718187383366749184.000000000,-0.833279358,0.247949005,1.334821411,-0.876620856,-0.253137515,-0.062998109,-0.404337127
1718187383376749312.000000000,-0.837743896,0.243991364,1.334778687,-0.879273769,-0.248036032,-0.050044012,-0.403548464
1718187383386749440.000000000,-0.842248840,0.239985672,1.334714233,-0.881157056,-0.244942030,-0.036074397,-0.402820410
1718187383396749312.000000000,-0.846826904,0.236058960,1.334593384,-0.882601459,-0.243034570,-0.025017202,-0.401650348
1718187383406749184.000000000,-0.851474548,0.232187897,1.334452148,-0.883583243,-0.242002079,-0.013397237,-0.400669639
1718187383416749312.000000000,-0.856241577,0.228311905,1.334231689,-0.883139809,-0.245077949,0.001023210,-0.399999788
1718187383426749440.000000000,-0.861066040,0.224576096,1.333994141,-0.883162820,-0.248052426,0.007268978,-0.398045963
1718187383436749312.000000000,-0.865954041,0.220885422,1.333747803,-0.882892005,-0.252665732,0.010091957,-0.395676495
1718187383446749184.000000000,-0.871019897,0.217141953,1.333522827,-0.883188191,-0.255618568,0.012422925,-0.393043810
1718187383456749312.000000000,-0.875867371,0.213643814,1.333151733,-0.883660119,-0.257474747,0.016683736,-0.390606198
1718187383466749440.000000000,-0.881002991,0.210108078,1.332843262,-0.883153229,-0.264066760,0.014423144,-0.387428824
1718187383476749312.000000000,-0.886182739,0.206587494,1.332556396,-0.882856658,-0.269874195,0.012138851,-0.384167528
1718187383486749184.000000000,-0.891356750,0.203137375,1.332249268,-0.883163745,-0.274109874,0.009479506,-0.380520322
1718187383496749312.000000000,-0.896564819,0.199768326,1.331941162,-0.882246982,-0.281113836,0.008181586,-0.377555739
1718187383506749440.000000000,-0.901797974,0.196460678,1.331656738,-0.881096631,-0.288698501,0.007007212,-0.374530107
1718187383516749312.000000000,-0.907034546,0.193255600,1.331396362,-0.879583808,-0.298203444,0.001473815,-0.370681613
1718187383526749184.000000000,-0.912269348,0.190148727,1.331104980,-0.876381711,-0.310538112,-0.000481723,-0.368131695
1718187383536749312.000000000,-0.917496033,0.187094284,1.330872681,-0.872979614,-0.323057679,-0.003084344,-0.365418688
1718187383546749440.000000000,-0.922673767,0.184100281,1.330619141,-0.869808475,-0.334339745,-0.005076761,-0.362800743
1718187383556749312.000000000,-0.927783936,0.181087601,1.330371094,-0.864847501,-0.347891687,-0.002691195,-0.361943272
1718187383566749184.000000000,-0.932847351,0.178079880,1.330161499,-0.860839600,-0.358538370,0.001326587,-0.361114470
1718187383576749312.000000000,-0.937840149,0.175057663,1.329944580,-0.856494531,-0.368646679,0.008626790,-0.361167998
1718187383586749440.000000000,-0.942782471,0.172017609,1.329754150,-0.852276843,-0.377684603,0.017187701,-0.361501184
1718187383596749312.000000000,-0.947694641,0.168972244,1.329542603,-0.847419746,-0.386512257,0.029491544,-0.362792362
1718187383606749184.000000000,-0.952557312,0.165892639,1.329362305,-0.843618929,-0.392181726,0.044883428,-0.363986365
1718187383616749312.000000000,-0.957397095,0.162774170,1.329170166,-0.839485209,-0.397081065,0.062740703,-0.365588315
1718187383626749440.000000000,-0.962244629,0.159651367,1.328972900,-0.836307086,-0.401010197,0.077392046,-0.365775546
1718187383636749312.000000000,-0.967091675,0.156445251,1.328752686,-0.835931074,-0.400180215,0.092239085,-0.364097496
1718187383646749184.000000000,-0.971931702,0.153257034,1.328482788,-0.835858589,-0.398035082,0.108261782,-0.362198673
1718187383656749312.000000000,-0.976796997,0.150076920,1.328188232,-0.839240261,-0.391132675,0.121472329,-0.357680708
1718187383666749440.000000000,-0.981659302,0.146885651,1.327936035,-0.845579180,-0.381875275,0.128386998,-0.350262620
1718187383676749312.000000000,-0.986442139,0.143673264,1.327716309,-0.854110800,-0.372211729,0.126716718,-0.340435078
1718187383686749184.000000000,-0.991238953,0.140498108,1.327555664,-0.865523960,-0.359390894,0.118762633,-0.328027280
1718187383696749312.000000000,-0.995964294,0.137397568,1.327500000,-0.870157055,-0.360781409,0.102874911,-0.319499965
1718187383706749440.000000000,-1.000720947,0.134479919,1.327351318,-0.890780460,-0.330264043,0.085924336,-0.300088056
1718187383716749312.000000000,-1.005340820,0.131683731,1.327357788,-0.899924663,-0.320725649,0.065844417,-0.287984672
1718187383726749184.000000000,-1.009854797,0.129012131,1.327406738,-0.905517062,-0.316350934,0.049516134,-0.278404541
1718187383736749312.000000000,-1.014257202,0.126519234,1.327460815,-0.908630685,-0.315957665,0.035592949,-0.270728968
1718187383746749440.000000000,-1.018568848,0.124163963,1.327533569,-0.907767480,-0.322363561,0.029522329,-0.266774003
1718187383756749312.000000000,-1.022784973,0.121929375,1.327582275,-0.902229019,-0.336274740,0.034767289,-0.267756105
1718187383766749184.000000000,-1.026940552,0.119838165,1.327578125,-0.895278745,-0.350871004,0.045620798,-0.270710640
1718187383776749312.000000000,-1.031106812,0.117815247,1.327506592,-0.886315983,-0.366391018,0.062369281,-0.276245674
1718187383786749440.000000000,-1.035290039,0.115798218,1.327407593,-0.876976281,-0.381381063,0.078399644,-0.281628448
1718187383796749312.000000000,-1.039594849,0.113794823,1.327254517,-0.867720602,-0.395683462,0.091796126,-0.286476921
1718187383806749184.000000000,-1.043976440,0.111763092,1.327036377,-0.862606633,-0.405492873,0.096302823,-0.286724770
1718187383816749312.000000000,-1.048495605,0.109728798,1.326768311,-0.861878499,-0.411302263,0.092025632,-0.282005647
1718187383826749440.000000000,-1.053098511,0.107624466,1.326463501,-0.863240958,-0.415592323,0.081785670,-0.274607308
1718187383836749312.000000000,-1.057768188,0.105491196,1.326116699,-0.868754964,-0.417178496,0.057679828,-0.260576192
1718187383846749184.000000000,-1.062494995,0.103343582,1.325756470,-0.874421106,-0.416957975,0.032748928,-0.245888763
1718187383856749312.000000000,-1.067201782,0.101206017,1.325373535,-0.877571770,-0.418882620,0.009713066,-0.233046768
1718187383866749440.000000000,-1.071903564,0.099122871,1.324980713,-0.879727621,-0.421719329,-0.016365433,-0.219007518
1718187383876749312.000000000,-1.076655762,0.097181183,1.324565430,-0.878609046,-0.428531817,-0.039691812,-0.206956965
1718187383886749184.000000000,-1.081208618,0.095136940,1.324167480,-0.868618360,-0.450028638,-0.071514539,-0.194581708
1718187383896749312.000000000,-1.085718506,0.093136681,1.323813965,-0.862774891,-0.461625200,-0.088257054,-0.186366183
1718187383906749440.000000000,-1.090235474,0.091216179,1.323478271,-0.854963267,-0.475808899,-0.100023046,-0.180662931
1718187383916749312.000000000,-1.094767822,0.089358856,1.323176758,-0.848141769,-0.487954663,-0.103537261,-0.178425954
1718187383926749184.000000000,-1.099348755,0.087543297,1.322917480,-0.837887803,-0.505184198,-0.106475531,-0.177188933
1718187383936749312.000000000,-1.103910156,0.085714455,1.322689453,-0.835413521,-0.510129484,-0.100811856,-0.178014405
1718187383946749440.000000000,-1.108489868,0.083903954,1.322390869,-0.823470917,-0.528502644,-0.122927596,-0.165738983
1718187383956749312.000000000,-1.113170410,0.082056328,1.322193848,-0.822883441,-0.530820045,-0.110664526,-0.169841940
1718187383966749184.000000000,-1.117865967,0.080172958,1.321976074,-0.823517555,-0.531030957,-0.098592501,-0.173506422
1718187383976749312.000000000,-1.122638672,0.078288170,1.321739990,-0.828570826,-0.524462548,-0.080695960,-0.178598950
1718187383986749440.000000000,-1.127480225,0.076390800,1.321490967,-0.836095634,-0.513899243,-0.067318172,-0.179777427
1718187383996749312.000000000,-1.132488770,0.074499237,1.321305664,-0.858711857,-0.479885661,-0.085123363,-0.158359441
1718187384006749184.000000000,-1.137450317,0.072695000,1.320942505,-0.862921776,-0.473571949,-0.067819167,-0.162776466
1718187384016749312.000000000,-1.142527344,0.070941895,1.320612305,-0.864783113,-0.471237475,-0.062589179,-0.161765273
1718187384026749440.000000000,-1.147660278,0.069284981,1.320272461,-0.871283838,-0.460362009,-0.051520992,-0.162101453
1718187384036749312.000000000,-1.152875854,0.067765869,1.319902832,-0.869806004,-0.464201430,-0.058830400,-0.156504093
1718187384046749184.000000000,-1.158127441,0.066378754,1.319571533,-0.864187164,-0.474623800,-0.055678935,-0.157520318
1718187384056749312.000000000,-1.163409180,0.065114304,1.319208862,-0.849270669,-0.499936357,-0.060304376,-0.158639058
1718187384066749440.000000000,-1.168750977,0.063971622,1.318872925,-0.828618976,-0.531787485,-0.062694542,-0.163285202
1718187384076749312.000000000,-1.174085205,0.062887051,1.318505005,-0.802494690,-0.567308255,-0.056775806,-0.175898050
1718187384086749184.000000000,-1.179539673,0.061851868,1.318107544,-0.763433099,-0.612215978,-0.044985296,-0.200842783
1718187384096749312.000000000,-1.185037720,0.060833862,1.317697266,-0.733893913,-0.643182968,-0.046338400,-0.213466969
1718187384106749440.000000000,-1.190638306,0.059810875,1.317305298,-0.705975716,-0.669646109,-0.048571059,-0.225417899
1718187384116749312.000000000,-1.196321655,0.058742363,1.316846191,-0.680796919,-0.689858233,-0.042772243,-0.242449392
1718187384126749184.000000000,-1.202093750,0.057653503,1.316379272,-0.653155265,-0.709919922,-0.038789291,-0.260571094
1718187384136749312.000000000,-1.207959106,0.056507629,1.315884888,-0.640986339,-0.716538427,-0.029776307,-0.273537143
1718187384146749440.000000000,-1.213950928,0.055355324,1.315404541,-0.626435516,-0.725308447,-0.025556343,-0.284346749
1718187384156749312.000000000,-1.220018188,0.054199425,1.314903320,-0.618260665,-0.726156861,-0.009518153,-0.300598349
1718187384166749184.000000000,-1.226184448,0.053084461,1.314415771,-0.613383811,-0.725217770,0.004747778,-0.312725032
1718187384176749312.000000000,-1.232448975,0.051977112,1.314048218,-0.574195138,-0.745599076,0.004337472,-0.338176209
1718187384186749440.000000000,-1.238619507,0.050943413,1.313646240,-0.553052032,-0.749619940,0.018570129,-0.363123321
1718187384196749312.000000000,-1.244967163,0.050050644,1.313160645,-0.570984355,-0.738684175,0.030702101,-0.356903260
1718187384206749184.000000000,-1.251312988,0.049181454,1.312890259,-0.568469180,-0.715152856,0.089913471,-0.396629237
1718187384216749312.000000000,-1.257656372,0.048406319,1.312588135,-0.536994305,-0.723909986,0.096098266,-0.422322829
1718187384226749440.000000000,-1.264042480,0.047641903,1.312429810,-0.495407675,-0.745874350,0.074990399,-0.438883960
1718187384236749312.000000000,-1.270379883,0.047007923,1.312186523,-0.449796279,-0.744341864,0.096184534,-0.484135345
1718187384246749184.000000000,-1.276735962,0.046377800,1.312006958,-0.399978630,-0.750011021,0.094818899,-0.518179448
1718187384256749312.000000000,-1.283123169,0.045786575,1.311871582,-0.344815615,-0.746882984,0.101763368,-0.559385571
1718187384266749440.000000000,-1.289523560,0.045208862,1.311794800,-0.297844070,-0.742288176,0.104385689,-0.591101346
1718187384276749312.000000000,-1.295981079,0.044636551,1.311760742,-0.260901710,-0.737684315,0.104371415,-0.613888228
1718187384286749184.000000000,-1.302513672,0.044086494,1.311748779,-0.262367167,-0.724335530,0.131293276,-0.623909918
1718187384296749312.000000000,-1.309108643,0.043532055,1.311821411,-0.238058044,-0.715496354,0.141084420,-0.641473711
1718187384306749440.000000000,-1.315788574,0.043012901,1.311921753,-0.226430245,-0.720696347,0.127242362,-0.642756175
1718187384316749312.000000000,-1.322506348,0.042514015,1.312124390,-0.222210443,-0.731982657,0.104428584,-0.635545891
1718187384326749184.000000000,-1.329246338,0.042044662,1.312363159,-0.214557878,-0.756334000,0.055231146,-0.615526862
1718187384336749312.000000000,-1.335974609,0.041627193,1.312687134,-0.214697730,-0.789677830,-0.007735458,-0.574677277
1718187384346749440.000000000,-1.342701294,0.041294991,1.313071533,-0.200527968,-0.830098126,-0.093062032,-0.511922937
1718187384356749312.000000000,-1.349290894,0.040947636,1.313564087,-0.172099962,-0.862131366,-0.174792294,-0.443349483
1718187384366749184.000000000,-1.355814331,0.040636620,1.314196289,-0.114099289,-0.893573860,-0.292847459,-0.320542471
1718187384376749312.000000000,-1.362184692,0.040355888,1.314713623,-0.074600695,-0.892638146,-0.325027453,-0.303296937
1718187384386749440.000000000,-1.368431152,0.040037910,1.315520020,-0.019645627,-0.892276550,-0.395711294,-0.216492907
1718187384396749312.000000000,-1.374547241,0.039719276,1.316276245,0.031336486,-0.878855338,-0.421375927,-0.221525729
1718187384406749184.000000000,-1.380580322,0.039401024,1.317074097,0.097057439,-0.852142346,-0.438734733,-0.268225856
1718187384416749312.000000000,-1.386538696,0.039050457,1.317880859,0.148034793,-0.821620039,-0.439349880,-0.331659304
1718187384426749440.000000000,-1.392479004,0.038663891,1.318697510,0.201255124,-0.776778832,-0.422818349,-0.421112414
1718187384436749312.000000000,-1.398421631,0.038227314,1.319477661,0.246573890,-0.723074395,-0.384384080,-0.518279476
1718187384446749184.000000000,-1.404475098,0.037813263,1.320278442,0.320296260,-0.639855107,-0.343609588,-0.608217230
1718187384456749312.000000000,-1.410503662,0.037264648,1.320991577,0.342176353,-0.587045395,-0.259824198,-0.686137329
1718187384466749440.000000000,-1.416648071,0.036701809,1.321673096,0.352223376,-0.543128281,-0.161083346,-0.744984913
1718187384476749312.000000000,-1.422900757,0.036167755,1.322325562,0.330618402,-0.529791425,-0.069374818,-0.777945790
1718187384486749184.000000000,-1.429186523,0.035613281,1.322942749,0.325011985,-0.509583423,0.006192198,-0.796651493
1718187384496749312.000000000,-1.435462280,0.035097954,1.323555176,0.321634406,-0.498298879,0.048256926,-0.803691984
1718187384506749440.000000000,-1.441720215,0.034672684,1.324191528,0.325035085,-0.490844615,0.060590217,-0.806072319
1718187384516749312.000000000,-1.447918213,0.034362942,1.324850586,0.333328784,-0.500863381,-0.001040798,-0.798765743
1718187384526749184.000000000,-1.453996826,0.034190258,1.325555908,0.368433408,-0.508691960,-0.118778663,-0.769012966
1718187384536749312.000000000,-1.459916992,0.034123177,1.326298218,0.446024913,-0.486984798,-0.275927125,-0.698406618
1718187384546749440.000000000,-1.465726074,0.034264061,1.327060303,0.559343600,-0.405874416,-0.455170530,-0.561444996
1718187384556749312.000000000,-1.471544556,0.034659924,1.327856323,0.712067212,-0.142496564,-0.614823015,-0.307648624
1718187384566749184.000000000,-1.476960449,0.034877220,1.328649170,0.745756398,0.068005692,-0.656748789,-0.088902461
1718187384576749312.000000000,-1.481935181,0.034762806,1.329465942,0.729480038,0.108420223,-0.675291447,0.009240690
1718187384586749440.000000000,-1.487349976,0.035177368,1.330263428,0.671105468,0.458508767,-0.529943279,0.241965459
1718187384596749312.000000000,-1.492431152,0.035231354,1.330988892,0.624564878,0.590725124,-0.410456017,0.304119055
1718187384606749184.000000000,-1.497571045,0.035226505,1.331700073,0.571593916,0.701698614,-0.251246795,0.343182894
1718187384616749312.000000000,-1.502744629,0.035130737,1.332352051,0.522035771,0.767987533,-0.080227419,0.362266980
1718187384626749440.000000000,-1.508137329,0.035080868,1.332921875,0.468818476,0.783458629,0.182667914,0.364738600
1718187384636749312.000000000,-1.513229858,0.034507328,1.333467041,0.518564575,0.756005465,0.229068031,0.327222182
1718187384646749184.000000000,-1.518683838,0.034291676,1.333677734,0.490950756,0.625085071,0.499064247,0.345211365
1718187384656749312.000000000,-1.523835083,0.033446896,1.334052124,0.554312092,0.539945807,0.543267765,0.325663578
1718187384666749440.000000000,-1.529446289,0.032842548,1.334552734,0.608768767,0.367903907,0.620154204,0.330841452
1718187384676749312.000000000,-1.534835938,0.032149540,1.334683350,0.643982371,0.014631551,0.660669603,0.385471529
1718187384686749184.000000000,-1.540317505,0.031447496,1.334800171,0.578487434,-0.261554423,0.610700803,0.473271700
1718187384696749312.000000000,-1.545691772,0.030732092,1.334659668,0.448628106,-0.484459374,0.481428784,0.576418479
1718187384706749440.000000000,-1.551339966,0.030088358,1.334863037,0.314583715,-0.660078478,0.295416972,0.614867711
1718187384716749312.000000000,-1.556694092,0.029390760,1.334516846,0.123341911,-0.753681731,0.055584962,0.643164780
1718187384726749184.000000000,-1.562358643,0.028700912,1.334520996,-0.069923394,-0.789334785,-0.210528107,0.572485137
1718187384736749312.000000000,-1.567945435,0.027991488,1.334239380,-0.217291033,-0.730490514,-0.392643000,0.514781207
1718187384746749440.000000000,-1.573507080,0.027310736,1.333746826,-0.360056615,-0.607463944,-0.496706719,0.504607992
1718187384756749312.000000000,-1.579264526,0.026556419,1.333353516,-0.491215312,-0.481617897,-0.582449128,0.433018166
1718187384766749184.000000000,-1.585097900,0.025775654,1.332886597,-0.620274418,-0.325856992,-0.637847085,0.319731080
1718187384776749312.000000000,-1.590994873,0.024970335,1.332383057,-0.738497693,-0.175787377,-0.621336510,0.194064157
1718187384786749440.000000000,-1.596972900,0.024077192,1.331801514,-0.816569313,-0.046238779,-0.573214669,0.050014766
1718187384796749312.000000000,-1.603041382,0.023187628,1.331174561,-0.876127665,0.051202868,-0.466209465,-0.111477874
1718187384806749184.000000000,-1.609132935,0.022223619,1.330530396,-0.892155366,0.117217039,-0.339591022,-0.273855630
1718187384816749312.000000000,-1.615266479,0.021256289,1.329869629,-0.870616760,0.157177260,-0.205018286,-0.418675613
1718187384826749440.000000000,-1.621379395,0.020235086,1.329206055,-0.824318860,0.164448367,-0.061959976,-0.538159933
1718187384836749312.000000000,-1.627520264,0.019232805,1.328529907,-0.762794642,0.159739426,0.073072530,-0.622324718
1718187384846749184.000000000,-1.633654785,0.018181311,1.327882935,-0.705744629,0.127260723,0.191140323,-0.670219817
1718187384856749312.000000000,-1.639812256,0.017121752,1.327244141,-0.645754590,0.110152672,0.305134102,-0.691202270
1718187384866749440.000000000,-1.645941772,0.016007496,1.326657593,-0.604773953,0.066460049,0.392283386,-0.689887869
1718187384876749312.000000000,-1.652065674,0.014884339,1.326077637,-0.561434412,0.042949061,0.489793351,-0.665619450
1718187384886749184.000000000,-1.658188232,0.013717287,1.325569824,-0.539491515,0.026391878,0.551706747,-0.635509276
1718187384896749312.000000000,-1.664318481,0.012537903,1.325096924,-0.525222438,-0.001189733,0.608986160,-0.594370114
1718187384906749440.000000000,-1.670431641,0.011314850,1.324660400,-0.520455421,-0.027380684,0.652645840,-0.549936234
1718187384916749312.000000000,-1.676540161,0.010097173,1.324273193,-0.516730799,-0.028316187,0.696445960,-0.497142334
1718187384926749184.000000000,-1.682652344,0.008878316,1.323968628,-0.519470291,-0.032545432,0.716985998,-0.463705177
1718187384936749312.000000000,-1.688726929,0.007670203,1.323679077,-0.523314092,-0.032857173,0.737106841,-0.426305373
1718187384946749440.000000000,-1.694783081,0.006454023,1.323434326,-0.528582874,-0.032761418,0.750862174,-0.394629991
1718187384956749312.000000000,-1.700841431,0.005245567,1.323225220,-0.523990646,-0.004312212,0.773590000,-0.356333719
1718187384966749184.000000000,-1.706868042,0.003999320,1.323033081,-0.529303281,-0.000969254,0.782486123,-0.327952076
1718187384976749312.000000000,-1.712951172,0.002783206,1.322894653,-0.551126309,-0.027543721,0.778641177,-0.298695585
1718187384986749440.000000000,-1.718989258,0.001587001,1.322791870,-0.537593067,0.030013469,0.809770680,-0.233161603
1718187384996749312.000000000,-1.724973999,0.000296762,1.322610352,-0.574954796,-0.018459120,0.787827616,-0.220031566
1718187385006749184.000000000,-1.731075195,-0.000818730,1.322496094,-0.597645197,-0.027858287,0.779760037,-0.184440825
1718187385016749312.000000000,-1.737375488,-0.001852939,1.322694092,-0.597490315,0.039793868,0.796374103,-0.084912066
1718187385026749440.000000000,-1.743702148,-0.002753803,1.322573486,-0.640483475,0.026252938,0.766327344,-0.042826424
1718187385036749312.000000000,-1.749879639,-0.003771052,1.322364624,-0.671358553,-0.002731318,0.740003729,-0.040800913
1718187385046749184.000000000,-1.756365479,-0.004728055,1.322497070,-0.734206503,-0.028913782,0.678306563,-0.002238376
1718187385056749312.000000000,-1.762808716,-0.005673861,1.322499390,-0.784531258,-0.068758667,0.616199617,0.008999002
1718187385066749440.000000000,-1.769270996,-0.006601213,1.322576172,-0.832618280,-0.108501109,0.542680565,0.021728183
1718187385076749312.000000000,-1.775749756,-0.007430667,1.322746948,-0.874964578,-0.159641041,0.456002044,0.031841194
1718187385086749184.000000000,-1.782044067,-0.008295502,1.322908203,-0.898855496,-0.184617558,0.394894942,0.045090357
1718187385096749312.000000000,-1.788231812,-0.009072961,1.323158081,-0.912458853,-0.220607885,0.340311181,0.054215333
1718187385106749440.000000000,-1.794282104,-0.009780876,1.323406982,-0.914718555,-0.252897675,0.309471022,0.059669239
1718187385116749312.000000000,-1.800071899,-0.010303443,1.323803711,-0.918053597,-0.280716009,0.271323294,0.068991197
1718187385126749184.000000000,-1.805752563,-0.010855000,1.324106934,-0.909726417,-0.302549814,0.276419199,0.066737409
1718187385136749312.000000000,-1.811272095,-0.011377752,1.324383911,-0.898407784,-0.318129899,0.296814964,0.059646437
1718187385146749440.000000000,-1.816744141,-0.011633120,1.324769653,-0.898836008,-0.263157961,0.346129122,0.055103073
1718187385156749312.000000000,-1.822155273,-0.011991515,1.325059570,-0.890596619,-0.257105567,0.371814223,0.049885608
1718187385166749184.000000000,-1.827620972,-0.012276823,1.325309082,-0.883784114,-0.247825312,0.394097721,0.046853401
1718187385176749312.000000000,-1.833137451,-0.012480916,1.325541382,-0.879332933,-0.251477288,0.401764922,0.046018636
1718187385186749440.000000000,-1.838796631,-0.012586451,1.325770508,-0.881036261,-0.249349220,0.398667066,0.051620181
1718187385196749312.000000000,-1.844499512,-0.012730524,1.325911987,-0.884452800,-0.256701775,0.385235762,0.058658770
1718187385206749184.000000000,-1.850334595,-0.012770165,1.326116455,-0.891471150,-0.267529883,0.358808955,0.070449156
1718187385216749312.000000000,-1.856127441,-0.012771959,1.326199463,-0.899441941,-0.280372653,0.324371456,0.084726197
1718187385226749440.000000000,-1.861937744,-0.012694298,1.326343384,-0.904795579,-0.293244466,0.292843944,0.097954418
1718187385236749312.000000000,-1.867592896,-0.012632761,1.326505005,-0.902902897,-0.317478542,0.269395723,0.106769274
1718187385246749184.000000000,-1.873244629,-0.012325869,1.326658936,-0.898806395,-0.343709422,0.245281603,0.117676814
1718187385256749312.000000000,-1.878667847,-0.012093795,1.326774902,-0.896146000,-0.356057968,0.234049368,0.123959525
1718187385266749440.000000000,-1.883962158,-0.011764121,1.326896362,-0.880877074,-0.379184060,0.258998655,0.114868296
1718187385276749312.000000000,-1.889326904,-0.011332098,1.327169312,-0.878492287,-0.392431294,0.242151022,0.124947445
1718187385286749184.000000000,-1.894405396,-0.011063003,1.327129517,-0.867480264,-0.396311373,0.280003729,0.109604738
1718187385296749312.000000000,-1.899631592,-0.010674145,1.327372681,-0.857915338,-0.400344909,0.306563113,0.098611785
1718187385306749440.000000000,-1.904950317,-0.010292735,1.327432129,-0.858661407,-0.384068791,0.326555205,0.092484868
1718187385316749312.000000000,-1.910411011,-0.009891935,1.327655640,-0.872012800,-0.365057964,0.309083145,0.103894031
1718187385326749184.000000000,-1.915885132,-0.009562963,1.327611450,-0.881883680,-0.334621653,0.314346290,0.107219097
1718187385336749312.000000000,-1.921561401,-0.009191537,1.327513306,-0.888528238,-0.300598292,0.329123340,0.108793675
1718187385346749440.000000000,-1.927417603,-0.008703639,1.327274414,-0.900286620,-0.260167613,0.327683770,0.120083978
1718187385356749312.000000000,-1.933101685,-0.008100112,1.327179199,-0.904613798,-0.259091559,0.313843889,0.126678546
1718187385366749184.000000000,-1.938982666,-0.007457207,1.326765747,-0.914269810,-0.230628614,0.303114366,0.137995790
1718187385376749312.000000000,-1.944999268,-0.006632939,1.326314941,-0.922153407,-0.206704645,0.291014584,0.149052996
1718187385386749440.000000000,-1.950996460,-0.005650194,1.325719971,-0.931984645,-0.184346039,0.266428990,0.162593825
1718187385396749312.000000000,-1.956964722,-0.004582616,1.325131836,-0.934512803,-0.179016537,0.257311784,0.168610635
1718187385406749184.000000000,-1.962923828,-0.003394314,1.324477295,-0.936777600,-0.174460644,0.248301349,0.174234476
1718187385416749312.000000000,-1.968430298,-0.001997400,1.323642944,-0.933401532,-0.167633908,0.265854198,0.173153106
1718187385426749440.000000000,-1.974188110,-0.000538590,1.322959473,-0.928845244,-0.180081059,0.274615739,0.171474546
1718187385436749312.000000000,-1.980121338,0.001208372,1.322421875,-0.925022064,-0.216839132,0.259237656,0.173524663
1718187385446749184.000000000,-1.985765991,0.002819930,1.321635864,-0.919794021,-0.230318461,0.267775515,0.170963854
1718187385456749312.000000000,-1.991708252,0.004658641,1.321061035,-0.908266535,-0.258975775,0.284771398,0.163977744
1718187385466749440.000000000,-1.997412476,0.006350965,1.320180664,-0.903806495,-0.261872303,0.297871323,0.160715251
1718187385476749312.000000000,-2.003209106,0.008125231,1.319163940,-0.906536766,-0.259434803,0.288441363,0.166391870
1718187385486749184.000000000,-2.009168335,0.009936074,1.318241699,-0.905808545,-0.261516184,0.287613987,0.168518130
1718187385496749312.000000000,-2.015205566,0.011740632,1.317314087,-0.905797865,-0.261347991,0.286220166,0.171188412
1718187385506749440.000000000,-2.021332031,0.013580316,1.316301758,-0.908182568,-0.255654099,0.280653475,0.176292464
1718187385516749312.000000000,-2.027555176,0.015491546,1.315342773,-0.911693763,-0.244791051,0.275350105,0.181862979
1718187385526749184.000000000,-2.033822754,0.017381792,1.314333008,-0.915875165,-0.231474227,0.268992469,0.187710989
1718187385536749312.000000000,-2.040133423,0.019290733,1.313326782,-0.919809998,-0.218998563,0.261908308,0.193373303
1718187385546749440.000000000,-2.046116821,0.021382483,1.312303101,-0.925579698,-0.198158655,0.251791770,0.201584408
1718187385556749312.000000000,-2.052418701,0.023480970,1.311424316,-0.927315154,-0.188779240,0.249377085,0.205572548
1718187385566749184.000000000,-2.058614746,0.025566252,1.310559692,-0.930057058,-0.174856007,0.245275135,0.210379073
1718187385576749312.000000000,-2.064718018,0.027730968,1.309783081,-0.930826855,-0.161317092,0.249498840,0.212810926
1718187385586749440.000000000,-2.070759033,0.029965313,1.309080933,-0.930492103,-0.150822896,0.255526333,0.214809666
1718187385596749312.000000000,-2.076895752,0.032409389,1.308588501,-0.929896318,-0.144983721,0.258895121,0.217361164
1718187385606749184.000000000,-2.082674316,0.034723404,1.307953979,-0.929534019,-0.130175196,0.265760919,0.219981953
1718187385616749312.000000000,-2.088510986,0.037167007,1.307515625,-0.927309443,-0.118979083,0.277556984,0.221140892
1718187385626749440.000000000,-2.094254639,0.039625450,1.307182129,-0.924819655,-0.108029574,0.289027984,0.222488294
1718187385636749312.000000000,-2.100009277,0.042155212,1.306932495,-0.922162896,-0.095431241,0.300308145,0.224328976
1718187385646749184.000000000,-2.105787109,0.044739384,1.306801514,-0.919993928,-0.082616368,0.308264661,0.227505178
1718187385656749312.000000000,-2.111633301,0.047445896,1.306808716,-0.918102290,-0.073964436,0.313969134,0.230305948
1718187385666749440.000000000,-2.117266113,0.050014313,1.306694946,-0.916872741,-0.054051936,0.317283829,0.236122294
1718187385676749312.000000000,-2.123093262,0.052753281,1.306769775,-0.916462614,-0.040922838,0.315732989,0.242351561
1718187385686749184.000000000,-2.128938721,0.055565880,1.306895020,-0.916895305,-0.028891940,0.310715761,0.248845274
1718187385696749312.000000000,-2.134799561,0.058472332,1.307075439,-0.919084577,-0.021934686,0.299319863,0.255362546
1718187385706749440.000000000,-2.140666748,0.061457958,1.307295776,-0.921228813,-0.020145105,0.288235236,0.260484351
1718187385716749312.000000000,-2.146514160,0.064546669,1.307565674,-0.923823740,-0.025227626,0.275569239,0.264527614
1718187385726749184.000000000,-2.152270752,0.067641380,1.307876953,-0.926008835,-0.032335181,0.264449374,0.267448316
1718187385736749312.000000000,-2.157940918,0.070759583,1.308238892,-0.927494802,-0.042088346,0.255671562,0.269469880
1718187385746749440.000000000,-2.163527100,0.073863571,1.308652710,-0.927848949,-0.051619422,0.251440737,0.270572206
1718187385756749312.000000000,-2.169008789,0.076911156,1.309078613,-0.927563345,-0.057605517,0.250318869,0.271382222
1718187385766749184.000000000,-2.174385010,0.079922173,1.309546997,-0.926049755,-0.059829513,0.255247538,0.271479237
1718187385776749312.000000000,-2.179655762,0.082885834,1.309992554,-0.923472911,-0.058974586,0.264761138,0.271332490
1718187385786749440.000000000,-2.184901123,0.085807175,1.310461426,-0.921040545,-0.052610550,0.273395523,0.272344144
1718187385796749312.000000000,-2.190100586,0.088746193,1.310914063,-0.917949234,-0.045580184,0.283877618,0.273322426
1718187385806749184.000000000,-2.195349609,0.091710030,1.311380127,-0.916350457,-0.040474649,0.287212458,0.275993925
1718187385816749312.000000000,-2.200670410,0.094695160,1.311849976,-0.915900579,-0.032543021,0.285484904,0.280295291
1718187385826749440.000000000,-2.205880615,0.097694740,1.312268066,-0.918239918,-0.038974136,0.271725353,0.285450176
1718187385836749312.000000000,-2.211325928,0.100686447,1.312822510,-0.921798698,-0.040527116,0.252653522,0.291223130
1718187385846749184.000000000,-2.216653076,0.103716110,1.313410278,-0.925243540,-0.048750963,0.231386224,0.296661679
1718187385856749312.000000000,-2.221831299,0.106741371,1.314062622,-0.928771540,-0.056383824,0.205975927,0.302949185
1718187385866749440.000000000,-2.226774658,0.109762161,1.314792725,-0.930618187,-0.063391428,0.187187768,0.308045543
1718187385876749312.000000000,-2.231491211,0.112721458,1.315567505,-0.931007679,-0.072265264,0.175602985,0.311714653
1718187385886749184.000000000,-2.235986816,0.115626755,1.316389038,-0.930557265,-0.079554015,0.169689994,0.314546722
1718187385896749312.000000000,-2.240207764,0.118470909,1.317232422,-0.929097246,-0.084747804,0.172639174,0.315898454
1718187385906749440.000000000,-2.244456055,0.121400208,1.318269897,-0.923713842,-0.091390857,0.198931660,0.314367052
1718187385916749312.000000000,-2.248406738,0.124116699,1.319102295,-0.920963150,-0.087570180,0.213733570,0.313809338
1718187385926749184.000000000,-2.252334961,0.126760262,1.319860718,-0.918173415,-0.080217807,0.228869948,0.313275009
1718187385936749312.000000000,-2.256321533,0.129394272,1.320566895,-0.915141825,-0.070359907,0.244138033,0.312988091
1718187385946749440.000000000,-2.260424805,0.132038971,1.321180054,-0.913035206,-0.056999149,0.252944519,0.314860096
1718187385956749312.000000000,-2.264741455,0.134720795,1.321695557,-0.911521224,-0.044761942,0.257482374,0.317534650
1718187385966749184.000000000,-2.269235596,0.137467819,1.322056030,-0.911246575,-0.032474935,0.254351689,0.322304634
1718187385976749312.000000000,-2.273930908,0.140277527,1.322304199,-0.912428039,-0.021509657,0.243470788,0.328229165
1718187385986749440.000000000,-2.278764404,0.143187836,1.322432007,-0.914215770,-0.010783018,0.227614388,0.335089456
1718187385996749312.000000000,-2.283711670,0.146194412,1.322439087,-0.916483051,-0.005390029,0.208719514,0.341271050
1718187386006749184.000000000,-2.288675537,0.149297348,1.322326416,-0.918438940,-0.001053599,0.189763325,0.347071585
1718187386016749312.000000000,-2.293625000,0.152467850,1.322142090,-0.919598623,-0.000425930,0.175458846,0.351500191
1718187386026749440.000000000,-2.298470703,0.155729507,1.321847168,-0.920538048,-0.000803388,0.162315704,0.355334587
1718187386036749312.000000000,-2.303222656,0.159008179,1.321528320,-0.920821587,-0.004286393,0.154257738,0.358153295
1718187386046749184.000000000,-2.307860596,0.162344894,1.321189575,-0.920343127,-0.008225498,0.151147900,0.360631644
1718187386056749312.000000000,-2.312453369,0.165767136,1.320908936,-0.918722220,-0.017913559,0.156784771,0.362004314
1718187386066749440.000000000,-2.316756592,0.169024506,1.320446899,-0.917603854,-0.019167313,0.159915781,0.363404354
1718187386076749312.000000000,-2.321105469,0.172353897,1.320063843,-0.915696248,-0.025672462,0.167697631,0.364305931
1718187386086749184.000000000,-2.325436279,0.175629517,1.319653076,-0.913680523,-0.028813750,0.176287192,0.365076014
1718187386096749312.000000000,-2.329823486,0.178881607,1.319209961,-0.911894454,-0.032156387,0.182466208,0.366224733
1718187386106749440.000000000,-2.334204590,0.182325989,1.318797974,-0.909143458,-0.038932475,0.192696734,0.367165362
1718187386116749312.000000000,-2.338931152,0.185429749,1.318326294,-0.908342831,-0.038286520,0.192805447,0.369152412
1718187386126749184.000000000,-2.343739990,0.188599579,1.317797363,-0.907420743,-0.036330113,0.192651827,0.371689375
1718187386136749312.000000000,-2.348576660,0.191778198,1.317216797,-0.907333105,-0.033018446,0.186367887,0.375397694
1718187386146749440.000000000,-2.353506592,0.194959381,1.316580200,-0.907278857,-0.026216632,0.178529650,0.379848560
1718187386156749312.000000000,-2.358594971,0.198150665,1.316044434,-0.905887647,-0.020907349,0.178293698,0.383590682
1718187386166749184.000000000,-2.363583984,0.201312988,1.315310913,-0.906884120,-0.012898591,0.160005490,0.389606291
1718187386176749312.000000000,-2.368589600,0.204550049,1.314714844,-0.905133747,-0.004627909,0.159252802,0.394144680
1718187386186749440.000000000,-2.373581055,0.207710190,1.314008301,-0.905256442,0.003210414,0.144822049,0.399408364
1718187386196749312.000000000,-2.378491699,0.210914917,1.313362915,-0.904380743,0.008904504,0.137086671,0.404009190
1718187386206749184.000000000,-2.383322021,0.214122437,1.312737549,-0.903018457,0.015061422,0.133099823,0.408185321
1718187386216749312.000000000,-2.388056396,0.217330978,1.312127808,-0.901310840,0.019502808,0.132353321,0.411996369
1718187386226749440.000000000,-2.392804688,0.220563248,1.311586670,-0.899386647,0.021625054,0.134894835,0.415258234
1718187386236749312.000000000,-2.397453369,0.223733612,1.311119385,-0.896716692,0.023943498,0.144627089,0.417622901
1718187386246749184.000000000,-2.402017822,0.226904144,1.310550537,-0.894563708,0.028523629,0.148839790,0.420462711
1718187386256749312.000000000,-2.406491211,0.230035019,1.309947144,-0.892460101,0.033949942,0.151589629,0.423536249
1718187386266749440.000000000,-2.411021729,0.233210373,1.309476807,-0.889813529,0.038525566,0.158018104,0.426354246
1718187386276749312.000000000,-2.415510986,0.236441910,1.308995117,-0.887099650,0.043506534,0.162707494,0.429753027
1718187386286749184.000000000,-2.419850830,0.239547943,1.308441772,-0.884232211,0.050779670,0.166612668,0.433353252
1718187386296749312.000000000,-2.424173096,0.242710220,1.307931396,-0.881025567,0.059017996,0.169485013,0.437704988
1718187386306749440.000000000,-2.428515381,0.246033051,1.307589966,-0.879876038,0.054883074,0.168004851,0.441112656
1718187386316749312.000000000,-2.432832275,0.249208542,1.307102661,-0.876749963,0.062021007,0.168076992,0.446332860
1718187386326749184.000000000,-2.437125977,0.252477402,1.306678101,-0.874408731,0.065518594,0.165092928,0.451509701
1718187386336749312.000000000,-2.441363525,0.255795395,1.306252686,-0.872452354,0.067319590,0.160610727,0.456617079
1718187386346749440.000000000,-2.445542969,0.259164276,1.305798950,-0.871691000,0.066626828,0.148845542,0.462126250
1718187386356749312.000000000,-2.449800049,0.262601227,1.305493042,-0.870332452,0.061188342,0.144060173,0.466930484
1718187386366749184.000000000,-2.453821045,0.265920685,1.304914185,-0.867566080,0.070226122,0.137195520,0.472836947
1718187386376749312.000000000,-2.457937988,0.269488831,1.304619873,-0.867931826,0.058709299,0.125643462,0.476929014
1718187386386749440.000000000,-2.461959229,0.273102448,1.304429810,-0.868138786,0.045609681,0.115321657,0.480578527
1718187386396749312.000000000,-2.465885010,0.276687683,1.304300537,-0.868243716,0.030926094,0.104474015,0.484026452
1718187386406749184.000000000,-2.469645752,0.280276611,1.304240234,-0.867892065,0.014832890,0.096531533,0.487057503
1718187386416749312.000000000,-2.473251465,0.283861389,1.304252930,-0.866889368,0.000546217,0.094708145,0.489420977
1718187386426749440.000000000,-2.476667725,0.287368896,1.304344849,-0.865032013,-0.004815321,0.096055763,0.492412144
1718187386436749312.000000000,-2.479868164,0.290763306,1.304324219,-0.863867420,-0.009750433,0.094168960,0.494742576
1718187386446749184.000000000,-2.482914795,0.294175171,1.304347534,-0.862078675,-0.008446114,0.097022373,0.497328544
1718187386456749312.000000000,-2.485887207,0.297634064,1.304426880,-0.859758911,-0.006123116,0.105373844,0.499673369
1718187386466749440.000000000,-2.488764404,0.301156250,1.304439941,-0.857331347,-0.001611122,0.111453817,0.502551900
1718187386476749312.000000000,-2.491548340,0.304792297,1.304423950,-0.854796372,0.001737742,0.116408132,0.505736383
1718187386486749184.000000000,-2.494298096,0.308661774,1.304424316,-0.852878177,0.001981247,0.118654312,0.508444730
1718187386496749312.000000000,-2.497111816,0.312556488,1.304324219,-0.849746446,0.001605599,0.122566973,0.512743344
1718187386506749440.000000000,-2.499895020,0.316662598,1.304225220,-0.846812575,-0.002855191,0.125378697,0.516895051
1718187386516749312.000000000,-2.502596436,0.320842041,1.303991821,-0.844741654,-0.007125720,0.119156687,0.521691906
1718187386526749184.000000000,-2.505388916,0.325269348,1.304114990,-0.841966623,-0.025210717,0.123008476,0.524714723
1718187386536749312.000000000,-2.508157959,0.329569977,1.304140503,-0.839243837,-0.037657997,0.121495949,0.528668508
1718187386546749440.000000000,-2.510707764,0.333855042,1.304095459,-0.836984153,-0.047209578,0.119395552,0.531952522
1718187386556749312.000000000,-2.513243408,0.338183960,1.304198730,-0.834034906,-0.057765716,0.123906638,0.534505418
1718187386566749184.000000000,-2.515682861,0.342428467,1.304336060,-0.831450374,-0.066397764,0.129548796,0.536189073
1718187386576749312.000000000,-2.518052002,0.346668457,1.304522339,-0.828669515,-0.072109686,0.140086121,0.537106049
1718187386586749440.000000000,-2.520335205,0.350828094,1.304665771,-0.826211597,-0.075292416,0.149915795,0.537801732
1718187386596749312.000000000,-2.522515381,0.354958893,1.304800781,-0.824051333,-0.075150509,0.157664709,0.538918955
1718187386606749184.000000000,-2.524800293,0.359073792,1.304949463,-0.822235390,-0.071951827,0.165761923,0.539698881
1718187386616749312.000000000,-2.527203613,0.363200623,1.305088379,-0.820800568,-0.065498448,0.172061861,0.540732001
1718187386626749440.000000000,-2.529523682,0.367416626,1.305066284,-0.819257104,-0.058347719,0.173077249,0.543560123
1718187386636749312.000000000,-2.532126953,0.371726440,1.305217041,-0.817685912,-0.048956541,0.175474849,0.546078368
1718187386646749184.000000000,-2.534688965,0.376062073,1.305082642,-0.816772706,-0.041590019,0.168085649,0.550363363
1718187386656749312.000000000,-2.537453369,0.380574615,1.305137695,-0.815296433,-0.032747511,0.165280178,0.553987174
1718187386666749440.000000000,-2.540153809,0.385149109,1.304942871,-0.814359569,-0.026386475,0.154220051,0.558872456
1718187386676749312.000000000,-2.542905518,0.389867889,1.304805542,-0.813039596,-0.020576019,0.146261987,0.563161321
1718187386686749184.000000000,-2.545599609,0.394632690,1.304630127,-0.811656949,-0.014203921,0.138526988,0.567293151
1718187386696749312.000000000,-2.548260498,0.399483795,1.304428345,-0.810127108,-0.007988527,0.133319918,0.570838026
1718187386706749440.000000000,-2.550890381,0.404456268,1.304294800,-0.808063370,-0.001200701,0.133806911,0.573696661
1718187386716749312.000000000,-2.553360840,0.409420807,1.304043091,-0.806666767,0.001911018,0.129412996,0.576660516
1718187386726749184.000000000,-2.555719238,0.414428589,1.303719727,-0.804990941,0.008822799,0.128150159,0.579214365
1718187386736749312.000000000,-2.558044678,0.419568665,1.303457520,-0.803215736,0.012480884,0.130559179,0.581070573
1718187386746749440.000000000,-2.560315430,0.424816681,1.303167969,-0.801475163,0.016492558,0.133320832,0.582744467
1718187386756749312.000000000,-2.562520752,0.430155029,1.302882568,-0.799598977,0.018982703,0.138445729,0.584049581
1718187386766749184.000000000,-2.564772705,0.435633331,1.302582031,-0.797972201,0.020224059,0.143478757,0.585017264
1718187386776749312.000000000,-2.566981689,0.441207062,1.302267212,-0.796449619,0.021238818,0.149026783,0.585668793
1718187386786749440.000000000,-2.569278564,0.446906097,1.301951782,-0.795036430,0.022012251,0.153666988,0.586360804
1718187386796749312.000000000,-2.571582031,0.452715424,1.301613525,-0.793601908,0.022835035,0.158181937,0.587071586
1718187386806749184.000000000,-2.573961914,0.458639404,1.301253296,-0.792305516,0.024445721,0.160702264,0.588072409
1718187386816749312.000000000,-2.576380371,0.464656677,1.300881836,-0.791173119,0.026169616,0.161301661,0.589357294
1718187386826749440.000000000,-2.578845215,0.470787079,1.300514893,-0.789959770,0.027995255,0.161700137,0.590790059
1718187386836749312.000000000,-2.581334473,0.477009399,1.300131714,-0.788769064,0.031343614,0.160228647,0.592610937
1718187386846749184.000000000,-2.583788818,0.483304047,1.299765015,-0.787480111,0.033683613,0.157723074,0.594864624
1718187386856749312.000000000,-2.586247070,0.489672028,1.299447510,-0.786027293,0.037738267,0.155117828,0.597223055
1718187386866749440.000000000,-2.588608398,0.496055573,1.299136597,-0.784237657,0.043199954,0.152912948,0.599768866
1718187386876749312.000000000,-2.590919189,0.502474976,1.298856201,-0.782589855,0.047480831,0.150300172,0.602252893
1718187386886749184.000000000,-2.593209473,0.508909760,1.298671021,-0.780729306,0.053719566,0.148976341,0.604468369
1718187386896749312.000000000,-2.595402344,0.515358826,1.298512329,-0.778758877,0.060401758,0.147547772,0.606725550
1718187386906749440.000000000,-2.597585693,0.521824158,1.298408325,-0.776704804,0.067276954,0.146744000,0.608826459
1718187386916749312.000000000,-2.599709229,0.528353149,1.298368408,-0.774885280,0.073411090,0.145185555,0.610806655
1718187386926749184.000000000,-2.601789551,0.534921692,1.298376343,-0.772968697,0.079742248,0.143954018,0.612729800
1718187386936749312.000000000,-2.603824951,0.541546021,1.298442261,-0.771279218,0.083394482,0.142669465,0.614669954
1718187386946749440.000000000,-2.605789307,0.548245239,1.298555908,-0.769672669,0.086476366,0.140811034,0.616683123
1718187386956749312.000000000,-2.607708008,0.555023560,1.298749268,-0.768275383,0.087959115,0.138361960,0.618766594
1718187386966749184.000000000,-2.609552490,0.561862671,1.298967041,-0.767271725,0.086967600,0.134034577,0.621100208
1718187386976749312.000000000,-2.611529541,0.568774353,1.299460938,-0.766205531,0.086147103,0.134808146,0.622362053
1718187386986749440.000000000,-2.613215088,0.575716980,1.299812988,-0.765767380,0.080330025,0.131335057,0.624418537
1718187386996749312.000000000,-2.614816895,0.582653137,1.300269897,-0.765456200,0.073890050,0.129016498,0.626076521
1718187387006749184.000000000,-2.616325684,0.589558960,1.300849243,-0.765320859,0.066543579,0.127132292,0.627449851
1718187387016749312.000000000,-2.617725830,0.596398682,1.301536255,-0.765238210,0.059247314,0.125510981,0.628607375
1718187387026749440.000000000,-2.619049316,0.603128479,1.302355225,-0.764850661,0.053691217,0.126061669,0.629467375
1718187387036749312.000000000,-2.620267334,0.609733093,1.303260132,-0.764372043,0.050473439,0.126501042,0.630226387
1718187387046749184.000000000,-2.621414307,0.616213013,1.304237671,-0.763612249,0.050713473,0.128027122,0.630819731
1718187387056749312.000000000,-2.622503174,0.622573364,1.305265991,-0.762629967,0.054388134,0.129839044,0.631331360
1718187387066749440.000000000,-2.623568848,0.628844421,1.306300537,-0.761497290,0.059885064,0.131421473,0.631873447
1718187387076749312.000000000,-2.624615723,0.635077454,1.307301880,-0.760015521,0.068378402,0.131826883,0.632710419
1718187387086749184.000000000,-2.625670654,0.641290039,1.308268799,-0.758185379,0.077986633,0.131237701,0.633916147
1718187387096749312.000000000,-2.626786621,0.647542053,1.309150391,-0.756057557,0.088433186,0.128736889,0.635596850
1718187387106749440.000000000,-2.627913086,0.653858521,1.309959595,-0.753862392,0.097651270,0.124954357,0.637606565
1718187387116749312.000000000,-2.629076660,0.660279419,1.310675293,-0.751782561,0.105241393,0.119389326,0.639916728
1718187387126749184.000000000,-2.630270752,0.666821533,1.311328857,-0.749769479,0.110938902,0.112526207,0.642554388
1718187387136749312.000000000,-2.631462891,0.673463867,1.311880737,-0.748315876,0.112390935,0.104083645,0.645413218
1718187387146749440.000000000,-2.632630615,0.680173828,1.312375366,-0.747176441,0.111143697,0.095891024,0.648212431
1718187387156749312.000000000,-2.633754395,0.686932373,1.312876587,-0.746495702,0.106158518,0.089217545,0.650780120
1718187387166749184.000000000,-2.634796143,0.693631348,1.313382690,-0.746308250,0.098121314,0.083433590,0.653019938
1718187387176749312.000000000,-2.635734131,0.700263733,1.313949219,-0.746190852,0.088732496,0.079435616,0.654992931
1718187387186749440.000000000,-2.636549316,0.706757507,1.314550415,-0.745882421,0.079202832,0.077311505,0.656817522
1718187387196749312.000000000,-2.637238770,0.713043518,1.315203857,-0.745495779,0.069723475,0.078997078,0.658129275
1718187387206749184.000000000,-2.637822510,0.719118774,1.315878662,-0.744835371,0.062525821,0.081310107,0.659317418
1718187387216749312.000000000,-2.638310059,0.725007507,1.316575806,-0.743858416,0.058357806,0.085641856,0.660253357
1718187387226749440.000000000,-2.638738037,0.730666687,1.317263672,-0.742818070,0.055977685,0.091150195,0.660892923
1718187387236749312.000000000,-2.639120117,0.736155457,1.317927734,-0.741411591,0.057419700,0.096978441,0.661518717
1718187387246749184.000000000,-2.639405518,0.741497925,1.318401123,-0.740070880,0.056506652,0.100202177,0.662617245
1718187387256749312.000000000,-2.639970947,0.746838989,1.319082031,-0.738183525,0.066820937,0.103859178,0.663199305
1718187387266749440.000000000,-2.640501465,0.752154968,1.319560669,-0.736510502,0.071909199,0.104146948,0.664480820
1718187387276749312.000000000,-2.641128418,0.757543579,1.319923706,-0.734714618,0.077700134,0.101524361,0.666220626
1718187387286749184.000000000,-2.641823730,0.763009888,1.320178711,-0.733027937,0.082373870,0.096037034,0.668327373
1718187387296749312.000000000,-2.642616943,0.768655518,1.320338745,-0.731402984,0.086208152,0.087564315,0.670783363
1718187387306749440.000000000,-2.643446777,0.774413391,1.320371338,-0.729794593,0.088254135,0.078505553,0.673385430
1718187387316749312.000000000,-2.644291016,0.780322937,1.320315063,-0.728322503,0.088860548,0.067243625,0.676112734
1718187387326749184.000000000,-2.645090820,0.786314514,1.320143555,-0.726853676,0.088651412,0.057066733,0.678651641
1718187387336749312.000000000,-2.645695313,0.792328430,1.319733154,-0.726056603,0.083488761,0.041924433,0.681258965
1718187387346749440.000000000,-2.646377197,0.798473328,1.319478760,-0.724614769,0.082725376,0.035014728,0.683274408
1718187387356749312.000000000,-2.646937988,0.804611511,1.319125610,-0.723108662,0.081821740,0.031056250,0.685167552
1718187387366749184.000000000,-2.647419678,0.810772278,1.318736694,-0.721656740,0.081493490,0.028490543,0.686846890
1718187387376749312.000000000,-2.647794434,0.816929871,1.318300293,-0.720287128,0.080620676,0.028020485,0.688405122
1718187387386749440.000000000,-2.648096191,0.823105957,1.317838989,-0.718845872,0.080670865,0.029225060,0.689854130
1718187387396749312.000000000,-2.648296143,0.829295654,1.317333862,-0.717459758,0.080813653,0.031313540,0.691187464
1718187387406749184.000000000,-2.648480225,0.835493896,1.316796509,-0.716042594,0.080222413,0.034139437,0.692590692
1718187387416749312.000000000,-2.648607178,0.841731018,1.316246460,-0.714663654,0.079095425,0.037459658,0.693971577
1718187387426749440.000000000,-2.648737793,0.848020691,1.315702759,-0.713026033,0.078264453,0.040606429,0.695571470
1718187387436749312.000000000,-2.648856201,0.854328247,1.315134277,-0.711252431,0.077276296,0.043626801,0.697312739
1718187387446749184.000000000,-2.649022461,0.860673523,1.314579590,-0.709472869,0.075712230,0.045724244,0.699160354
1718187387456749312.000000000,-2.649178223,0.867041626,1.314001099,-0.707506055,0.074392568,0.046858427,0.701216953
1718187387466749440.000000000,-2.649398926,0.873434998,1.313453979,-0.705437110,0.073026868,0.046478964,0.703466607
1718187387476749312.000000000,-2.649653809,0.879819458,1.312945801,-0.703375594,0.072235160,0.045819396,0.705652492
1718187387486749184.000000000,-2.649933838,0.886202515,1.312443115,-0.701155099,0.072703526,0.043887338,0.707933348
1718187387496749312.000000000,-2.650220215,0.892568359,1.311967651,-0.698809417,0.072861374,0.039883066,0.710468831
1718187387506749440.000000000,-2.650527344,0.898891479,1.311565308,-0.696396229,0.073508055,0.036132464,0.712967954
1718187387516749312.000000000,-2.650813232,0.905176636,1.311211792,-0.693914254,0.074888039,0.031909598,0.715441519
1718187387526749184.000000000,-2.651060059,0.911389221,1.310910645,-0.691179852,0.076592938,0.027300684,0.718093731
1718187387536749312.000000000,-2.651243164,0.917549927,1.310666138,-0.688253310,0.079143146,0.023687266,0.720751453
1718187387546749440.000000000,-2.651368164,0.923657471,1.310459839,-0.685196553,0.080989853,0.020371958,0.723554635
1718187387556749312.000000000,-2.651446289,0.929676208,1.310303589,-0.681960005,0.084299333,0.018322186,0.726284016
1718187387566749184.000000000,-2.651514404,0.935657227,1.310195801,-0.678667147,0.087581674,0.016628065,0.729015679
1718187387576749312.000000000,-2.651554932,0.941600159,1.310137695,-0.675266688,0.091055097,0.015320799,0.731771236
1718187387586749440.000000000,-2.651604248,0.947515686,1.310080444,-0.672035420,0.094285143,0.014509673,0.734348811
1718187387596749312.000000000,-2.651593750,0.953533203,1.310104980,-0.667533234,0.098011398,0.013840056,0.737971274
1718187387606749184.000000000,-2.651630615,0.959472351,1.310096680,-0.664094302,0.100202061,0.011494024,0.740814547
1718187387616749312.000000000,-2.651677002,0.965453735,1.310143555,-0.660621794,0.100053604,0.009860598,0.743956242
1718187387626749440.000000000,-2.651736572,0.971478271,1.310177246,-0.657204221,0.098738257,0.007138944,0.747182979
1718187387636749312.000000000,-2.651835938,0.977534363,1.310240723,-0.653979901,0.095730802,0.004447693,0.750417297
1718187387646749184.000000000,-2.651934326,0.983654114,1.310320557,-0.650908941,0.090989799,0.001382046,0.753681960
1718187387656749312.000000000,-2.652034668,0.989815735,1.310433105,-0.647984431,0.084854965,-0.002174319,0.756908901
1718187387666749440.000000000,-2.652148438,0.995986572,1.310587158,-0.645522123,0.077145725,-0.005265504,0.759817083
1718187387676749312.000000000,-2.652436279,1.002097107,1.310904663,-0.643472243,0.070998185,-0.007803036,0.762129807
1718187387686749184.000000000,-2.652553711,1.008177429,1.311139526,-0.641455221,0.062538033,-0.012358153,0.764507338
1718187387696749312.000000000,-2.652639648,1.014198303,1.311487671,-0.639457940,0.055136958,-0.015304461,0.766693701
1718187387706749440.000000000,-2.652675293,1.020065674,1.311875122,-0.637230864,0.049806007,-0.019375867,0.768817770
1718187387716749312.000000000,-2.652594971,1.025797729,1.312282837,-0.635004387,0.046636515,-0.023367792,0.770745360
1718187387726749184.000000000,-2.652388672,1.031383423,1.312714966,-0.632029037,0.047332641,-0.026392209,0.773047456
1718187387736749312.000000000,-2.652075195,1.036702637,1.313113281,-0.629379835,0.049221454,-0.030650370,0.774931498
1718187387746749440.000000000,-2.651423584,1.041935059,1.313314087,-0.625466430,0.050858363,-0.032785769,0.777901192
1718187387756749312.000000000,-2.650866699,1.047067749,1.313739868,-0.621536788,0.060419541,-0.035988697,0.780221964
1718187387766749184.000000000,-2.650052490,1.052216553,1.314098022,-0.616400254,0.068847692,-0.034730508,0.783648208
1718187387776749312.000000000,-2.649062988,1.057220703,1.314147217,-0.611974296,0.074178731,-0.037113472,0.786516094
1718187387786749440.000000000,-2.647858887,1.062362549,1.314255493,-0.606440417,0.078108619,-0.036105702,0.790459008
1718187387796749312.000000000,-2.646682129,1.067558838,1.314378296,-0.601718100,0.083532722,-0.031416320,0.793706890
1718187387806749184.000000000,-2.645486084,1.072978027,1.314491577,-0.597320749,0.083960417,-0.027510062,0.797120924
1718187387816749312.000000000,-2.644290527,1.078503418,1.314411743,-0.593915084,0.081528043,-0.024389184,0.800014511
1718187387826749440.000000000,-2.643016357,1.084061157,1.314270264,-0.590736814,0.077299800,-0.021076988,0.802876403
1718187387836749312.000000000,-2.641776611,1.089801514,1.314235474,-0.587561523,0.072901113,-0.015777072,0.805734428
1718187387846749184.000000000,-2.640234619,1.095293335,1.314132080,-0.585978608,0.064867777,-0.010865393,0.807652887
1718187387856749312.000000000,-2.638769287,1.100795410,1.314000244,-0.583841298,0.058301154,-0.006220175,0.809747877
1718187387866749440.000000000,-2.637577637,1.106369507,1.314025391,-0.581950120,0.053937938,-0.001778760,0.811431817
1718187387876749312.000000000,-2.636179932,1.111769531,1.314038452,-0.579329561,0.050577673,0.002046007,0.813520112
1718187387886749184.000000000,-2.634907471,1.117065674,1.314241943,-0.577272860,0.049788666,0.006717346,0.815004301
1718187387896749312.000000000,-2.633438965,1.122317017,1.314271606,-0.575061369,0.047873727,0.008905331,0.816659797
1718187387906749440.000000000,-2.631862549,1.127240479,1.314319946,-0.570846434,0.045698887,0.011909044,0.819697587
1718187387916749312.000000000,-2.630478271,1.132297485,1.314510498,-0.568396103,0.046359588,0.011918886,0.821361430
1718187387926749184.000000000,-2.629078369,1.137392334,1.314732056,-0.565232249,0.050202870,0.011474278,0.823322851
1718187387936749312.000000000,-2.627681396,1.142472290,1.314907349,-0.562578066,0.052138322,0.009355455,0.825045448
1718187387946749440.000000000,-2.626362793,1.147552979,1.315230225,-0.559741523,0.054228552,0.009039672,0.826841566
1718187387956749312.000000000,-2.624848145,1.152834106,1.315188477,-0.556739059,0.057883084,0.000593127,0.828668098
1718187387966749184.000000000,-2.623401367,1.158125488,1.315256226,-0.553918658,0.060387402,-0.003696124,0.830369689
1718187387976749312.000000000,-2.621822754,1.163522339,1.315229126,-0.550724625,0.061639936,-0.009051809,0.832358679
1718187387986749440.000000000,-2.620164307,1.169003662,1.315117554,-0.547787520,0.063472206,-0.012648200,0.834110386
1718187387996749312.000000000,-2.618413086,1.174548584,1.314934448,-0.544753397,0.064634530,-0.016624452,0.835936446
1718187388006749184.000000000,-2.616451660,1.180186646,1.314658203,-0.541463538,0.065269241,-0.018642332,0.837979491
1718187388016749312.000000000,-2.614270264,1.185776978,1.314283569,-0.538335927,0.066099413,-0.018549760,0.839929285
1718187388026749440.000000000,-2.612148926,1.191505127,1.313856689,-0.535528878,0.066747845,-0.019049391,0.841659472
1718187388036749312.000000000,-2.609847168,1.197200562,1.313587524,-0.532502451,0.070275984,-0.014371270,0.843383598
1718187388046749184.000000000,-2.607387939,1.202952148,1.312946167,-0.529770073,0.070330991,-0.012299116,0.845130732
1718187388056749312.000000000,-2.604893555,1.208741455,1.312280396,-0.527206459,0.071314495,-0.009852631,0.846682065
1718187388066749440.000000000,-2.602335693,1.214456421,1.311802734,-0.524650009,0.075193365,-0.004071572,0.847980983
1718187388076749312.000000000,-2.599823730,1.220307739,1.311189331,-0.522358315,0.077311833,0.000020971,0.849214149
1718187388086749184.000000000,-2.597295898,1.226227783,1.310498779,-0.519728760,0.079947414,0.002376629,0.850579084
1718187388096749312.000000000,-2.594554199,1.231997925,1.309817017,-0.518396953,0.082934204,0.005447723,0.851091558
1718187388106749440.000000000,-2.591898926,1.237968018,1.309202881,-0.517171593,0.083134308,0.009997013,0.851775962
1718187388116749312.000000000,-2.589231689,1.244018921,1.308312988,-0.513960554,0.086481202,0.007706289,0.853408556
1718187388126749184.000000000,-2.586805908,1.250261963,1.307630127,-0.512138095,0.088372221,0.006837299,0.854317373
1718187388136749312.000000000,-2.584086670,1.256529175,1.306841431,-0.510281928,0.086682327,0.007182385,0.855597418
1718187388146749440.000000000,-2.581611084,1.262963379,1.306289429,-0.507721796,0.088705754,0.007576541,0.856908667
1718187388156749312.000000000,-2.578884521,1.269467896,1.305508179,-0.505497667,0.089719296,0.003975672,0.858141451
1718187388166749184.000000000,-2.576215576,1.276069580,1.304834473,-0.503364088,0.089563294,0.002248056,0.859417220
1718187388176749312.000000000,-2.573522705,1.282746094,1.304227905,-0.501579349,0.088536232,0.001133897,0.860568537
1718187388186749440.000000000,-2.570737793,1.289418213,1.303640137,-0.499708875,0.087461245,-0.000033790,0.861766540
1718187388196749312.000000000,-2.567959961,1.296098267,1.303153564,-0.498170267,0.087849580,-0.000804049,0.862617059
1718187388206749184.000000000,-2.564831543,1.302414185,1.302599243,-0.496470490,0.088554168,-0.001422192,0.863523705
1718187388216749312.000000000,-2.561888672,1.308950562,1.302164185,-0.494889806,0.089401263,-0.001690770,0.864342892
1718187388226749440.000000000,-2.558919922,1.315469971,1.301836060,-0.493368884,0.090960561,-0.001229930,0.865050176
1718187388236749312.000000000,-2.555787598,1.321899414,1.301549805,-0.491483101,0.091772624,-0.000971552,0.866037645
1718187388246749184.000000000,-2.552614258,1.328326538,1.301327637,-0.489359629,0.093482713,0.000202381,0.867057146
1718187388256749312.000000000,-2.549511230,1.334810181,1.301255249,-0.487456126,0.092526776,0.003858016,0.868222573
1718187388266749440.000000000,-2.545986816,1.341184937,1.301067017,-0.485386165,0.092989404,0.005788466,0.869321422
1718187388276749312.000000000,-2.542568359,1.347640747,1.301033813,-0.483217082,0.092055928,0.009985470,0.870590172
1718187388286749184.000000000,-2.539138916,1.354159668,1.301085205,-0.481381528,0.090223349,0.015622897,0.871715261
1718187388296749312.000000000,-2.535607666,1.360615601,1.301180664,-0.479536659,0.086993587,0.021554046,0.872933063
1718187388306749440.000000000,-2.532109619,1.367107788,1.301416260,-0.477860343,0.084293550,0.028363949,0.873921951
1718187388316749312.000000000,-2.528774902,1.373556519,1.301842407,-0.476991190,0.080081988,0.036805374,0.874477927
1718187388326749184.000000000,-2.525298584,1.379919189,1.302157227,-0.475432106,0.078196662,0.040732113,0.875323077
1718187388336749312.000000000,-2.521961670,1.386142944,1.302680176,-0.474315718,0.077181202,0.046640082,0.875723909
1718187388346749440.000000000,-2.518530273,1.392232178,1.303250488,-0.472871086,0.076770963,0.051849341,0.876248139
1718187388356749312.000000000,-2.515507568,1.398333618,1.303945435,-0.471903245,0.078330284,0.053808283,0.876513755
1718187388366749184.000000000,-2.512447998,1.404316406,1.304693359,-0.470924522,0.080356405,0.054716590,0.876800455
1718187388376749312.000000000,-2.509393311,1.410182373,1.305415649,-0.469410350,0.083430343,0.055040302,0.877304888
1718187388386749440.000000000,-2.506554443,1.416076782,1.306326416,-0.468345013,0.088634061,0.053858831,0.877437279
1718187388396749312.000000000,-2.503472168,1.421941528,1.306931519,-0.466424458,0.090466608,0.049787778,0.878513059
1718187388406749184.000000000,-2.500624268,1.427892456,1.307670532,-0.465048984,0.093116556,0.045941299,0.879174696
1718187388416749312.000000000,-2.497647461,1.433782349,1.308498291,-0.462629408,0.094596244,0.044547443,0.880364190
1718187388426749440.000000000,-2.494793213,1.439893066,1.309064819,-0.461709851,0.096631427,0.035849701,0.881022803
1718187388436749312.000000000,-2.491965332,1.446018311,1.309761230,-0.460208108,0.097803776,0.031129501,0.881858193
1718187388446749184.000000000,-2.489112793,1.452198364,1.310413696,-0.458958074,0.096996955,0.026741368,0.882742305
1718187388456749312.000000000,-2.485878418,1.458076538,1.310836060,-0.458286793,0.090059268,0.022803863,0.883935816
1718187388466749440.000000000,-2.483095215,1.464282104,1.311492310,-0.456489476,0.089867050,0.018082170,0.884993958
1718187388476749312.000000000,-2.479965820,1.470227417,1.312182251,-0.455074196,0.086342502,0.019075926,0.886052232
1718187388486749184.000000000,-2.477031006,1.476240479,1.312756104,-0.453795024,0.085424612,0.015986953,0.886858010
1718187388496749312.000000000,-2.473902832,1.482027466,1.313311890,-0.452269353,0.081246558,0.015346314,0.888040495
1718187388506749440.000000000,-2.470796387,1.487619507,1.313947021,-0.450412226,0.079514419,0.016144375,0.889126337
1718187388516749312.000000000,-2.467642090,1.493014038,1.314569214,-0.448392896,0.078023121,0.017849226,0.890245813
1718187388526749184.000000000,-2.464514160,1.498231445,1.315242798,-0.446427052,0.078912932,0.020757883,0.891091884
1718187388536749312.000000000,-2.461401123,1.503287842,1.315806396,-0.444311580,0.078786484,0.022678837,0.892112986
1718187388546749440.000000000,-2.458125732,1.508117920,1.316345703,-0.442929363,0.079518298,0.026085692,0.892642121
1718187388556749312.000000000,-2.455296631,1.513021240,1.316931641,-0.440251747,0.082284116,0.027337023,0.893678024
1718187388566749184.000000000,-2.452076416,1.517756714,1.317274170,-0.437535907,0.082962581,0.028516642,0.894911360
1718187388576749312.000000000,-2.449312256,1.522632935,1.317753052,-0.436014491,0.085961674,0.029436144,0.895340979
1718187388586749440.000000000,-2.446470215,1.527507202,1.318082886,-0.434494920,0.087758235,0.029834812,0.895892036
1718187388596749312.000000000,-2.443649902,1.532432739,1.318299072,-0.433063940,0.087766272,0.029665326,0.896589468
1718187388606749184.000000000,-2.440886719,1.537468506,1.318457153,-0.431705819,0.087500625,0.028247668,0.897315884
1718187388616749312.000000000,-2.438150146,1.542539795,1.318518433,-0.430075206,0.086719486,0.026288558,0.898233800
1718187388626749440.000000000,-2.435400635,1.547685669,1.318487915,-0.428351432,0.085428100,0.023326629,0.899262453
1718187388636749312.000000000,-2.432669434,1.552844971,1.318400757,-0.426534627,0.083545481,0.020828164,0.900363567
1718187388646749184.000000000,-2.429883545,1.558000000,1.318204956,-0.424420747,0.081551117,0.017688935,0.901611639
1718187388656749312.000000000,-2.427113037,1.563173950,1.317942871,-0.422001123,0.080073867,0.014585216,0.902934383
1718187388666749440.000000000,-2.424275879,1.568303955,1.317680420,-0.419662981,0.078999750,0.011841178,0.904158066
1718187388676749312.000000000,-2.421421631,1.573458740,1.317308716,-0.416997946,0.078581205,0.009552018,0.905453735
1718187388686749184.000000000,-2.418739502,1.578682983,1.316848877,-0.416026516,0.075229135,0.006958000,0.906208641
1718187388696749312.000000000,-2.415687500,1.583735962,1.316433350,-0.412310595,0.076832056,0.005296407,0.907782329
1718187388706749440.000000000,-2.412795654,1.588912964,1.315968872,-0.410278647,0.076460340,0.004947059,0.908735811
1718187388716749312.000000000,-2.410142334,1.594208496,1.315461060,-0.410051833,0.074974844,0.004460506,0.908964450
1718187388726749184.000000000,-2.407093018,1.599342163,1.315006226,-0.407145003,0.077381126,0.005391215,0.910063757
1718187388736749312.000000000,-2.404133789,1.604531128,1.314411133,-0.404766391,0.076292986,0.006787451,0.911206606
1718187388746749440.000000000,-2.401221680,1.609982788,1.313824219,-0.403499847,0.073102694,0.004707389,0.912042603
1718187388756749312.000000000,-2.398507813,1.615384033,1.313487549,-0.402599935,0.075458977,0.004575482,0.912249034
1718187388766749184.000000000,-2.395619629,1.620702515,1.313006714,-0.400696667,0.074683549,0.004967011,0.913148332
1718187388776749312.000000000,-2.392642334,1.626045166,1.312465088,-0.398335509,0.070919378,0.004288279,0.914483939
1718187388786749440.000000000,-2.389835938,1.631307983,1.312180420,-0.395563698,0.072926957,0.005084688,0.915524530
1718187388796749312.000000000,-2.386655762,1.636482300,1.311640259,-0.393531950,0.073595603,0.004178551,0.916350823
1718187388806749184.000000000,-2.384129883,1.641724976,1.311530273,-0.389615798,0.071882456,0.004473982,0.918157081
1718187388816749312.000000000,-2.381364014,1.646863281,1.311234741,-0.386479776,0.070741567,0.002673472,0.919577004
1718187388826749440.000000000,-2.378605957,1.652134277,1.311220581,-0.383410033,0.065589438,0.003742920,0.921238711
1718187388836749312.000000000,-2.375924316,1.657152710,1.311080688,-0.379503044,0.065909322,0.001488901,0.922838656
1718187388846749184.000000000,-2.373359375,1.662138672,1.311094604,-0.376347668,0.067342055,-0.001268568,0.924026986
1718187388856749312.000000000,-2.370755127,1.666995728,1.311165649,-0.373030955,0.068059157,-0.004116311,0.925310172
1718187388866749440.000000000,-2.368158936,1.671809692,1.311228882,-0.369478411,0.070767770,-0.006050163,0.926520924
1718187388876749312.000000000,-2.365621094,1.676566650,1.311348389,-0.365477541,0.069241322,-0.014116460,0.928133897
1718187388886749184.000000000,-2.362865479,1.680997437,1.311820313,-0.361617065,0.075172402,-0.014519773,0.929177800
1718187388896749312.000000000,-2.360539795,1.685909058,1.312052124,-0.357369604,0.074326818,-0.020496812,0.930775145
1718187388906749440.000000000,-2.357983887,1.690642212,1.312460205,-0.352203388,0.075136557,-0.024444307,0.932582301
1718187388916749312.000000000,-2.355274170,1.695355225,1.312770142,-0.347078746,0.073005566,-0.028416654,0.934558198
1718187388926749184.000000000,-2.352551758,1.700028564,1.313174438,-0.341932680,0.071347068,-0.031154908,0.936493999
1718187388936749312.000000000,-2.349688721,1.704621338,1.313719482,-0.336046799,0.071366052,-0.031893826,0.938595876
1718187388946749440.000000000,-2.346943848,1.709437744,1.314281616,-0.330973442,0.069065456,-0.032714583,0.940540429
1718187388956749312.000000000,-2.344081055,1.714169434,1.314837769,-0.326055948,0.066005016,-0.031987701,0.942500739
1718187388966749184.000000000,-2.341170166,1.718911011,1.315415405,-0.321418412,0.062904996,-0.030583030,0.944350488
1718187388976749312.000000000,-2.338141357,1.723553955,1.316015381,-0.316673168,0.057580829,-0.028522492,0.946355652
1718187388986749440.000000000,-2.335308594,1.728229370,1.316584839,-0.313340861,0.061448875,-0.028470380,0.947222771
1718187388996749312.000000000,-2.332436768,1.732975464,1.317307861,-0.310564017,0.059397741,-0.026104326,0.948335628
1718187389006749184.000000000,-2.329589111,1.737616821,1.318035278,-0.307876441,0.056515296,-0.024232782,0.949437144
1718187389016749312.000000000,-2.326748291,1.742083252,1.318771729,-0.305440345,0.055092914,-0.023784222,0.950318513
1718187389026749440.000000000,-2.323743896,1.746435547,1.319384399,-0.302837332,0.053588600,-0.025376736,0.951196002
1718187389036749312.000000000,-2.321168701,1.750650513,1.320194092,-0.299620368,0.053602180,-0.027044877,0.952167536
1718187389046749184.000000000,-2.318363037,1.754807007,1.321050293,-0.296786127,0.049145522,-0.026753156,0.953303195
1718187389056749312.000000000,-2.315621338,1.758687134,1.321770386,-0.293176220,0.050732680,-0.029013905,0.954270450
1718187389066749440.000000000,-2.312535889,1.762473022,1.322240479,-0.289843433,0.053095806,-0.034538545,0.954975763
1718187389076749312.000000000,-2.309518555,1.766167969,1.322827515,-0.285065248,0.054756455,-0.037881594,0.956192721
1718187389086749184.000000000,-2.306445313,1.769837891,1.323421021,-0.280313633,0.055548177,-0.039863650,0.957470395
1718187389096749312.000000000,-2.303229736,1.773453003,1.324002563,-0.275251169,0.056163293,-0.041015083,0.958853608
1718187389106749440.000000000,-2.299629883,1.776863037,1.324267700,-0.272985815,0.061105829,-0.043304582,0.959098293
1718187389116749312.000000000,-2.296555176,1.780489136,1.324769897,-0.267927334,0.057212162,-0.042061207,0.960818696
1718187389126749184.000000000,-2.292922363,1.783935303,1.325191406,-0.263246501,0.055310329,-0.039889031,0.962315391
1718187389136749312.000000000,-2.289463867,1.787533936,1.325703491,-0.260601354,0.056354768,-0.036038818,0.963126304
1718187389146749440.000000000,-2.285847900,1.790926270,1.326090332,-0.256898668,0.054510562,-0.033173767,0.964329391
1718187389156749312.000000000,-2.282037598,1.794368286,1.326302246,-0.253922734,0.055055363,-0.031917623,0.965128705
1718187389166749184.000000000,-2.278942383,1.797867065,1.327102905,-0.253175514,0.052603741,-0.023446539,0.965704544
1718187389176749312.000000000,-2.275281738,1.801121094,1.327389038,-0.249836337,0.054596890,-0.021782130,0.966502211
1718187389186749440.000000000,-2.271854248,1.804309692,1.327812256,-0.246910165,0.057412537,-0.020715133,0.967114292
1718187389196749312.000000000,-2.268439941,1.807608887,1.328122925,-0.244679937,0.059377881,-0.020575739,0.967565313
1718187389206749184.000000000,-2.264762207,1.810767822,1.328358765,-0.240901567,0.061206974,-0.021544068,0.968378023
1718187389216749312.000000000,-2.261169434,1.814088867,1.328548584,-0.238166290,0.062741638,-0.023101308,0.968920345
1718187389226749440.000000000,-2.257564941,1.817513794,1.328681274,-0.235358005,0.064545769,-0.024857535,0.969444457
1718187389236749312.000000000,-2.253948486,1.821136108,1.328636597,-0.233582074,0.065151895,-0.026902552,0.969778788
1718187389246749184.000000000,-2.249953857,1.824694336,1.328529297,-0.228992719,0.065366327,-0.030792232,0.970742714
1718187389256749312.000000000,-2.245995605,1.828435913,1.328317261,-0.225766691,0.064698637,-0.034059267,0.971433710
1718187389266749440.000000000,-2.242031738,1.831848755,1.328245728,-0.224350372,0.058186914,-0.032045381,0.972241887
1718187389276749312.000000000,-2.237541260,1.835597656,1.327800171,-0.223441625,0.057281811,-0.034549878,0.972419118
1718187389286749184.000000000,-2.233142334,1.839339355,1.327334106,-0.220804237,0.054973788,-0.035811729,0.973108880
1718187389296749312.000000000,-2.228604736,1.843083008,1.326822754,-0.218464243,0.052863800,-0.036748961,0.973718803
1718187389306749440.000000000,-2.223914551,1.846861206,1.326237305,-0.217318478,0.051648815,-0.037496443,0.974011856
1718187389316749312.000000000,-2.219246826,1.850094849,1.325626465,-0.212142855,0.049326879,-0.038394335,0.975237480
1718187389326749184.000000000,-2.214421387,1.853507813,1.324967651,-0.209452993,0.049645672,-0.037265787,0.975846305
1718187389336749312.000000000,-2.209528320,1.856837646,1.324302979,-0.207036031,0.051143940,-0.036252499,0.976322762
1718187389346749440.000000000,-2.204601318,1.860057373,1.323617920,-0.204557860,0.053257023,-0.034363961,0.976800332
1718187389356749312.000000000,-2.199632324,1.863235107,1.322931396,-0.202540811,0.055807145,-0.032228392,0.977151019
1718187389366749184.000000000,-2.194633545,1.866418579,1.322262695,-0.200724708,0.058394438,-0.031339689,0.977403450
1718187389376749312.000000000,-2.189625000,1.869593384,1.321612549,-0.199007791,0.060487102,-0.030085877,0.977666635
1718187389386749440.000000000,-2.184605713,1.872784058,1.320949707,-0.197437409,0.062889650,-0.029195879,0.977860400
1718187389396749312.000000000,-2.179533691,1.876042603,1.320330322,-0.195976181,0.064335372,-0.029482988,0.978051660
1718187389406749184.000000000,-2.174402832,1.879354492,1.319687744,-0.194424479,0.065225250,-0.029494120,0.978302042
1718187389416749312.000000000,-2.169258301,1.882707886,1.319092529,-0.192876366,0.065763793,-0.030082004,0.978554497
1718187389426749440.000000000,-2.164038330,1.886115967,1.318527588,-0.191375925,0.065558863,-0.030915788,0.978836812
1718187389436749312.000000000,-2.158750977,1.889562256,1.317993530,-0.189923933,0.064979835,-0.031811267,0.979129493
1718187389446749184.000000000,-2.153396240,1.893023438,1.317524048,-0.188285560,0.064086702,-0.032971774,0.979466337
1718187389456749312.000000000,-2.147976074,1.896501831,1.317064819,-0.186601687,0.062675138,-0.034362648,0.979832050
1718187389466749440.000000000,-2.142531738,1.899963623,1.316713257,-0.185211073,0.061198152,-0.035984733,0.980130983
1718187389476749312.000000000,-2.137005859,1.903368286,1.316394653,-0.183638867,0.059874017,-0.038237239,0.980423267
1718187389486749184.000000000,-2.131404541,1.906742920,1.316167358,-0.181977266,0.058975094,-0.040333738,0.980703524
1718187389496749312.000000000,-2.125756348,1.910012695,1.315995117,-0.180364285,0.058656181,-0.042620447,0.980923888
1718187389506749440.000000000,-2.120010254,1.913191406,1.315882568,-0.178915817,0.058305082,-0.044691105,0.981117910
1718187389516749312.000000000,-2.114206055,1.916336670,1.315847168,-0.177187995,0.058983284,-0.047057661,0.981280267
1718187389526749184.000000000,-2.108320313,1.919373901,1.315864014,-0.175575341,0.059667365,-0.047934710,0.981486306
1718187389536749312.000000000,-2.102356689,1.922423828,1.315990479,-0.173823355,0.060273394,-0.049383133,0.981689292
1718187389546749440.000000000,-2.096316406,1.925414673,1.316165283,-0.172067838,0.061666045,-0.049941616,0.981883798
1718187389556749312.000000000,-2.090022461,1.928404663,1.316415649,-0.171745172,0.062823481,-0.050620371,0.981832157
1718187389566749184.000000000,-2.083986816,1.931342773,1.316815063,-0.168224017,0.062902990,-0.049329827,0.982502144
1718187389576749312.000000000,-2.077703857,1.934280762,1.317247681,-0.166301279,0.062849613,-0.047892308,0.982903931
1718187389586749440.000000000,-2.071407471,1.937182739,1.317765259,-0.164391587,0.062744919,-0.045960146,0.983324029
1718187389596749312.000000000,-2.065089600,1.940046265,1.318347778,-0.162518452,0.062153239,-0.043207250,0.983797673
1718187389606749184.000000000,-2.058777100,1.942880371,1.319046021,-0.160683402,0.061826102,-0.040252054,0.984244964
1718187389616749312.000000000,-2.052506836,1.945664551,1.319784424,-0.159141853,0.062059611,-0.037116996,0.984603882
1718187389626749440.000000000,-2.046328979,1.948404175,1.320567627,-0.158015091,0.062864514,-0.034462663,0.984830751
1718187389636749312.000000000,-2.040243164,1.951097046,1.321395996,-0.156782004,0.063605375,-0.032720437,0.985039660
1718187389646749184.000000000,-2.034285034,1.953817749,1.322267700,-0.155529386,0.065137060,-0.032351157,0.985150332
1718187389656749312.000000000,-2.028553467,1.956642578,1.323012207,-0.153429698,0.065954650,-0.036902097,0.985265217
1718187389666749440.000000000,-2.023116821,1.959153076,1.324231201,-0.151788304,0.068375411,-0.033128067,0.985488531
1718187389676749312.000000000,-2.016956787,1.962043701,1.324900146,-0.152216019,0.068688044,-0.040619925,0.985120428
1718187389686749184.000000000,-2.011224243,1.964458130,1.325925171,-0.154090834,0.068829748,-0.041157525,0.984796699
1718187389696749312.000000000,-2.005519409,1.967316162,1.326779541,-0.153814517,0.067705532,-0.046069054,0.984700308
1718187389706749440.000000000,-1.999762939,1.970245728,1.327549194,-0.153496615,0.065877274,-0.050822080,0.984640081
1718187389716749312.000000000,-1.993876465,1.973274780,1.328279297,-0.153016793,0.062996906,-0.055219614,0.984666464
1718187389726749184.000000000,-1.987876831,1.976379517,1.328922729,-0.152426210,0.058786449,-0.058368079,0.984836825
1718187389736749312.000000000,-1.981725342,1.979456543,1.329515747,-0.151466604,0.054881962,-0.060223660,0.985098446
1718187389746749440.000000000,-1.975450317,1.982515869,1.330014404,-0.150155346,0.049779517,-0.060546692,0.985550339
1718187389756749312.000000000,-1.969077515,1.985530640,1.330450195,-0.148358235,0.045328889,-0.060033910,0.986068484
1718187389766749184.000000000,-1.962678589,1.988442749,1.330833496,-0.146474337,0.041947766,-0.057878182,0.986628486
1718187389776749312.000000000,-1.956260742,1.991261475,1.331203003,-0.144354350,0.039151998,-0.055034082,0.987218412
1718187389786749440.000000000,-1.949913208,1.993930908,1.331569458,-0.142413300,0.037423973,-0.052076728,0.987727651
1718187389796749312.000000000,-1.943521606,1.996287842,1.331844971,-0.138571159,0.034807533,-0.048987619,0.988527533
1718187389806749184.000000000,-1.937356445,1.998789795,1.332186523,-0.136995675,0.035147317,-0.046324131,0.988863452
1718187389816749312.000000000,-1.931323608,2.001197144,1.332510620,-0.135340959,0.036220434,-0.044182619,0.989150545
1718187389826749440.000000000,-1.925388794,2.003590088,1.332786011,-0.133766336,0.038300517,-0.042667646,0.989352874
1718187389836749312.000000000,-1.919733032,2.005292603,1.333250244,-0.131296999,0.040638839,-0.038168731,0.989774081
1718187389846749184.000000000,-1.913775757,2.007499268,1.333490234,-0.131487311,0.044732599,-0.037688618,0.989590647
1718187389856749312.000000000,-1.908075073,2.009683838,1.333767090,-0.130190082,0.046966892,-0.036363629,0.989708210
1718187389866749440.000000000,-1.902406494,2.011914063,1.334008179,-0.128977908,0.049195029,-0.035998732,0.989772014
1718187389876749312.000000000,-1.896761230,2.014210205,1.334187500,-0.127606816,0.050710981,-0.035546552,0.989889559
1718187389886749184.000000000,-1.891127197,2.016612793,1.334347290,-0.126473943,0.051609261,-0.035927303,0.989974775
1718187389896749312.000000000,-1.885470703,2.019111206,1.334413818,-0.125145569,0.051140853,-0.036155704,0.990159565
1718187389906749440.000000000,-1.879793945,2.021723999,1.334417969,-0.123877146,0.050310803,-0.037180725,0.990323619
1718187389916749312.000000000,-1.874226318,2.024456787,1.334377319,-0.122064577,0.048719192,-0.038383138,0.990582361
1718187389926749184.000000000,-1.868527588,2.027461060,1.334306641,-0.122666995,0.047493680,-0.038836101,0.990549805
1718187389936749312.000000000,-1.862651367,2.030135132,1.334046875,-0.120052725,0.042602331,-0.040571393,0.991022879
1718187389946749440.000000000,-1.856773560,2.033080811,1.333765869,-0.118843081,0.039240308,-0.041619170,0.991264024
1718187389956749312.000000000,-1.850857056,2.036088989,1.333415039,-0.117726313,0.036443232,-0.042872519,0.991450631
1718187389966749184.000000000,-1.844902100,2.038471680,1.333125000,-0.113792399,0.035399114,-0.045415910,0.991834456
1718187389976749312.000000000,-1.838904663,2.041229980,1.332740112,-0.111788178,0.033975941,-0.046121821,0.992079541
1718187389986749440.000000000,-1.832866821,2.043931519,1.332313721,-0.109827445,0.033249232,-0.045952238,0.992331000
1718187389996749312.000000000,-1.826780884,2.046597290,1.331879761,-0.107942099,0.033275865,-0.046226781,0.992524209
1718187390006749184.000000000,-1.820645508,2.049243164,1.331436890,-0.106146994,0.033663476,-0.046162189,0.992707731
1718187390016749312.000000000,-1.814502563,2.051877930,1.330987549,-0.104410432,0.034456530,-0.045501166,0.992895187
1718187390026749440.000000000,-1.808325317,2.054480225,1.330555786,-0.102640161,0.035558127,-0.044669560,0.993078671
1718187390036749312.000000000,-1.802141846,2.057072266,1.330150635,-0.101022937,0.036822054,-0.043663110,0.993243190
1718187390046749184.000000000,-1.795964355,2.059672119,1.329782715,-0.099265633,0.038135618,-0.043186511,0.993391632
1718187390056749312.000000000,-1.789799683,2.062244141,1.329446899,-0.097306130,0.039372399,-0.042345874,0.993573429
1718187390066749440.000000000,-1.783660034,2.064814209,1.329157593,-0.095037758,0.040326736,-0.042188513,0.993761394
1718187390076749312.000000000,-1.777563110,2.067375244,1.328902222,-0.092550629,0.041130675,-0.042385144,0.993954802
1718187390086749184.000000000,-1.771489746,2.069929932,1.328688354,-0.090000771,0.041527936,-0.043084781,0.994142341
1718187390096749312.000000000,-1.765488403,2.072519287,1.328501587,-0.087142912,0.041599864,-0.044123589,0.994348366
1718187390106749440.000000000,-1.759502441,2.075129395,1.328348877,-0.084160145,0.040946783,-0.045943152,0.994549978
1718187390116749312.000000000,-1.753534424,2.077776123,1.328239746,-0.081322588,0.039629464,-0.048018649,0.994741349
1718187390126749184.000000000,-1.747594971,2.080466797,1.328131592,-0.078443504,0.038015581,-0.049956486,0.994940090
1718187390136749312.000000000,-1.741763306,2.082914795,1.327977661,-0.073497596,0.038112768,-0.049570935,0.995333232
1718187390146749440.000000000,-1.735792114,2.085922852,1.327981079,-0.072087388,0.035702083,-0.052800497,0.995359672
1718187390156749312.000000000,-1.729829834,2.088788574,1.327999512,-0.069923984,0.032991907,-0.055737643,0.995447380
1718187390166749184.000000000,-1.723894043,2.091531738,1.328021851,-0.066880884,0.031108375,-0.058127972,0.995580411
1718187390176749312.000000000,-1.717980103,2.094253174,1.328052612,-0.063843355,0.029224250,-0.060403514,0.995701454
1718187390186749440.000000000,-1.712023071,2.096968018,1.328104004,-0.060725797,0.027647766,-0.062516674,0.995811048
1718187390196749312.000000000,-1.706030884,2.099708008,1.328202393,-0.057761126,0.025888763,-0.064128508,0.995932206
1718187390206749184.000000000,-1.700011230,2.102456299,1.328286621,-0.054707556,0.024066637,-0.065529280,0.996059132
1718187390216749312.000000000,-1.693936890,2.105193604,1.328408447,-0.051547313,0.022679010,-0.065860302,0.996238404
1718187390226749440.000000000,-1.687816772,2.107920898,1.328519531,-0.048488443,0.020506211,-0.065692741,0.996450114
1718187390236749312.000000000,-1.681582275,2.110643066,1.328631226,-0.045242367,0.018836085,-0.064386185,0.996720999
1718187390246749184.000000000,-1.675286499,2.113368652,1.328749023,-0.042147606,0.016746454,-0.062409230,0.997019671
1718187390256749312.000000000,-1.668943115,2.116339355,1.329034180,-0.038940417,0.016354820,-0.059615132,0.997327529
1718187390266749440.000000000,-1.662544189,2.119049072,1.329166626,-0.035813946,0.014674461,-0.055145412,0.997727921
1718187390276749312.000000000,-1.656123779,2.121740723,1.329339966,-0.033113449,0.013335596,-0.050274890,0.998097238
1718187390286749184.000000000,-1.649748535,2.124371826,1.329530518,-0.030718609,0.011850835,-0.045186223,0.998435842
1718187390296749312.000000000,-1.643479370,2.126946777,1.329781860,-0.028402844,0.010483471,-0.040353790,0.998726663
1718187390306749440.000000000,-1.637340332,2.129420654,1.330066772,-0.026237883,0.009181780,-0.036586481,0.998943791
1718187390316749312.000000000,-1.631369629,2.131767578,1.330366455,-0.024232750,0.007855095,-0.034074312,0.999094596
1718187390326749184.000000000,-1.625608887,2.133987061,1.330698364,-0.021867171,0.007416786,-0.033196745,0.999182063
1718187390336749312.000000000,-1.620017212,2.135507813,1.331139648,-0.019577108,0.008554738,-0.031761590,0.999267109
1718187390346749440.000000000,-1.614611328,2.137582520,1.331505249,-0.016648428,0.007960774,-0.034740784,0.999225967
1718187390356749312.000000000,-1.609338379,2.139456787,1.331890015,-0.013142259,0.007944094,-0.038467575,0.999141841
1718187390366749184.000000000,-1.604109863,2.141102539,1.332260986,-0.009272573,0.008391666,-0.042467020,0.999019595
1718187390376749312.000000000,-1.598874756,2.142613281,1.332634766,-0.005104737,0.009336139,-0.046344976,0.998868821
1718187390386749440.000000000,-1.593544800,2.144031006,1.332993896,-0.000638190,0.010253768,-0.049304225,0.998730968
1718187390396749312.000000000,-1.588071289,2.145382080,1.333304810,0.003657936,0.010478560,-0.051276039,0.998622845
1718187390406749184.000000000,-1.582465576,2.146716553,1.333594971,0.007975499,0.011308701,-0.051646479,0.998569550
1718187390416749312.000000000,-1.576747070,2.148058350,1.333852539,0.011887044,0.011449528,-0.050870050,0.998568898
1718187390426749440.000000000,-1.570964844,2.149208252,1.334036377,0.016094263,0.010032550,-0.048701901,0.998633290
1718187390436749312.000000000,-1.565084961,2.150602295,1.334274536,0.018921526,0.010507055,-0.046117249,0.998701546
1718187390446749184.000000000,-1.559174561,2.151929688,1.334501221,0.021508461,0.011390789,-0.043738258,0.998746515
1718187390456749312.000000000,-1.553332031,2.153141602,1.334693726,0.024214253,0.012410679,-0.041568162,0.998765104
1718187390466749440.000000000,-1.547535522,2.154298340,1.334913330,0.026904305,0.014227951,-0.039562725,0.998753480
1718187390476749312.000000000,-1.541820313,2.155299316,1.335094727,0.029386238,0.016856443,-0.038256566,0.998693519
1718187390486749184.000000000,-1.536184692,2.156235352,1.335259155,0.031651763,0.019591773,-0.037926399,0.998586960
1718187390496749312.000000000,-1.530578369,2.157042236,1.335351196,0.033820371,0.022026427,-0.038374115,0.998448019
1718187390506749440.000000000,-1.525006958,2.157830322,1.335402954,0.035944258,0.024392073,-0.039750828,0.998264949
1718187390516749312.000000000,-1.519405518,2.158593750,1.335357666,0.037804412,0.026139519,-0.041517412,0.998080085
1718187390526749184.000000000,-1.513744507,2.159395264,1.335231323,0.039671365,0.026923597,-0.043838936,0.997887494
1718187390536749312.000000000,-1.507978271,2.160229492,1.335024414,0.041633749,0.026960888,-0.045771316,0.997719764
1718187390546749440.000000000,-1.502078613,2.161057617,1.334770630,0.043710958,0.026249639,-0.047143358,0.997585992
1718187390556749312.000000000,-1.496053223,2.161881836,1.334485474,0.045776531,0.024993035,-0.048038715,0.997482902
1718187390566749184.000000000,-1.489953735,2.162637695,1.334131470,0.048072071,0.023478793,-0.048310850,0.997398558
1718187390576749312.000000000,-1.483755127,2.163299805,1.333776733,0.050646647,0.022307714,-0.048426285,0.997292424
1718187390586749440.000000000,-1.477506958,2.163828125,1.333437500,0.053488813,0.021693156,-0.048612152,0.997148541
1718187390596749312.000000000,-1.471279785,2.164183105,1.333066284,0.056300663,0.021021449,-0.048741713,0.997001795
1718187390606749184.000000000,-1.465060425,2.164408691,1.332716064,0.059247097,0.020970509,-0.049155732,0.996811784
1718187390616749312.000000000,-1.458842407,2.164478760,1.332394897,0.062374076,0.022561088,-0.050390967,0.996524572
1718187390626749440.000000000,-1.452661255,2.164395752,1.332035278,0.065121839,0.023673055,-0.051586102,0.996261816
1718187390636749312.000000000,-1.446360840,2.164020020,1.331651489,0.069914783,0.024709048,-0.053213490,0.995826145
1718187390646749184.000000000,-1.440175903,2.163742188,1.331293091,0.072763695,0.027578053,-0.055226274,0.995437067
1718187390656749312.000000000,-1.434002197,2.163315430,1.330929077,0.075635142,0.030416300,-0.057259696,0.995025377
1718187390666749440.000000000,-1.427757080,2.162834717,1.330552490,0.078352787,0.033219159,-0.059018447,0.994622617
1718187390676749312.000000000,-1.421526733,2.162301270,1.330098755,0.080059381,0.035479529,-0.060253498,0.994334559
1718187390686749184.000000000,-1.414845093,2.161808350,1.329710449,0.083334112,0.038378787,-0.061651371,0.993872025
1718187390696749312.000000000,-1.408296143,2.161143066,1.329273560,0.086092169,0.040190095,-0.062656628,0.993502412
1718187390706749440.000000000,-1.401664063,2.160472656,1.328835571,0.088503777,0.041515283,-0.063661487,0.993172079
1718187390716749312.000000000,-1.394938477,2.159818604,1.328414673,0.090811297,0.042879907,-0.063705654,0.992902922
1718187390726749184.000000000,-1.388126099,2.159098389,1.328068237,0.093010603,0.043926258,-0.064139103,0.992625653
1718187390736749312.000000000,-1.381299316,2.158363037,1.327718872,0.095325886,0.043945154,-0.063828737,0.992425156
1718187390746749440.000000000,-1.374421997,2.157619873,1.327423828,0.097434470,0.043415022,-0.064032502,0.992230567
1718187390756749312.000000000,-1.367607788,2.156477295,1.327435059,0.101350037,0.035937781,-0.068508799,0.991838288
1718187390766749184.000000000,-1.360762817,2.155890137,1.327075073,0.101801289,0.041875587,-0.066202838,0.991715744
1718187390776749312.000000000,-1.354092896,2.154903564,1.326911011,0.103220201,0.038820119,-0.066054818,0.991703257
1718187390786749440.000000000,-1.347541992,2.153727051,1.327240967,0.106286978,0.040723124,-0.071592460,0.990918375
1718187390796749312.000000000,-1.340692749,2.152767090,1.327191284,0.107988263,0.037873062,-0.072807633,0.990758909
1718187390806749184.000000000,-1.334132446,2.151570068,1.327392334,0.109773778,0.036598845,-0.076148548,0.990359349
1718187390816749312.000000000,-1.327654907,2.150211670,1.327679321,0.111959354,0.035613895,-0.079184141,0.989912433
1718187390826749440.000000000,-1.321211914,2.148815918,1.328051025,0.114253662,0.034712729,-0.082381941,0.989421216
1718187390836749312.000000000,-1.314809570,2.147206055,1.328511719,0.116989349,0.035232658,-0.085114378,0.988851705
1718187390846749184.000000000,-1.308592163,2.145592773,1.328859985,0.118453389,0.033983566,-0.085833453,0.988658955
1718187390856749312.000000000,-1.302240112,2.143849121,1.329492920,0.121800101,0.035221615,-0.087692713,0.988045627
1718187390866749440.000000000,-1.295862427,2.142133301,1.330214355,0.124570280,0.037152925,-0.087869185,0.987613746
1718187390876749312.000000000,-1.289451294,2.140413330,1.330949463,0.127577925,0.039044767,-0.087853570,0.987158108
1718187390886749184.000000000,-1.283017456,2.138700684,1.331748413,0.130112272,0.040871726,-0.086980438,0.986830635
1718187390896749312.000000000,-1.276594238,2.137095215,1.332550293,0.132024524,0.042780578,-0.085503212,0.986624826
1718187390906749440.000000000,-1.270168335,2.135461182,1.333350952,0.133917135,0.045075545,-0.083798830,0.986413783
1718187390916749312.000000000,-1.263963135,2.133894287,1.334308838,0.134822362,0.047141595,-0.083676231,0.986204284
1718187390926749184.000000000,-1.257454956,2.132488770,1.335074951,0.135805300,0.047953059,-0.081836204,0.986184699
1718187390936749312.000000000,-1.251156616,2.131159668,1.335927002,0.136550463,0.048740555,-0.082023486,0.986027625
1718187390946749440.000000000,-1.244865845,2.129869141,1.336784302,0.136999469,0.049216327,-0.082816814,0.985875385
1718187390956749312.000000000,-1.238572754,2.128548584,1.337647583,0.138076034,0.049612444,-0.084365229,0.985574007
1718187390966749184.000000000,-1.232220337,2.127354004,1.338344238,0.138972162,0.046361557,-0.084287082,0.985613023
1718187390976749312.000000000,-1.225884888,2.126174805,1.339096069,0.140111330,0.044417632,-0.085186725,0.985463907
1718187390986749440.000000000,-1.219584595,2.124933594,1.339887329,0.142481662,0.040069951,-0.086764562,0.985172719
1718187390996749312.000000000,-1.213017700,2.123799316,1.340398560,0.143154185,0.040661970,-0.085702113,0.985143965
1718187391006749184.000000000,-1.206522217,2.122565186,1.341000366,0.144932161,0.038106984,-0.085682223,0.984987859
1718187391016749312.000000000,-1.200101074,2.121137451,1.341674438,0.146908512,0.036754070,-0.086155888,0.984705129
1718187391026749440.000000000,-1.193578003,2.119695068,1.342047852,0.149498575,0.032474657,-0.083957842,0.984655602
1718187391036749312.000000000,-1.187029663,2.118294189,1.342456909,0.152537182,0.030693870,-0.081696999,0.984436841
1718187391046749184.000000000,-1.180492188,2.116796875,1.342808716,0.154815688,0.029764954,-0.079187196,0.984314756
1718187391056749312.000000000,-1.174015137,2.115291504,1.343145142,0.157772196,0.029345553,-0.076537990,0.984067431
1718187391066749440.000000000,-1.167447021,2.113790283,1.343643555,0.160714489,0.031722422,-0.075418278,0.983603896
1718187391076749312.000000000,-1.161040771,2.112257568,1.343911621,0.162575725,0.032381038,-0.072836242,0.983471140
1718187391086749184.000000000,-1.154763184,2.110845947,1.344236328,0.164320721,0.033999649,-0.070374532,0.983305725
1718187391096749312.000000000,-1.148421631,2.109289307,1.344371338,0.165438363,0.033775768,-0.068631526,0.983249236
1718187391106749440.000000000,-1.142239258,2.107813477,1.344567993,0.166856016,0.034938659,-0.067114742,0.983073737
1718187391116749312.000000000,-1.136103149,2.106311035,1.344774292,0.167767004,0.036423559,-0.065754655,0.982956704
1718187391126749184.000000000,-1.130041260,2.104856201,1.344968018,0.168959979,0.036951142,-0.065196274,0.982769853
1718187391136749312.000000000,-1.124004517,2.103376709,1.345143188,0.170353714,0.036947738,-0.064481935,0.982576489
1718187391146749440.000000000,-1.118034424,2.101909180,1.345322021,0.172052323,0.035912588,-0.063005776,0.982414656
1718187391156749312.000000000,-1.111843994,2.100462891,1.345344238,0.173220556,0.035465513,-0.065414431,0.982068118
1718187391166749184.000000000,-1.105673950,2.098895752,1.345504272,0.173015139,0.033485426,-0.061965638,0.982397449
1718187391176749312.000000000,-1.099532349,2.097516113,1.345501709,0.175358498,0.031763499,-0.062563706,0.982001151
1718187391186749440.000000000,-1.093334961,2.096097168,1.345437256,0.177812220,0.029169221,-0.063496887,0.981580418
1718187391196749312.000000000,-1.087081909,2.094701172,1.345293945,0.180575001,0.026651140,-0.064016973,0.981113761
1718187391206749184.000000000,-1.080783569,2.093257080,1.345114868,0.183087051,0.024150140,-0.064713907,0.980667126
1718187391216749312.000000000,-1.074372803,2.091781250,1.344837036,0.185710569,0.022171301,-0.065068591,0.980196968
1718187391226749440.000000000,-1.067937500,2.090284912,1.344523315,0.188379116,0.020114756,-0.065645114,0.979693536
1718187391236749312.000000000,-1.061432129,2.088756836,1.344164307,0.190856153,0.017900452,-0.065652746,0.979256463
1718187391246749184.000000000,-1.055072021,2.087258789,1.343618286,0.192365600,0.015182622,-0.064840834,0.979061096
1718187391256749312.000000000,-1.048307007,2.085546875,1.343290649,0.196133141,0.015775273,-0.065982948,0.978227572
1718187391266749440.000000000,-1.041756592,2.084054199,1.342805786,0.197853670,0.015413341,-0.067670645,0.977771465
1718187391276749312.000000000,-1.035223633,2.082265137,1.342127075,0.200617856,0.013618630,-0.066295398,0.977328977
1718187391286749184.000000000,-1.028584351,2.080478516,1.341439819,0.203487643,0.012569512,-0.065556245,0.976799450
1718187391296749312.000000000,-1.021762939,2.078559082,1.340831665,0.207760510,0.013375908,-0.065741774,0.975876362
1718187391306749440.000000000,-1.015089844,2.076746338,1.340103271,0.211004467,0.013263608,-0.065639154,0.975188542
1718187391316749312.000000000,-1.008596191,2.075049316,1.339250610,0.213197341,0.011966071,-0.064703292,0.974790845
1718187391326749184.000000000,-1.001870056,2.073281494,1.338586670,0.216295119,0.012426915,-0.065292083,0.974063107
1718187391336749312.000000000,-0.995205811,2.071512695,1.337835938,0.219425020,0.012143106,-0.064824591,0.973397646
1718187391346749440.000000000,-0.988542725,2.069720459,1.337079346,0.222707801,0.011348347,-0.064255048,0.972699203
1718187391356749312.000000000,-0.981880615,2.067956299,1.336368286,0.225839394,0.010899749,-0.063444322,0.972035278
1718187391366749184.000000000,-0.975268799,2.066228760,1.335699097,0.229126549,0.009742341,-0.062902150,0.971313251
1718187391376749312.000000000,-0.968721619,2.064460693,1.335085693,0.232566988,0.008780999,-0.062509287,0.970529793
1718187391386749440.000000000,-0.961870544,2.062355957,1.334147461,0.236282876,0.000936955,-0.057624297,0.969973693
1718187391396749312.000000000,-0.955467834,2.060602783,1.333687256,0.240975681,0.001543559,-0.056224241,0.968899981
1718187391406749184.000000000,-0.949132263,2.058761719,1.333186035,0.244431740,0.000651238,-0.056218552,0.968035214
1718187391416749312.000000000,-0.942823242,2.056931641,1.332715332,0.247965005,-0.000099578,-0.056417300,0.967124829
1718187391426749440.000000000,-0.936553223,2.055136475,1.332286011,0.251407153,-0.001486670,-0.056812322,0.966211464
1718187391436749312.000000000,-0.930287231,2.053349854,1.331905640,0.254862418,-0.002673646,-0.057596071,0.965256801
1718187391446749184.000000000,-0.924161621,2.051750732,1.331552979,0.257189116,-0.004334486,-0.058309857,0.964590551
1718187391456749312.000000000,-0.917809753,2.049798584,1.331211060,0.261451624,-0.005226786,-0.058828430,0.963407985
1718187391466749440.000000000,-0.911580505,2.047988892,1.330888916,0.265073092,-0.006451870,-0.059387573,0.962376094
1718187391476749312.000000000,-0.905381287,2.046151367,1.330624512,0.268660112,-0.007265604,-0.060052310,0.961333800
1718187391486749184.000000000,-0.899265015,2.044286743,1.330401855,0.272990132,-0.007883655,-0.060520329,0.960078916
1718187391496749312.000000000,-0.893288452,2.042557495,1.330298706,0.276795800,-0.008562237,-0.060835241,0.958962902
1718187391506749440.000000000,-0.887145630,2.040688965,1.330318604,0.281884107,-0.007126036,-0.060726867,0.957498207
1718187391516749312.000000000,-0.881337158,2.038942383,1.330508545,0.285925068,-0.006194661,-0.064313164,0.956071283
1718187391526749184.000000000,-0.875448792,2.037345947,1.330820557,0.290527762,-0.005739470,-0.065926754,0.954575477
1718187391536749312.000000000,-0.869474854,2.035494385,1.330938354,0.295475498,-0.006328158,-0.065209564,0.953101200
1718187391546749440.000000000,-0.863528137,2.033719971,1.331082764,0.299711722,-0.006850117,-0.063781600,0.951870720
1718187391556749312.000000000,-0.857466614,2.031887573,1.331236450,0.304127439,-0.007608512,-0.060966392,0.950648048
1718187391566749184.000000000,-0.851441711,2.030157349,1.331451782,0.307457986,-0.008039015,-0.058165095,0.949748273
1718187391576749312.000000000,-0.845435608,2.028424927,1.331681885,0.310452151,-0.008546856,-0.054957427,0.948960534
1718187391586749440.000000000,-0.839484558,2.026631104,1.331893555,0.313606759,-0.009384713,-0.052162819,0.948072660
1718187391596749312.000000000,-0.833759583,2.024830566,1.332210449,0.316796902,-0.009743261,-0.048128251,0.947221444
1718187391606749184.000000000,-0.828139526,2.022998779,1.332426392,0.319790888,-0.010409063,-0.046533162,0.946287538
1718187391616749312.000000000,-0.822683533,2.021027100,1.332609985,0.323119972,-0.011225984,-0.046348875,0.945155671
1718187391626749440.000000000,-0.817434570,2.018980957,1.332742798,0.326724716,-0.012151696,-0.046844333,0.943879709
1718187391636749312.000000000,-0.812329773,2.016828735,1.332845947,0.330892158,-0.013382282,-0.048640779,0.942319144
1718187391646749184.000000000,-0.807203247,2.014569092,1.332842407,0.334844583,-0.014011156,-0.052549075,0.940702603
1718187391656749312.000000000,-0.802163330,2.012199463,1.332878662,0.338977707,-0.014308230,-0.055088728,0.939071148
1718187391666749440.000000000,-0.797097229,2.009696289,1.332908203,0.343138638,-0.013703954,-0.056427949,0.937488114
1718187391676749312.000000000,-0.791952209,2.007133057,1.332956421,0.346955820,-0.012852625,-0.057051844,0.936056385
1718187391686749184.000000000,-0.786776245,2.004486572,1.333008301,0.350658116,-0.011191178,-0.056194100,0.934749093
1718187391696749312.000000000,-0.781560547,2.001735718,1.333095215,0.354257142,-0.009585924,-0.054933351,0.933483966
1718187391706749440.000000000,-0.776381897,1.998899658,1.333229126,0.357599818,-0.007449826,-0.053369492,0.932318919
1718187391716749312.000000000,-0.771241089,1.996020142,1.333454224,0.360938235,-0.005334878,-0.052122835,0.931116716
1718187391726749184.000000000,-0.766210449,1.993074951,1.333739624,0.364428235,-0.003183327,-0.050911078,0.929833313
1718187391736749312.000000000,-0.761337524,1.990117798,1.334129150,0.367684494,-0.001265634,-0.050113186,0.928598503
1718187391746749440.000000000,-0.756152100,1.987214233,1.334254150,0.371339552,-0.001729307,-0.046613792,0.927324701
1718187391756749312.000000000,-0.751521240,1.984170532,1.334847168,0.375009950,-0.000687526,-0.046209323,0.925868113
1718187391766749184.000000000,-0.747031921,1.981096802,1.335485107,0.378869741,-0.000130995,-0.045925122,0.924309789
1718187391776749312.000000000,-0.742816406,1.977953979,1.336154175,0.382637465,-0.000816221,-0.046858336,0.922709164
1718187391786749440.000000000,-0.738802002,1.974833252,1.336733643,0.386971243,-0.003047123,-0.051092007,0.920670179
1718187391796749312.000000000,-0.734725647,1.971625000,1.337434814,0.390382036,-0.004981965,-0.052500984,0.919141280
1718187391806749184.000000000,-0.730647400,1.968287598,1.338115723,0.393912964,-0.006756990,-0.054188072,0.917524154
1718187391816749312.000000000,-0.726551086,1.964909424,1.338770264,0.397027428,-0.008822886,-0.055046599,0.916112029
1718187391826749440.000000000,-0.722379944,1.961379761,1.339357666,0.399828104,-0.010689645,-0.055972144,0.914817106
1718187391836749312.000000000,-0.718180664,1.957719604,1.339885986,0.402720943,-0.012371279,-0.056338572,0.913503562
1718187391846749184.000000000,-0.714445740,1.953638062,1.340437988,0.406439212,-0.013577082,-0.058761578,0.911685201
1718187391856749312.000000000,-0.710144653,1.949677612,1.340768433,0.408668680,-0.014810227,-0.058653983,0.910675726
1718187391866749440.000000000,-0.705826965,1.945620972,1.341039795,0.410642761,-0.015668450,-0.058980076,0.909751819
1718187391876749312.000000000,-0.702003479,1.941283081,1.341129883,0.416200896,-0.016278899,-0.058525343,0.907241200
1718187391886749184.000000000,-0.698024170,1.936817383,1.341155762,0.419954704,-0.016690159,-0.058881346,0.905479140
1718187391896749312.000000000,-0.694187256,1.932264771,1.341119629,0.423984378,-0.016627989,-0.059714280,0.903545772
1718187391906749440.000000000,-0.690441284,1.927600952,1.340959473,0.428183193,-0.016888308,-0.060864496,0.901481808
1718187391916749312.000000000,-0.686785645,1.922837036,1.340744019,0.432090215,-0.016562743,-0.062388141,0.899517338
1718187391926749184.000000000,-0.683186646,1.918004150,1.340454712,0.436214924,-0.016018739,-0.064248300,0.897402973
1718187391936749312.000000000,-0.679586487,1.913106079,1.340108521,0.440034392,-0.015224927,-0.066032935,0.895420341
1718187391946749440.000000000,-0.675936279,1.908108521,1.339737183,0.443760241,-0.014611856,-0.067656972,0.893468453
1718187391956749312.000000000,-0.672206787,1.903069336,1.339351074,0.447822849,-0.013335753,-0.069012343,0.891355232
1718187391966749184.000000000,-0.668711182,1.898071289,1.338682251,0.450147824,-0.015849469,-0.070507430,0.890024962
1718187391976749312.000000000,-0.665119568,1.892918579,1.338117920,0.453009658,-0.016283782,-0.071530483,0.888482121
1718187391986749440.000000000,-0.661508179,1.887690796,1.337511230,0.455909260,-0.016769432,-0.071593131,0.886983628
1718187391996749312.000000000,-0.657870789,1.882405151,1.336912720,0.459020309,-0.017620777,-0.071561917,0.885363630
1718187392006749184.000000000,-0.654266724,1.877037109,1.336298950,0.462411142,-0.018985905,-0.071047975,0.883610580
1718187392016749312.000000000,-0.650729065,1.871598633,1.335687134,0.466119976,-0.020512227,-0.070314933,0.881684312
1718187392026749440.000000000,-0.647212891,1.866058838,1.335070313,0.469993690,-0.022389784,-0.069233073,0.879665511
1718187392036749312.000000000,-0.643789856,1.860459839,1.334518799,0.474101572,-0.024180321,-0.068097898,0.877499680
1718187392046749184.000000000,-0.640318420,1.854808350,1.334020630,0.478209613,-0.027007726,-0.066830550,0.875282712
1718187392056749312.000000000,-0.636856140,1.849139648,1.333597168,0.482162232,-0.029572165,-0.066005902,0.873091227
1718187392066749440.000000000,-0.633787781,1.843416260,1.333084229,0.485875517,-0.033131586,-0.064044618,0.871048545
1718187392076749312.000000000,-0.630637207,1.837641357,1.332707153,0.489389811,-0.036164011,-0.062627465,0.869061320
1718187392086749184.000000000,-0.627596985,1.831774048,1.332429565,0.493102628,-0.039027972,-0.061579077,0.866910972
1718187392096749312.000000000,-0.624560547,1.825813965,1.332215942,0.497107476,-0.041033003,-0.060752802,0.864586345
1718187392106749440.000000000,-0.621506409,1.819743164,1.332084473,0.501402640,-0.041742890,-0.060754242,0.862068354
1718187392116749312.000000000,-0.618453125,1.813572510,1.332009644,0.505663495,-0.042368109,-0.060899191,0.859535143
1718187392126749184.000000000,-0.615609253,1.807482666,1.331749023,0.508410869,-0.041059295,-0.056319506,0.858289366
1718187392136749312.000000000,-0.612743042,1.801190918,1.331718994,0.512492436,-0.038985423,-0.054522615,0.856071798
1718187392146749440.000000000,-0.609895569,1.794923828,1.331783203,0.516497476,-0.035909340,-0.052611286,0.853916231
1718187392156749312.000000000,-0.607123108,1.788687622,1.331944092,0.520165095,-0.032385523,-0.050916033,0.851931341
1718187392166749184.000000000,-0.604411011,1.782541870,1.332196167,0.523486885,-0.029140400,-0.049854187,0.850074631
1718187392176749312.000000000,-0.601796204,1.776559570,1.332523560,0.526486056,-0.026817627,-0.049424790,0.848322131
1718187392186749440.000000000,-0.599235718,1.770721436,1.332928589,0.529120211,-0.025030723,-0.049645642,0.846723435
1718187392196749312.000000000,-0.596746094,1.765055908,1.333380127,0.531506559,-0.024293279,-0.050309366,0.845209786
1718187392206749184.000000000,-0.594294861,1.759521729,1.333859497,0.533818077,-0.024900615,-0.050776941,0.843706064
1718187392216749312.000000000,-0.591846313,1.754109741,1.334353760,0.536120726,-0.026205015,-0.051341038,0.842170981
1718187392226749440.000000000,-0.589312500,1.748761719,1.334852539,0.538661270,-0.028292056,-0.051894236,0.840446658
1718187392236749312.000000000,-0.586727112,1.743420654,1.335344238,0.541463370,-0.030610359,-0.051835101,0.838566364
1718187392246749184.000000000,-0.584043335,1.738060791,1.335803345,0.544214120,-0.032962528,-0.051040891,0.836743264
1718187392256749312.000000000,-0.581261292,1.732658936,1.336250366,0.547092694,-0.035120728,-0.049500215,0.834868761
1718187392266749440.000000000,-0.578404541,1.727184814,1.336661011,0.550165887,-0.036534308,-0.047285770,0.832914640
1718187392276749312.000000000,-0.575513062,1.721674316,1.337057251,0.553266033,-0.037395819,-0.044859790,0.830954781
1718187392286749184.000000000,-0.572653442,1.716151978,1.337433472,0.556665917,-0.037337214,-0.042245520,0.828821033
1718187392296749312.000000000,-0.569824463,1.710638062,1.337794434,0.559931106,-0.037046734,-0.039966663,0.826745040
1718187392306749440.000000000,-0.567048523,1.705189331,1.338150879,0.563083486,-0.036081460,-0.038187548,0.824728336
1718187392316749312.000000000,-0.564394531,1.699769531,1.338533813,0.566089384,-0.034554079,-0.036359955,0.822816370
1718187392326749184.000000000,-0.561850037,1.694494995,1.338964478,0.568864425,-0.032856649,-0.035281846,0.821016990
1718187392336749312.000000000,-0.559409790,1.689338867,1.339427124,0.571678309,-0.031319603,-0.034528454,0.819152476
1718187392346749440.000000000,-0.557095581,1.684363281,1.339921021,0.574156372,-0.029950595,-0.034013215,0.817490381
1718187392356749312.000000000,-0.554881653,1.679495483,1.340444092,0.576560150,-0.028870360,-0.034071799,0.815833321
1718187392366749184.000000000,-0.552749878,1.674816162,1.341000854,0.579008654,-0.028107578,-0.034066130,0.814124340
1718187392376749312.000000000,-0.550796570,1.670234619,1.341462769,0.581514347,-0.027440804,-0.033070447,0.812400401
1718187392386749440.000000000,-0.548633789,1.665792969,1.342109619,0.584137242,-0.027865124,-0.035037901,0.810419375
1718187392396749312.000000000,-0.546534973,1.661444092,1.342634521,0.586431182,-0.028522843,-0.035547022,0.808715850
1718187392406749184.000000000,-0.544480652,1.657066528,1.343033081,0.588988545,-0.028847305,-0.034525396,0.806888049
1718187392416749312.000000000,-0.542177246,1.652795410,1.343496948,0.591321866,-0.030446510,-0.035153147,0.805093608
1718187392426749440.000000000,-0.539928467,1.648452271,1.343719482,0.593687952,-0.030987307,-0.032811345,0.803428788
1718187392436749312.000000000,-0.537379333,1.644084473,1.344127930,0.595962629,-0.032639381,-0.032978099,0.801670544
1718187392446749184.000000000,-0.534882202,1.639607788,1.344306885,0.598442244,-0.033701087,-0.031235419,0.799847152
1718187392456749312.000000000,-0.532274231,1.635134033,1.344409058,0.600419108,-0.034425762,-0.029217955,0.798409715
1718187392466749440.000000000,-0.529712036,1.630487061,1.344394409,0.602998348,-0.035182267,-0.027024998,0.796507909
1718187392476749312.000000000,-0.527125916,1.625786377,1.344352661,0.605626109,-0.035784953,-0.025259300,0.794542901
1718187392486749184.000000000,-0.524552551,1.621089600,1.344199219,0.607996412,-0.035802495,-0.023315515,0.792789336
1718187392496749312.000000000,-0.521983948,1.616236328,1.344075562,0.611006651,-0.036244949,-0.022878545,0.790464261
1718187392506749440.000000000,-0.519454224,1.611364868,1.343829346,0.613711500,-0.035986709,-0.021931813,0.788404812
1718187392516749312.000000000,-0.516961731,1.606474487,1.343553711,0.616174407,-0.035911050,-0.021405943,0.786499384
1718187392526749184.000000000,-0.514496399,1.601510742,1.343238525,0.618643997,-0.035243379,-0.020811274,0.784604614
1718187392536749312.000000000,-0.512089050,1.596507324,1.342882690,0.621239202,-0.034519821,-0.020983559,0.782579022
1718187392546749440.000000000,-0.509697662,1.591484009,1.342499756,0.623980696,-0.033636140,-0.021365818,0.780423092
1718187392556749312.000000000,-0.507374878,1.586500977,1.342092773,0.626575525,-0.032761906,-0.022007964,0.778360725
1718187392566749184.000000000,-0.505037537,1.581482788,1.341658569,0.629342984,-0.032144895,-0.022747367,0.776129288
1718187392576749312.000000000,-0.502716888,1.576467529,1.341178833,0.632326621,-0.031498302,-0.024078265,0.773686718
1718187392586749440.000000000,-0.500340515,1.571450806,1.340661865,0.635073998,-0.030618649,-0.024926726,0.771441620
1718187392596749312.000000000,-0.497874481,1.566461426,1.340176147,0.637877038,-0.030491078,-0.025742473,0.769103701
1718187392606749184.000000000,-0.495336121,1.561482544,1.339623901,0.640584913,-0.030006320,-0.025873944,0.766864479
1718187392616749312.000000000,-0.492678009,1.556470215,1.339083130,0.643339204,-0.029535475,-0.025881646,0.764573388
1718187392626749440.000000000,-0.490000946,1.551475952,1.338529541,0.646062644,-0.029216852,-0.025373275,0.762302848
1718187392636749312.000000000,-0.487175323,1.546515747,1.338025391,0.648824258,-0.029004701,-0.024618124,0.759986683
1718187392646749184.000000000,-0.484295044,1.541591553,1.337515503,0.651669613,-0.028940736,-0.023677069,0.757580719
1718187392656749312.000000000,-0.481365875,1.536718872,1.337032349,0.654439120,-0.029281781,-0.022705761,0.755206239
1718187392666749440.000000000,-0.478376038,1.531892822,1.336619507,0.657440295,-0.029693577,-0.021827642,0.752604879
1718187392676749312.000000000,-0.475360962,1.527135986,1.336232178,0.660179485,-0.030229458,-0.020479660,0.750219841
1718187392686749184.000000000,-0.472272125,1.522426514,1.335945923,0.662922991,-0.031173031,-0.019334978,0.747788412
1718187392696749312.000000000,-0.469436401,1.517705200,1.335758057,0.665735285,-0.034080645,-0.016933687,0.745216941
1718187392706749440.000000000,-0.466241760,1.513112549,1.335558105,0.668662258,-0.034888126,-0.016595463,0.742561912
1718187392716749312.000000000,-0.463040649,1.508569092,1.335414795,0.671443304,-0.036137986,-0.015573715,0.740010402
1718187392726749184.000000000,-0.459806702,1.503973999,1.335329590,0.674338366,-0.037525636,-0.014226181,0.737331140
1718187392736749312.000000000,-0.456545715,1.499367798,1.335305420,0.677356573,-0.038396439,-0.013163355,0.734534215
1718187392746749440.000000000,-0.453239105,1.494722290,1.335292847,0.680450278,-0.038798415,-0.011869688,0.731670153
1718187392756749312.000000000,-0.449838440,1.489977539,1.335333618,0.683526164,-0.038582483,-0.010820109,0.728825288
1718187392766749184.000000000,-0.446417816,1.485211182,1.335380615,0.686349842,-0.037880367,-0.009369679,0.726223920
1718187392776749312.000000000,-0.442881165,1.480346191,1.335495605,0.688924779,-0.036661521,-0.008232114,0.723858283
1718187392786749440.000000000,-0.439260803,1.475445068,1.335644653,0.691365851,-0.034975399,-0.006561138,0.721627974
1718187392796749312.000000000,-0.435564880,1.470449219,1.335852905,0.693483290,-0.032880252,-0.005080156,0.719704111
1718187392806749184.000000000,-0.431807892,1.465447388,1.336151733,0.695298952,-0.030514559,-0.003873994,0.718062129
1718187392816749312.000000000,-0.428086182,1.460494263,1.336522827,0.696999993,-0.028115923,-0.002300949,0.716516023
1718187392826749440.000000000,-0.424336243,1.455565063,1.336991821,0.698443878,-0.025885358,-0.001155136,0.715195612
1718187392836749312.000000000,-0.420653778,1.450747437,1.337563354,0.699971442,-0.024515165,0.000006038,0.713749947
1718187392846749184.000000000,-0.417090729,1.446061279,1.338181885,0.701430797,-0.024043037,0.001200449,0.712330913
1718187392856749312.000000000,-0.413232208,1.441165161,1.338305176,0.703082197,-0.024898178,0.000303262,0.710672507
1718187392866749440.000000000,-0.409882416,1.436707031,1.339013916,0.704882474,-0.025964562,0.000881669,0.708848194
1718187392876749312.000000000,-0.406659393,1.432357666,1.339748291,0.706884677,-0.027853645,0.001235460,0.706779104
1718187392886749184.000000000,-0.403570526,1.428079224,1.340456421,0.709048074,-0.030336514,0.001309278,0.704506076
1718187392896749312.000000000,-0.400602325,1.423830688,1.341118408,0.711341673,-0.032876717,0.001065588,0.702076214
1718187392906749440.000000000,-0.397714417,1.419524658,1.341745361,0.713702962,-0.035239275,0.000286132,0.699561430
1718187392916749312.000000000,-0.394889313,1.415160522,1.342289307,0.716142862,-0.036972596,-0.000257080,0.696973717
1718187392926749184.000000000,-0.392139801,1.410680908,1.342817993,0.718473964,-0.038224864,-0.001477104,0.694501145
1718187392936749312.000000000,-0.389432343,1.406077881,1.343260132,0.720601261,-0.038147002,-0.002707757,0.692294227
1718187392946749440.000000000,-0.386774017,1.401395996,1.343711426,0.722759540,-0.037507454,-0.004443279,0.690066733
1718187392956749312.000000000,-0.384193909,1.396658447,1.344071411,0.724445428,-0.036133287,-0.005748745,0.688360487
1718187392966749184.000000000,-0.381608459,1.391859497,1.344545288,0.726118000,-0.034644319,-0.008151941,0.686648357
1718187392976749312.000000000,-0.379070892,1.387102417,1.344947632,0.727475978,-0.032994022,-0.010466621,0.685259473
1718187392986749440.000000000,-0.376557037,1.382389282,1.345358643,0.728729300,-0.031570697,-0.012435932,0.683960706
1718187392996749312.000000000,-0.374098145,1.377700806,1.345773560,0.729759298,-0.030492544,-0.014372218,0.682872617
1718187393006749184.000000000,-0.371463531,1.373091431,1.346277832,0.731747884,-0.028217541,-0.015345248,0.680818131
1718187393016749312.000000000,-0.369149872,1.368475342,1.346616821,0.732257612,-0.029106950,-0.016706341,0.680200319
1718187393026749440.000000000,-0.366997131,1.363792236,1.347016968,0.733270392,-0.029794414,-0.018258301,0.679038629
1718187393036749312.000000000,-0.364601227,1.359204956,1.347370605,0.734315757,-0.030114650,-0.017687576,0.677909010
1718187393046749184.000000000,-0.362157776,1.354385010,1.347726563,0.736043807,-0.031138497,-0.016876389,0.676006727
1718187393056749312.000000000,-0.359755585,1.349608521,1.348050537,0.737391630,-0.031835028,-0.015344912,0.674540324
1718187393066749440.000000000,-0.357366577,1.344713867,1.348333130,0.738819730,-0.032293703,-0.013735199,0.672988758
1718187393076749312.000000000,-0.355039459,1.339691528,1.348626099,0.740139139,-0.032764170,-0.011940006,0.671548956
1718187393086749184.000000000,-0.352925629,1.334513184,1.348859863,0.740332345,-0.032014193,-0.009605984,0.671409588
1718187393096749312.000000000,-0.350758575,1.329320679,1.349047729,0.741596647,-0.032461534,-0.007920520,0.670013378
1718187393106749440.000000000,-0.348698334,1.323917358,1.349119995,0.743178618,-0.032421493,-0.006404574,0.668276417
1718187393116749312.000000000,-0.346794342,1.318568848,1.349163696,0.744126310,-0.032802845,-0.005528144,0.667210197
1718187393126749184.000000000,-0.345083588,1.313172852,1.349140747,0.745186446,-0.033283359,-0.005313264,0.666003865
1718187393136749312.000000000,-0.343521057,1.307753174,1.349036621,0.746249382,-0.034045232,-0.005318895,0.664774015
1718187393146749440.000000000,-0.342099915,1.302332764,1.348853882,0.747174213,-0.035270965,-0.005734055,0.663666916
1718187393156749312.000000000,-0.340914490,1.296644653,1.348657593,0.748096057,-0.035898833,-0.008959931,0.662558135
1718187393166749184.000000000,-0.339719818,1.291018677,1.348366577,0.749359490,-0.037119284,-0.010764671,0.661034519
1718187393176749312.000000000,-0.338628265,1.285340942,1.347968994,0.750761797,-0.038373109,-0.012307221,0.659342674
1718187393186749440.000000000,-0.337580933,1.279539185,1.347507324,0.752091400,-0.039253833,-0.014065597,0.657738414
1718187393196749312.000000000,-0.336536896,1.273606689,1.346958252,0.753328648,-0.039899774,-0.015532678,0.656248956
1718187393206749184.000000000,-0.335445862,1.267376831,1.346303589,0.754879898,-0.040167361,-0.016520138,0.654423416
1718187393216749312.000000000,-0.334363678,1.261151367,1.345626099,0.756178530,-0.040084125,-0.017418583,0.652904194
1718187393226749440.000000000,-0.333246368,1.254788208,1.344882813,0.757264900,-0.039661978,-0.018393926,0.651642894
1718187393236749312.000000000,-0.332111664,1.248345703,1.344098633,0.758391732,-0.039175772,-0.018838305,0.650347875
1718187393246749184.000000000,-0.330969513,1.241793579,1.343264771,0.759445221,-0.038747290,-0.019217171,0.649131962
1718187393256749312.000000000,-0.329816833,1.235206787,1.342426147,0.760427572,-0.038287379,-0.019330700,0.648004868
1718187393266749440.000000000,-0.328693573,1.228566162,1.341560181,0.761454250,-0.037776959,-0.019462946,0.646824180
1718187393276749312.000000000,-0.327601959,1.221920166,1.340699341,0.762525074,-0.037532627,-0.019370277,0.645578504
1718187393286749184.000000000,-0.326534729,1.215254761,1.339869995,0.763440063,-0.037624518,-0.019139699,0.644497741
1718187393296749312.000000000,-0.325505737,1.208575928,1.339041626,0.764328903,-0.038025838,-0.019038715,0.643422793
1718187393306749440.000000000,-0.324519592,1.201895264,1.338245605,0.765276671,-0.038449186,-0.018773987,0.642277833
1718187393316749312.000000000,-0.323573914,1.195201416,1.337477783,0.766189992,-0.039285054,-0.018431994,0.641147286
1718187393326749184.000000000,-0.322691284,1.188503174,1.336769287,0.766787143,-0.040244976,-0.018284168,0.640377629
1718187393336749312.000000000,-0.321846100,1.181665527,1.336072266,0.767145165,-0.042184538,-0.018291339,0.639823560
1718187393346749440.000000000,-0.321208893,1.174870117,1.335472168,0.767485571,-0.043400186,-0.018526166,0.639327070
1718187393356749312.000000000,-0.320368378,1.168181519,1.334954346,0.768148398,-0.044985838,-0.017913094,0.638438278
1718187393366749184.000000000,-0.319749084,1.161407227,1.334473999,0.768733539,-0.046152962,-0.017780190,0.637653915
1718187393376749312.000000000,-0.319209290,1.154587646,1.334037842,0.769304624,-0.047753772,-0.017637633,0.636850756
1718187393386749440.000000000,-0.318764130,1.147729126,1.333671631,0.770202723,-0.048918633,-0.017500874,0.635679520
1718187393396749312.000000000,-0.318392090,1.140826294,1.333339233,0.771345388,-0.049760098,-0.017452260,0.634228385
1718187393406749184.000000000,-0.318126526,1.133871948,1.333042236,0.772755842,-0.050220244,-0.017587379,0.632468987
1718187393416749312.000000000,-0.317905975,1.126884277,1.332811768,0.774308393,-0.049910898,-0.017930264,0.630582207
1718187393426749440.000000000,-0.317708313,1.119837158,1.332647461,0.775926338,-0.049200344,-0.018261121,0.628636759
1718187393436749312.000000000,-0.317877258,1.112659668,1.332434570,0.777982035,-0.047552021,-0.018606278,0.626208085
1718187393446749184.000000000,-0.317659393,1.105591064,1.332447388,0.779799150,-0.045449205,-0.019258240,0.624080745
1718187393456749312.000000000,-0.317558746,1.098379517,1.332578979,0.781309724,-0.043142358,-0.020878777,0.622300513
1718187393466749440.000000000,-0.317625244,1.091248047,1.332564209,0.782272314,-0.040202117,-0.021633610,0.621261461
1718187393476749312.000000000,-0.317649780,1.084223267,1.332779907,0.782876779,-0.038268584,-0.023214697,0.620564696
1718187393486749184.000000000,-0.317673492,1.077304810,1.333031616,0.783264464,-0.037084171,-0.024650838,0.620091832
1718187393496749312.000000000,-0.317682617,1.070460815,1.333350708,0.783432750,-0.036465706,-0.025599874,0.619877427
1718187393506749440.000000000,-0.317846069,1.063636719,1.333766479,0.784021466,-0.036731220,-0.026994474,0.619057716
1718187393516749312.000000000,-0.317794983,1.057020752,1.334042847,0.783836184,-0.037858528,-0.026416084,0.619249351
1718187393526749184.000000000,-0.317741150,1.050381958,1.334502319,0.784486784,-0.038732178,-0.026574198,0.618364064
1718187393536749312.000000000,-0.317995636,1.043750366,1.334737915,0.784789026,-0.041424127,-0.025089260,0.617867910
1718187393546749440.000000000,-0.318145294,1.037036133,1.335024536,0.785515984,-0.043620434,-0.023553022,0.616852617
1718187393556749312.000000000,-0.318342316,1.030279907,1.335420654,0.786541974,-0.044281657,-0.023063660,0.615515171
1718187393566749184.000000000,-0.318539246,1.023472046,1.335566528,0.787490615,-0.045916631,-0.020466940,0.614272984
1718187393576749312.000000000,-0.318869385,1.016425964,1.335859009,0.789098913,-0.046529004,-0.019423124,0.612193351
1718187393586749440.000000000,-0.319136688,1.009406921,1.335900635,0.790255229,-0.045814777,-0.016834040,0.610830824
1718187393596749312.000000000,-0.319533112,1.002290039,1.336030029,0.791694898,-0.044777186,-0.015810394,0.609068325
1718187393606749184.000000000,-0.319991455,0.995146179,1.336156494,0.793193923,-0.042954039,-0.015119020,0.607264165
1718187393616749312.000000000,-0.320546356,0.988070740,1.336253296,0.794549617,-0.041188068,-0.015090268,0.605612692
1718187393626749440.000000000,-0.321146027,0.981109802,1.336436157,0.796070813,-0.038581737,-0.015864261,0.603764056
1718187393636749312.000000000,-0.321903259,0.974296631,1.336700073,0.797528697,-0.037111362,-0.017956198,0.601870666
1718187393646749184.000000000,-0.322618500,0.967706970,1.336769043,0.798497843,-0.035230377,-0.018592146,0.600678239
1718187393656749312.000000000,-0.323369934,0.961159973,1.337004395,0.799612934,-0.034089056,-0.020650514,0.599191662
1718187393666749440.000000000,-0.324138824,0.954745361,1.337189331,0.800562833,-0.033596841,-0.022646943,0.597877512
1718187393676749312.000000000,-0.324855194,0.948436279,1.337387451,0.801447681,-0.033188034,-0.024221423,0.596651901
1718187393686749184.000000000,-0.325536377,0.942161560,1.337555786,0.802252706,-0.033254868,-0.025725495,0.595502232
1718187393696749312.000000000,-0.326162689,0.935904907,1.337686646,0.803050712,-0.033631906,-0.026448996,0.594372695
1718187393706749440.000000000,-0.326730042,0.929607788,1.337796997,0.803882568,-0.033575209,-0.026646560,0.593241504
1718187393716749312.000000000,-0.327243439,0.923277710,1.337854614,0.804606927,-0.033579018,-0.026572066,0.592261823
1718187393726749184.000000000,-0.327736237,0.916863586,1.337865723,0.805515235,-0.033686861,-0.025804286,0.591053755
1718187393736749312.000000000,-0.328183533,0.910386169,1.337817017,0.806385451,-0.033318424,-0.024812599,0.589929421
1718187393746749440.000000000,-0.328611938,0.903839905,1.337739746,0.807456993,-0.032777615,-0.023224145,0.588557110
1718187393756749312.000000000,-0.329056366,0.897254333,1.337604370,0.808424967,-0.032341345,-0.021834078,0.587304336
1718187393766749184.000000000,-0.329395874,0.890744202,1.337349854,0.809257392,-0.031344087,-0.019443008,0.586295139
1718187393776749312.000000000,-0.330055908,0.884011597,1.337211060,0.810376425,-0.031279876,-0.018965806,0.584766549
1718187393786749440.000000000,-0.330686676,0.877362000,1.336962158,0.811458784,-0.031095715,-0.017843717,0.583308923
1718187393796749312.000000000,-0.331357086,0.870721191,1.336672974,0.812603112,-0.030643476,-0.017044289,0.581761680
1718187393806749184.000000000,-0.332164795,0.864087036,1.336329834,0.813850153,-0.030019973,-0.017177546,0.580044534
1718187393816749312.000000000,-0.333043701,0.857464783,1.335941284,0.815258373,-0.029482559,-0.018591437,0.578047508
1718187393826749440.000000000,-0.333798920,0.850766113,1.335814209,0.815875998,-0.031063354,-0.017740183,0.577119320
1718187393836749312.000000000,-0.334831024,0.844096863,1.335322388,0.817132253,-0.030231451,-0.017540470,0.575389670
1718187393846749184.000000000,-0.335788422,0.837376953,1.334930786,0.818314813,-0.030437514,-0.018017436,0.573680919
1718187393856749312.000000000,-0.336730286,0.830664490,1.334519775,0.819313912,-0.030565867,-0.018376186,0.572234879
1718187393866749440.000000000,-0.337715698,0.823868530,1.334110962,0.820614701,-0.030292467,-0.019268973,0.570353036
1718187393876749312.000000000,-0.338740387,0.817053101,1.333588501,0.821927448,-0.030356260,-0.019482844,0.568448930
1718187393886749184.000000000,-0.339776978,0.810211182,1.333079346,0.823411908,-0.030343350,-0.019678668,0.566290438
1718187393896749312.000000000,-0.340844666,0.803361877,1.332546997,0.825020214,-0.029984209,-0.019422893,0.563972823
1718187393906749440.000000000,-0.341922089,0.796539856,1.332038574,0.826729368,-0.029738153,-0.019564633,0.561472546
1718187393916749312.000000000,-0.342863434,0.789822449,1.331530396,0.828269981,-0.031807853,-0.018949045,0.559104671
1718187393926749184.000000000,-0.344076935,0.783000305,1.331055054,0.830486512,-0.030049009,-0.019898447,0.555871624
1718187393936749312.000000000,-0.345183044,0.776314636,1.330620850,0.832328216,-0.030047252,-0.019915731,0.553109634
1718187393946749440.000000000,-0.346297852,0.769674866,1.330202637,0.833887084,-0.030611815,-0.019764517,0.550730980
1718187393956749312.000000000,-0.347367859,0.763087158,1.329846680,0.835505971,-0.031252315,-0.019804874,0.548234286
1718187393966749184.000000000,-0.348388275,0.756589905,1.329552368,0.837300398,-0.031591806,-0.019379392,0.545485508
1718187393976749312.000000000,-0.349419769,0.750175171,1.329286377,0.838932389,-0.032368709,-0.018933994,0.542942186
1718187393986749440.000000000,-0.350352234,0.743849487,1.329080688,0.840759133,-0.031327838,-0.018442153,0.540187499
1718187393996749312.000000000,-0.351619049,0.737580811,1.329030640,0.841984340,-0.031038046,-0.017315307,0.538330002
1718187394006749184.000000000,-0.352689819,0.731370300,1.328890625,0.843879809,-0.032485755,-0.016077969,0.535306494
1718187394016749312.000000000,-0.353886627,0.725067810,1.328817261,0.845989695,-0.033747899,-0.014186972,0.531941016
1718187394026749440.000000000,-0.354921143,0.718963013,1.328616333,0.848623234,-0.037945128,-0.012706344,0.527482059
1718187394036749312.000000000,-0.356138397,0.712930359,1.328619141,0.851026458,-0.039432572,-0.010824062,0.523528298
1718187394046749184.000000000,-0.357331451,0.706909302,1.328675293,0.853881873,-0.040432652,-0.009202053,0.518812364
1718187394056749312.000000000,-0.358766724,0.700983826,1.328812378,0.856084250,-0.040461966,-0.007825179,0.515190598
1718187394066749440.000000000,-0.360148010,0.695008240,1.329044556,0.858691229,-0.041673699,-0.007643036,0.510738935
1718187394076749312.000000000,-0.361499908,0.689035034,1.329205322,0.861111367,-0.041606284,-0.008010153,0.506647775
1718187394086749184.000000000,-0.363150269,0.683180908,1.329588623,0.864471410,-0.041033373,-0.005155286,0.500977911
1718187394096749312.000000000,-0.364694824,0.677234070,1.329943237,0.866965670,-0.039954879,-0.005200841,0.496736435
1718187394106749440.000000000,-0.366499695,0.671265808,1.330532227,0.868634490,-0.035012470,-0.005428596,0.494184965
1718187394116749312.000000000,-0.368076447,0.665326477,1.331074097,0.870698793,-0.033106252,-0.006385919,0.490659564
1718187394126749184.000000000,-0.369829071,0.659451843,1.331869873,0.872141171,-0.029499147,-0.009313712,0.488275366
1718187394136749312.000000000,-0.371542999,0.653550476,1.332383911,0.873530833,-0.029935093,-0.009605502,0.485752517
1718187394146749440.000000000,-0.373192017,0.647791931,1.333173340,0.875737407,-0.028934890,-0.002209346,0.481914811
1718187394156749312.000000000,-0.374852966,0.642151855,1.333906372,0.877046661,-0.028120979,-0.002204769,0.479576379
1718187394166749184.000000000,-0.376558716,0.636633423,1.334633545,0.878245664,-0.028012961,-0.001282948,0.477386826
1718187394176749312.000000000,-0.378317322,0.631216492,1.335315918,0.879645402,-0.028622596,-0.000513955,0.474767784
1718187394186749440.000000000,-0.380121216,0.625890564,1.336006592,0.881155523,-0.029587605,0.001227807,0.471898305
1718187394196749312.000000000,-0.382051239,0.620604004,1.336629272,0.882883949,-0.030499601,0.002799358,0.468591368
1718187394206749184.000000000,-0.384004791,0.615276184,1.337236450,0.884998290,-0.031847877,0.004228151,0.464484511
1718187394216749312.000000000,-0.386227570,0.610174805,1.337840942,0.886075970,-0.032429055,0.004693447,0.462380476
1718187394226749440.000000000,-0.388545715,0.604871399,1.338402344,0.888068732,-0.032856370,0.005187198,0.458505702
1718187394236749312.000000000,-0.391187683,0.599616699,1.339138062,0.889579826,-0.030837601,0.002624770,0.455730059
1718187394246749184.000000000,-0.393720520,0.594236145,1.339602905,0.891445702,-0.030330139,0.002065223,0.452106601
1718187394256749312.000000000,-0.396321014,0.588862610,1.340013306,0.893266294,-0.030258761,0.001288665,0.448506493
1718187394266749440.000000000,-0.398961761,0.583419556,1.340440063,0.894903862,-0.029338341,0.000131633,0.445293523
1718187394276749312.000000000,-0.401643463,0.578421997,1.340450928,0.896971508,-0.032850718,0.001714211,0.440862796
1718187394286749184.000000000,-0.404451324,0.573270569,1.340832764,0.898341818,-0.032713597,0.000584119,0.438077000
1718187394296749312.000000000,-0.407491272,0.568207092,1.341599854,0.899231199,-0.029223256,-0.004441726,0.436473967
1718187394306749440.000000000,-0.410321411,0.563254578,1.341976685,0.900449578,-0.029329525,-0.005774676,0.433932010
1718187394316749312.000000000,-0.413173401,0.558373169,1.342322021,0.901569350,-0.029953147,-0.006688713,0.431544641
1718187394326749184.000000000,-0.416043640,0.553556091,1.342648804,0.902684677,-0.031399012,-0.007055042,0.429097545
1718187394336749312.000000000,-0.418925476,0.548695740,1.342953735,0.903812636,-0.032276240,-0.007748854,0.426639097
1718187394346749440.000000000,-0.421825256,0.543858215,1.343179810,0.904904358,-0.033725606,-0.007693519,0.424206903
1718187394356749312.000000000,-0.424659180,0.538863464,1.343414307,0.905931368,-0.034507891,-0.007652110,0.421946688
1718187394366749184.000000000,-0.427829376,0.534227112,1.343509644,0.907944902,-0.034593583,-0.006459123,0.417609410
1718187394376749312.000000000,-0.430855865,0.529200134,1.343576416,0.909082477,-0.035124832,-0.005259071,0.415099552
1718187394386749440.000000000,-0.433991150,0.524051636,1.343655640,0.910146027,-0.034932858,-0.003996468,0.412792845
1718187394396749312.000000000,-0.437135590,0.518876465,1.343603149,0.911399493,-0.034705904,-0.002533735,0.410048831
1718187394406749184.000000000,-0.440446533,0.513947021,1.343439209,0.913206635,-0.040131733,0.000442247,0.405515585
1718187394416749312.000000000,-0.443781677,0.508733398,1.343230225,0.914329203,-0.039764935,0.002328398,0.403007986
1718187394426749440.000000000,-0.447194702,0.503521912,1.342979614,0.915565319,-0.039772962,0.003847115,0.400179282
1718187394436749312.000000000,-0.450699371,0.498400543,1.342640503,0.916608966,-0.039666133,0.005681560,0.397771694
1718187394446749184.000000000,-0.454335083,0.493333679,1.342231323,0.917700734,-0.039916546,0.007078742,0.395198587
1718187394456749312.000000000,-0.458088226,0.488278809,1.341791016,0.918706288,-0.040455016,0.008270385,0.392776970
1718187394466749440.000000000,-0.461966827,0.483300995,1.341265991,0.919707920,-0.041013175,0.008996756,0.390351533
1718187394476749312.000000000,-0.465959045,0.478363068,1.340712891,0.920564810,-0.041693093,0.009706128,0.388236922
1718187394486749184.000000000,-0.470076752,0.473422760,1.340124878,0.921378800,-0.042874202,0.010118612,0.386161266
1718187394496749312.000000000,-0.474298676,0.468521729,1.339463135,0.922144569,-0.043644959,0.010120856,0.384242216
1718187394506749440.000000000,-0.478628174,0.463605072,1.338792603,0.922842998,-0.044574771,0.009702581,0.382465359
1718187394516749312.000000000,-0.483057922,0.458690552,1.338101929,0.923401614,-0.045474132,0.009535797,0.381012639
1718187394526749184.000000000,-0.487572845,0.453796906,1.337387329,0.923935997,-0.046363186,0.009351749,0.379612002
1718187394536749312.000000000,-0.492159119,0.448905243,1.336660400,0.924572784,-0.047154472,0.008963216,0.377969950
1718187394546749440.000000000,-0.496850555,0.444038422,1.335923340,0.925186481,-0.047964365,0.008996329,0.376362141
1718187394556749312.000000000,-0.501612854,0.439242126,1.335163452,0.925810706,-0.049079620,0.008993347,0.374679659
1718187394566749184.000000000,-0.506480927,0.434461182,1.334448120,0.926553518,-0.049757883,0.009224293,0.372743402
1718187394576749312.000000000,-0.511414459,0.429682404,1.333740234,0.927296011,-0.051027933,0.009606478,0.370710093
1718187394586749440.000000000,-0.516402710,0.424959991,1.333058960,0.928080185,-0.051935812,0.009904168,0.368607853
1718187394596749312.000000000,-0.521490845,0.420286194,1.332422485,0.928892834,-0.052781703,0.010783150,0.366409496
1718187394606749184.000000000,-0.526647034,0.415639801,1.331831787,0.929735309,-0.053970605,0.011470743,0.364071217
1718187394616749312.000000000,-0.531847656,0.411056915,1.331313232,0.930556375,-0.054893521,0.012388782,0.361798360
1718187394626749440.000000000,-0.537058472,0.406510376,1.330940308,0.931673956,-0.054042733,0.012450412,0.359037615
1718187394636749312.000000000,-0.542481079,0.402081390,1.330382813,0.932076901,-0.057052437,0.014970215,0.357426304
1718187394646749184.000000000,-0.547894470,0.397657745,1.329960693,0.932864699,-0.057814620,0.016429753,0.355177400
1718187394656749312.000000000,-0.553414001,0.393304169,1.329565674,0.933744951,-0.059021479,0.017548103,0.352603028
1718187394666749440.000000000,-0.558992981,0.388922180,1.329242554,0.934649797,-0.059613063,0.018414786,0.350052761
1718187394676749312.000000000,-0.564653748,0.384602051,1.328946167,0.935646913,-0.059704734,0.018771357,0.347343971
1718187394686749184.000000000,-0.570412781,0.380241486,1.328671021,0.936619023,-0.059696302,0.018851483,0.344711154
1718187394696749312.000000000,-0.576246521,0.375871490,1.328499512,0.937705960,-0.058968481,0.018107330,0.341909895
1718187394706749440.000000000,-0.582344910,0.371608185,1.328551880,0.939022902,-0.059823497,0.015756645,0.338243799
1718187394716749312.000000000,-0.588252808,0.367239960,1.328440796,0.939974082,-0.057897351,0.014257339,0.335996057
1718187394726749184.000000000,-0.594169373,0.362918213,1.328388794,0.940912501,-0.056058940,0.011643500,0.333774610
1718187394736749312.000000000,-0.600028931,0.358680084,1.328400024,0.941781166,-0.054343482,0.009388378,0.331672851
1718187394746749440.000000000,-0.605832092,0.354562927,1.328429810,0.942680395,-0.052880102,0.005597074,0.329432907
1718187394756749312.000000000,-0.611605225,0.350567566,1.328577271,0.943196738,-0.051668933,0.003767519,0.328170750
1718187394766749184.000000000,-0.617332275,0.346685486,1.328810425,0.943643012,-0.050489950,0.002938149,0.327077969
1718187394776749312.000000000,-0.623049500,0.342923584,1.329211426,0.944157167,-0.050990003,0.002330031,0.325517794
1718187394786749440.000000000,-0.628649048,0.339393860,1.329504639,0.944677166,-0.051691608,0.002594816,0.323892416
1718187394796749312.000000000,-0.634056580,0.336050262,1.329700073,0.944895609,-0.052047594,0.003969505,0.323183507
1718187394806749184.000000000,-0.639597778,0.332718811,1.330046143,0.945428247,-0.053289673,0.005379562,0.321398040
1718187394816749312.000000000,-0.645277100,0.329306702,1.330586548,0.946199063,-0.055715358,0.006555884,0.318685036
1718187394826749440.000000000,-0.650722107,0.325972168,1.330961670,0.946702731,-0.056762186,0.008195978,0.316961857
1718187394836749312.000000000,-0.656360779,0.322617615,1.331244263,0.947427339,-0.056689872,0.010156244,0.314745210
1718187394846749184.000000000,-0.662082153,0.319102997,1.331622314,0.948320863,-0.056962337,0.011174370,0.311958277
1718187394856749312.000000000,-0.667851868,0.315455078,1.331951538,0.949221237,-0.056567048,0.012351497,0.309235593
1718187394866749440.000000000,-0.673729797,0.311694214,1.332353760,0.950322260,-0.055106403,0.011767402,0.306124834
1718187394876749312.000000000,-0.679726013,0.307883942,1.332690552,0.951432640,-0.053336758,0.011496939,0.302983402
1718187394886749184.000000000,-0.685690308,0.304061676,1.333026245,0.952536087,-0.051056388,0.010840038,0.299917892
1718187394896749312.000000000,-0.691575623,0.300388184,1.333177246,0.953551569,-0.048996278,0.011250108,0.297005395
1718187394906749440.000000000,-0.697532959,0.296709167,1.333522095,0.954666694,-0.047032460,0.010041616,0.293766264
1718187394916749312.000000000,-0.703464355,0.293200623,1.333856812,0.955703147,-0.045628778,0.008889966,0.290638053
1718187394926749184.000000000,-0.709285522,0.289822937,1.334213623,0.956715912,-0.044798965,0.007441943,0.287458404
1718187394936749312.000000000,-0.715047302,0.286604309,1.334620850,0.957653200,-0.044344619,0.006272846,0.284419681
1718187394946749440.000000000,-0.720701965,0.283560394,1.335032715,0.958566932,-0.044821525,0.005346423,0.281268349
1718187394956749312.000000000,-0.726297241,0.280588196,1.335500854,0.959340793,-0.045531644,0.005153033,0.278505940
1718187394966749184.000000000,-0.731748901,0.277674377,1.335936646,0.959952003,-0.046397741,0.005747328,0.276236077
1718187394976749312.000000000,-0.737163147,0.274759277,1.336356445,0.960551430,-0.047409892,0.006178200,0.273961827
1718187394986749440.000000000,-0.742530457,0.271841278,1.336711060,0.961139523,-0.048173735,0.007297442,0.271729378
1718187394996749312.000000000,-0.747903259,0.268843414,1.337075562,0.961702332,-0.048647536,0.008315522,0.269616199
1718187395006749184.000000000,-0.753293579,0.265788513,1.337372192,0.962223807,-0.048832499,0.009689581,0.267669280
1718187395016749312.000000000,-0.758726990,0.262624512,1.337637085,0.962896967,-0.048524897,0.010735053,0.265253696
1718187395026749440.000000000,-0.764258057,0.259381378,1.337878418,0.963541168,-0.048095013,0.011863892,0.262934470
1718187395036749312.000000000,-0.769840210,0.256090057,1.338094116,0.964208018,-0.047343078,0.013092649,0.260557312
1718187395046749184.000000000,-0.775478394,0.252753204,1.338212158,0.965042500,-0.046649521,0.013620491,0.257548594
1718187395056749312.000000000,-0.781167358,0.249413437,1.338307983,0.965780763,-0.046093931,0.014562403,0.254815235
1718187395066749440.000000000,-0.786903870,0.246048737,1.338370361,0.966542858,-0.045620370,0.015149398,0.251960674
1718187395076749312.000000000,-0.792667236,0.242692291,1.338384033,0.967309732,-0.045457309,0.015523068,0.249007129
1718187395086749184.000000000,-0.798437561,0.239361298,1.338329956,0.967991454,-0.045436344,0.016151296,0.246307164
1718187395096749312.000000000,-0.804218384,0.236041595,1.338216309,0.968677046,-0.045742872,0.016731524,0.243500363
1718187395106749440.000000000,-0.809977112,0.232741287,1.338091064,0.969350372,-0.046259025,0.017134331,0.240678984
1718187395116749312.000000000,-0.815785034,0.229432938,1.337893921,0.969949382,-0.046903422,0.017642311,0.238090351
1718187395126749184.000000000,-0.821565125,0.226129013,1.337714722,0.970567232,-0.047721478,0.017717523,0.235389035
1718187395136749312.000000000,-0.827450623,0.222761230,1.337596069,0.970956297,-0.047647961,0.019906371,0.233617801
1718187395146749440.000000000,-0.833302124,0.219382095,1.337486450,0.971443927,-0.047653404,0.021329650,0.231453875
1718187395156749312.000000000,-0.839089600,0.216011520,1.337230957,0.972148003,-0.048932591,0.019544373,0.228367859
1718187395166749184.000000000,-0.844864868,0.212592850,1.336993530,0.972797078,-0.050205019,0.018020247,0.225434185
1718187395176749312.000000000,-0.850653381,0.209153763,1.336758301,0.973439764,-0.051261802,0.016206164,0.222541265
1718187395186749440.000000000,-0.856388733,0.205658447,1.336567993,0.974156717,-0.052082298,0.014603962,0.219300817
1718187395196749312.000000000,-0.862215515,0.202132401,1.336441162,0.974890999,-0.053636062,0.013735254,0.215689721
1718187395206749184.000000000,-0.867911499,0.198632004,1.336263672,0.975530705,-0.054188724,0.013648888,0.212643207
1718187395216749312.000000000,-0.873551819,0.195175629,1.336047119,0.976155540,-0.054510045,0.013980753,0.209651033
1718187395226749440.000000000,-0.879032471,0.191668579,1.335889404,0.976543435,-0.054918323,0.014663024,0.207682193
1718187395236749312.000000000,-0.884585083,0.188200378,1.335687866,0.977323579,-0.053778260,0.015795949,0.204198452
1718187395246749184.000000000,-0.890036926,0.184662140,1.335577026,0.977986524,-0.053529794,0.017162861,0.200953619
1718187395256749312.000000000,-0.895434448,0.181154221,1.335433472,0.978599002,-0.053179550,0.018786886,0.197896393
1718187395266749440.000000000,-0.900777771,0.177597916,1.335344604,0.979280172,-0.052424026,0.020723159,0.194506085
1718187395276749312.000000000,-0.905992920,0.174027679,1.335243652,0.979706133,-0.051848614,0.023147226,0.192228560
1718187395286749184.000000000,-0.911385681,0.170441162,1.335155151,0.980457856,-0.050758788,0.025550033,0.188343127
1718187395296749312.000000000,-0.916727417,0.166837799,1.335150146,0.981121427,-0.049730684,0.027064756,0.184919179
1718187395306749440.000000000,-0.922074341,0.163266693,1.335098633,0.981702928,-0.048397798,0.030008045,0.181704519
1718187395316749312.000000000,-0.927438843,0.159744232,1.335043457,0.982312096,-0.047030389,0.032284038,0.178350302
1718187395326749184.000000000,-0.932842346,0.156296387,1.334947388,0.982915064,-0.045510518,0.035280276,0.174820112
1718187395336749312.000000000,-0.938399231,0.152828918,1.335092896,0.983731105,-0.043183151,0.035231021,0.170783794
1718187395346749440.000000000,-0.944072021,0.149392975,1.335336914,0.984538751,-0.043452312,0.035790589,0.165874586
1718187395356749312.000000000,-0.949715759,0.146282303,1.335258423,0.985321763,-0.041263061,0.036152300,0.161652075
1718187395366749184.000000000,-0.955494202,0.143166809,1.335429443,0.986159670,-0.040694836,0.035622633,0.156729266
1718187395376749312.000000000,-0.961290222,0.140169479,1.335687866,0.987015002,-0.040477369,0.034069861,0.151664804
1718187395386749440.000000000,-0.967258606,0.137330658,1.336087036,0.987865884,-0.041382362,0.031928239,0.146250072
1718187395396749312.000000000,-0.972991028,0.134543213,1.336383911,0.988570235,-0.041282818,0.029471207,0.141972064
1718187395406749184.000000000,-0.978771973,0.131820038,1.336893188,0.989175265,-0.042539252,0.026986804,0.137820244
1718187395416749312.000000000,-0.984506165,0.129197342,1.337402954,0.989715231,-0.043358556,0.024657421,0.134073896
1718187395426749440.000000000,-0.990201111,0.126671059,1.338018677,0.990168444,-0.044631851,0.021870438,0.130752186
1718187395436749312.000000000,-0.995892883,0.124290581,1.338682861,0.990501217,-0.046650372,0.020226469,0.127757473
1718187395446749184.000000000,-1.001337646,0.121799423,1.339231689,0.990835381,-0.047804275,0.019484808,0.124821234
1718187395456749312.000000000,-1.006749512,0.119418343,1.339814941,0.991142534,-0.049267398,0.019945307,0.121702037
1718187395466749440.000000000,-1.012195374,0.117082924,1.340381714,0.991393042,-0.050305249,0.020746474,0.119074771
1718187395476749312.000000000,-1.017649170,0.114745148,1.340980835,0.991708523,-0.050872086,0.021676255,0.116001623
1718187395486749184.000000000,-1.023163330,0.112376503,1.341638672,0.992041994,-0.051016577,0.022416218,0.112904845
1718187395496749312.000000000,-1.028746094,0.110013687,1.342347168,0.992420198,-0.050917592,0.022687628,0.109520866
1718187395506749440.000000000,-1.034431396,0.107691635,1.343120728,0.992861936,-0.050266960,0.022327785,0.105829479
1718187395516749312.000000000,-1.040192749,0.105492218,1.343889771,0.993316209,-0.049430449,0.021532809,0.102058206
1718187395526749184.000000000,-1.045866821,0.103245255,1.344611938,0.993881161,-0.047185921,0.020717204,0.097696081
1718187395536749312.000000000,-1.051507446,0.101000069,1.345515503,0.994282302,-0.046654576,0.020333611,0.093875442
1718187395546749440.000000000,-1.057123047,0.098868042,1.346425049,0.994666345,-0.046213917,0.019976996,0.090022528
1718187395556749312.000000000,-1.062818359,0.097035934,1.347315674,0.995133105,-0.045669694,0.019860077,0.085029167
1718187395566749184.000000000,-1.068113525,0.094909821,1.348212524,0.995278296,-0.045568087,0.020359915,0.083247441
1718187395576749312.000000000,-1.073529541,0.093057266,1.349124390,0.995478683,-0.046344793,0.021643816,0.080036845
1718187395586749440.000000000,-1.079065918,0.091428345,1.349951050,0.995771357,-0.046998334,0.023345081,0.075402714
1718187395596749312.000000000,-1.084451172,0.089642616,1.350734253,0.995871293,-0.047958306,0.025372069,0.072777924
1718187395606749184.000000000,-1.089867310,0.087839005,1.351422607,0.995966719,-0.048630105,0.027554331,0.070186651
1718187395616749312.000000000,-1.095392578,0.085996124,1.352022583,0.996039071,-0.049374355,0.029572584,0.067777617
1718187395626749440.000000000,-1.101053711,0.084128204,1.352557129,0.996109739,-0.049825832,0.031338463,0.065579535
1718187395636749312.000000000,-1.106857544,0.082163017,1.352984741,0.996220104,-0.049928436,0.032591509,0.063170008
1718187395646749184.000000000,-1.112809448,0.080102608,1.353331177,0.996292226,-0.049561944,0.033959318,0.061580663
1718187395656749312.000000000,-1.118721802,0.077956184,1.353528320,0.996359530,-0.049920121,0.033835072,0.060256587
1718187395666749440.000000000,-1.125115601,0.076163185,1.353672241,0.996638305,-0.049201531,0.033795711,0.056117267
1718187395676749312.000000000,-1.131329834,0.074120430,1.353685547,0.996771837,-0.050048205,0.032382803,0.053781374
1718187395686749184.000000000,-1.137417358,0.071952782,1.353676514,0.996811452,-0.050185377,0.032062296,0.053107129
1718187395696749312.000000000,-1.143880859,0.070232376,1.353591309,0.996990213,-0.050454329,0.032030953,0.049385153
1718187395706749440.000000000,-1.150195190,0.068463707,1.353588257,0.997088189,-0.048956904,0.034089286,0.047500367
1718187395716749312.000000000,-1.156470703,0.066760025,1.353447021,0.997133803,-0.049781272,0.034545600,0.045305686
1718187395726749184.000000000,-1.162685547,0.065093018,1.353203125,0.997153306,-0.050378530,0.035385918,0.043533035
1718187395736749312.000000000,-1.168729248,0.063253746,1.352993530,0.997040034,-0.051924804,0.036473245,0.043412999
1718187395746749440.000000000,-1.175139648,0.061877041,1.352599609,0.997136714,-0.052175337,0.037248632,0.040107949
1718187395756749312.000000000,-1.181399292,0.060270737,1.352227783,0.997122446,-0.052788392,0.038171574,0.038770409
1718187395766749184.000000000,-1.187793579,0.058775921,1.351671021,0.997254494,-0.051909565,0.038161194,0.036504722
1718187395776749312.000000000,-1.194230469,0.057103230,1.351192871,0.997276950,-0.052125762,0.038472178,0.035234669
1718187395786749440.000000000,-1.200729370,0.055384354,1.350636963,0.997336367,-0.051690880,0.038605826,0.034026668
1718187395796749312.000000000,-1.207306885,0.053627815,1.350088013,0.997346602,-0.051843141,0.038943339,0.033097738
1718187395806749184.000000000,-1.213962036,0.051886749,1.349471802,0.997419230,-0.051352656,0.038623977,0.032030796
1718187395816749312.000000000,-1.220562378,0.050007217,1.348930908,0.997366065,-0.051831853,0.039457473,0.031898252
1718187395826749440.000000000,-1.227295410,0.048452393,1.348146973,0.997545271,-0.049644090,0.039242003,0.029982698
1718187395836749312.000000000,-1.233974731,0.046798679,1.347460571,0.997589332,-0.048695868,0.040086080,0.028936900
1718187395846749184.000000000,-1.240645386,0.045238899,1.346727417,0.997615154,-0.048035659,0.041040443,0.027789603
1718187395856749312.000000000,-1.247296509,0.043741497,1.345985718,0.997615564,-0.047352537,0.042538621,0.026671890
1718187395866749440.000000000,-1.253975342,0.042318039,1.345241821,0.997600823,-0.046900554,0.044159302,0.025355307
1718187395876749312.000000000,-1.260680786,0.040971764,1.344461060,0.997583916,-0.046189713,0.045972401,0.024070279
1718187395886749184.000000000,-1.267465332,0.039676071,1.343689087,0.997536186,-0.046163534,0.047600268,0.022906357
1718187395896749312.000000000,-1.274351563,0.038439198,1.342914795,0.997522954,-0.045880585,0.048864890,0.021334274
1718187395906749440.000000000,-1.281312256,0.037248909,1.342120728,0.997501223,-0.045791234,0.049893249,0.020128003
1718187395916749312.000000000,-1.288400024,0.036085541,1.341354736,0.997539764,-0.045308097,0.050147423,0.018623422
1718187395926749184.000000000,-1.295468262,0.034852669,1.340580078,0.997507316,-0.047238418,0.049350852,0.017668637
1718187395936749312.000000000,-1.302663208,0.033790844,1.339914551,0.997529727,-0.047071016,0.049484291,0.016433749
1718187395946749440.000000000,-1.309887451,0.032791985,1.339310913,0.997543288,-0.047061339,0.049587194,0.015288180
1718187395956749312.000000000,-1.317177612,0.031994703,1.338811890,0.997539988,-0.046393405,0.050679379,0.013900500
1718187395966749184.000000000,-1.324442749,0.031189877,1.338365356,0.997552545,-0.046905644,0.050320994,0.012513142
1718187395976749312.000000000,-1.331688354,0.030434603,1.338016113,0.997543472,-0.047877062,0.049936816,0.011005575
1718187395986749440.000000000,-1.338947144,0.029713989,1.337793579,0.997549821,-0.048583986,0.049414055,0.009602197
1718187395996749312.000000000,-1.346198975,0.029084494,1.337703857,0.997571262,-0.049327041,0.048506110,0.008097945
1718187396006749184.000000000,-1.353435913,0.028398071,1.337887573,0.997484401,-0.051623597,0.048077010,0.006962379
1718187396016749312.000000000,-1.360612671,0.027790993,1.337953491,0.997661145,-0.050089081,0.046202057,0.005356618
1718187396026749440.000000000,-1.367850830,0.027238401,1.338232300,0.997745379,-0.049909468,0.044719941,0.003650980
1718187396036749312.000000000,-1.375072266,0.026741516,1.338610718,0.997818290,-0.049816922,0.043275361,0.002043743
1718187396046749184.000000000,-1.382223877,0.026244766,1.339070313,0.997909585,-0.049283415,0.041801900,0.000453721
1718187396056749312.000000000,-1.389281372,0.025780533,1.339583984,0.997971268,-0.048799555,0.040875643,-0.001064228
1718187396066749440.000000000,-1.396244629,0.025344288,1.340149414,0.997997747,-0.048563446,0.040459341,-0.002264869
1718187396076749312.000000000,-1.403105103,0.024908085,1.340741821,0.997992049,-0.048365005,0.040747048,-0.003517655
1718187396086749184.000000000,-1.409854858,0.024500771,1.341359741,0.997962117,-0.048232331,0.041561658,-0.004229023
1718187396096749312.000000000,-1.416535645,0.024113762,1.342010132,0.997907462,-0.048039614,0.043008615,-0.004811567
1718187396106749440.000000000,-1.423134888,0.023695913,1.342661255,0.997829582,-0.047901411,0.044885231,-0.005186189
1718187396116749312.000000000,-1.429719116,0.023315496,1.343341675,0.997724064,-0.047844601,0.047206425,-0.005398144
1718187396126749184.000000000,-1.436291016,0.022866497,1.344028320,0.997629699,-0.047248959,0.049695816,-0.005731147
1718187396136749312.000000000,-1.442890015,0.022396423,1.344705566,0.997532738,-0.046649014,0.052098735,-0.006166716
1718187396146749440.000000000,-1.449552124,0.021912115,1.345377686,0.997493275,-0.045311396,0.053886270,-0.007093226
1718187396156749312.000000000,-1.456269287,0.021366993,1.346022949,0.997478137,-0.044136611,0.054947085,-0.008375129
1718187396166749184.000000000,-1.463071289,0.020845692,1.346646606,0.997508194,-0.042509988,0.055403269,-0.010038965
1718187396176749312.000000000,-1.469939697,0.020316071,1.347241455,0.997574828,-0.040701264,0.055100342,-0.012321637
1718187396186749440.000000000,-1.476840698,0.019813084,1.347840576,0.997631769,-0.039652814,0.054262734,-0.014630889
1718187396196749312.000000000,-1.483755493,0.019331032,1.348412231,0.997718603,-0.038543135,0.052643082,-0.017341332
1718187396206749184.000000000,-1.490633057,0.018894064,1.348972656,0.997785353,-0.038013902,0.050895110,-0.019723585
1718187396216749312.000000000,-1.497452515,0.018489162,1.349526733,0.997831443,-0.037940502,0.049084152,-0.021992650
1718187396226749440.000000000,-1.504148071,0.018066061,1.350069946,0.997846345,-0.038055133,0.047752396,-0.023962223
1718187396236749312.000000000,-1.510755005,0.017635662,1.350540649,0.997852662,-0.038270123,0.046564149,-0.025636763
1718187396246749184.000000000,-1.517253174,0.017181253,1.350953003,0.997830191,-0.038541570,0.046262757,-0.026631085
1718187396256749312.000000000,-1.523651367,0.016660015,1.351305664,0.997806128,-0.038752031,0.046156165,-0.027401103
1718187396266749440.000000000,-1.530037231,0.016123943,1.351573730,0.997764624,-0.038705452,0.046648871,-0.028134059
1718187396276749312.000000000,-1.536377686,0.015515564,1.351761963,0.997729861,-0.038431738,0.047270840,-0.028698320
1718187396286749184.000000000,-1.542777832,0.014927921,1.351845703,0.997701524,-0.037684383,0.047991801,-0.029467678
1718187396296749312.000000000,-1.549214600,0.014296329,1.351839722,0.997677037,-0.036594676,0.048589041,-0.030666993
1718187396306749440.000000000,-1.555723145,0.013644111,1.351768555,0.997658197,-0.035465990,0.048906456,-0.032069353
1718187396316749312.000000000,-1.562356079,0.013041122,1.351610840,0.997649570,-0.034111464,0.048800249,-0.033915777
1718187396326749184.000000000,-1.569045532,0.012432877,1.351426514,0.997644192,-0.032660142,0.048528231,-0.035838424
1718187396336749312.000000000,-1.575802856,0.011900478,1.351172119,0.997655537,-0.031290391,0.047714222,-0.037784834
1718187396346749440.000000000,-1.582612793,0.011385638,1.350860718,0.997638509,-0.030398794,0.047057505,-0.039735491
1718187396356749312.000000000,-1.589407593,0.010894353,1.350493774,0.997630300,-0.029823875,0.046144763,-0.041412342
1718187396366749184.000000000,-1.596188477,0.010521012,1.350104736,0.997588527,-0.028923988,0.046047799,-0.043129277
1718187396376749312.000000000,-1.602929932,0.010193321,1.349647705,0.997540516,-0.028550185,0.045756247,-0.044767974
1718187396386749440.000000000,-1.609564819,0.009906900,1.349088135,0.997464345,-0.029557457,0.044787037,-0.046747825
1718187396396749312.000000000,-1.616173706,0.009726140,1.348556152,0.997354531,-0.030116412,0.045050364,-0.048450035
1718187396406749184.000000000,-1.622739868,0.009620557,1.347981079,0.997218020,-0.030787016,0.045540647,-0.050343119
1718187396416749312.000000000,-1.629376831,0.009667865,1.347463867,0.997056685,-0.029324590,0.047813227,-0.052267873
1718187396426749440.000000000,-1.635934082,0.009706820,1.346809326,0.996885467,-0.029917193,0.048562058,-0.054461491
1718187396436749312.000000000,-1.642522583,0.009765337,1.346137695,0.996687082,-0.030729899,0.048982106,-0.057195161
1718187396446749184.000000000,-1.649153687,0.009783320,1.345424683,0.996499027,-0.031283723,0.049414812,-0.059742737
1718187396456749312.000000000,-1.655941406,0.009950899,1.344733765,0.996203819,-0.032758682,0.050264945,-0.063073417
1718187396466749440.000000000,-1.662523438,0.009829626,1.343867432,0.996147155,-0.032322002,0.049475560,-0.064794315
1718187396476749312.000000000,-1.669305542,0.009795156,1.343082153,0.995989373,-0.032952388,0.048715276,-0.067424996
1718187396486749184.000000000,-1.675986084,0.009667770,1.342203857,0.995836738,-0.032724634,0.048618475,-0.069817855
1718187396496749312.000000000,-1.682702515,0.009564472,1.341358765,0.995685509,-0.032486839,0.048054756,-0.072427295
1718187396506749440.000000000,-1.689341309,0.009439075,1.340547974,0.995512980,-0.032227687,0.047646168,-0.075134044
1718187396516749312.000000000,-1.695939941,0.009308204,1.339777588,0.995324490,-0.031729965,0.047439334,-0.077922255
1718187396526749184.000000000,-1.702431030,0.009200790,1.339041016,0.995104780,-0.031301471,0.047355651,-0.080895841
1718187396536749312.000000000,-1.708802246,0.009120266,1.338329834,0.994852986,-0.030755800,0.047554654,-0.084024824
1718187396546749440.000000000,-1.715100464,0.009084967,1.337646484,0.994576352,-0.030090836,0.048326089,-0.087046029
1718187396556749312.000000000,-1.721290161,0.009058854,1.337011108,0.994271903,-0.029372292,0.049118749,-0.090266267
1718187396566749184.000000000,-1.727410645,0.009026111,1.336397461,0.993891346,-0.028762666,0.050535832,-0.093802080
1718187396576749312.000000000,-1.733648926,0.009102092,1.335833496,0.993288741,-0.028125039,0.053303606,-0.098717703
1718187396586749440.000000000,-1.739560059,0.009249270,1.335380127,0.993118442,-0.026754363,0.053387426,-0.100745952
1718187396596749312.000000000,-1.745541992,0.009247690,1.334861084,0.992708376,-0.025393597,0.055242109,-0.104084364
1718187396606749184.000000000,-1.751534790,0.009279601,1.334379395,0.992283784,-0.023794569,0.057062680,-0.107473539
1718187396616749312.000000000,-1.757549683,0.009351050,1.333915771,0.991804019,-0.022143066,0.058868883,-0.111215677
1718187396626749440.000000000,-1.763591553,0.009447582,1.333468384,0.991322185,-0.020470441,0.060212172,-0.115046865
1718187396636749312.000000000,-1.769738159,0.009588273,1.333016724,0.990828520,-0.019074788,0.061013278,-0.119047789
1718187396646749184.000000000,-1.775929688,0.009930627,1.332615723,0.990104805,-0.015904391,0.062243297,-0.124760959
1718187396656749312.000000000,-1.782254272,0.010243937,1.332187622,0.989460879,-0.014652419,0.062150265,-0.129960838
1718187396666749440.000000000,-1.788644531,0.010617238,1.331725708,0.988827424,-0.013850066,0.060796987,-0.135396559
1718187396676749312.000000000,-1.795209229,0.011161716,1.331344360,0.988204618,-0.013846539,0.058442917,-0.140869910
1718187396686749184.000000000,-1.801815063,0.011773677,1.331005249,0.987577367,-0.013892062,0.055614207,-0.146304529
1718187396696749312.000000000,-1.808354370,0.012382757,1.330692017,0.987054730,-0.014056034,0.051909505,-0.151098617
1718187396706749440.000000000,-1.814846680,0.013126308,1.330517456,0.986469505,-0.014884445,0.048250855,-0.155975072
1718187396716749312.000000000,-1.821386475,0.014082614,1.330603516,0.985898969,-0.016579028,0.045036238,-0.160312492
1718187396726749184.000000000,-1.827525024,0.014875829,1.330519043,0.985312074,-0.017254553,0.043352667,-0.164264858
1718187396736749312.000000000,-1.833523315,0.015772821,1.330544556,0.984776219,-0.017542978,0.042317535,-0.167682044
1718187396746749440.000000000,-1.839315186,0.016649567,1.330448730,0.984439988,-0.017035853,0.040878185,-0.170049004
1718187396756749312.000000000,-1.844986694,0.017590830,1.330502441,0.983718555,-0.017116078,0.043204550,-0.173603602
1718187396766749184.000000000,-1.850620605,0.018569983,1.330436401,0.983096367,-0.016176385,0.044742771,-0.176799160
1718187396776749312.000000000,-1.856255493,0.019594418,1.330320313,0.982362394,-0.014934420,0.046620852,-0.180464916
1718187396786749440.000000000,-1.861874878,0.020939480,1.330351318,0.981916336,-0.014880110,0.046486037,-0.182915118
1718187396796749312.000000000,-1.867592651,0.022215721,1.330235352,0.981217238,-0.014132078,0.047296651,-0.186483357
1718187396806749184.000000000,-1.873516113,0.023721197,1.330227905,0.980513782,-0.014432043,0.046217729,-0.190390025
1718187396816749312.000000000,-1.879391235,0.025242687,1.330081055,0.979711485,-0.014165914,0.045695463,-0.194619262
1718187396826749440.000000000,-1.885364380,0.026935879,1.330049927,0.978937247,-0.014918462,0.044032458,-0.198797506
1718187396836749312.000000000,-1.891331421,0.028756187,1.329990112,0.978163199,-0.015554473,0.042095551,-0.202935406
1718187396846749184.000000000,-1.897162109,0.030872665,1.330123291,0.977327853,-0.018782253,0.038705773,-0.207314636
1718187396856749312.000000000,-1.902971191,0.032919296,1.330180786,0.976454306,-0.020877079,0.037549700,-0.211402828
1718187396866749440.000000000,-1.908631592,0.034964920,1.330235596,0.975675167,-0.023016568,0.037744029,-0.214717474
1718187396876749312.000000000,-1.914207153,0.036975182,1.330287109,0.974955761,-0.025010818,0.038258189,-0.217651177
1718187396886749184.000000000,-1.919697876,0.038960846,1.330304199,0.974410369,-0.026098563,0.039383877,-0.219754882
1718187396896749312.000000000,-1.925240234,0.040934200,1.330281738,0.973815166,-0.026870804,0.041167722,-0.221962162
1718187396906749440.000000000,-1.930899292,0.042959866,1.330277466,0.973334574,-0.027741030,0.042174867,-0.223766669
1718187396916749312.000000000,-1.936450806,0.044782177,1.330030273,0.972875492,-0.026607094,0.044223485,-0.225498608
1718187396926749184.000000000,-1.942303223,0.046690006,1.329847412,0.972463940,-0.025738634,0.044967246,-0.227220940
1718187396936749312.000000000,-1.948325195,0.048614811,1.329628784,0.972028686,-0.024822985,0.045458839,-0.229079784
1718187396946749440.000000000,-1.954589111,0.050629120,1.329349976,0.971480654,-0.023532183,0.045431957,-0.231532962
1718187396956749312.000000000,-1.960989868,0.052718235,1.329039307,0.971018410,-0.021959118,0.044415387,-0.233812569
1718187396966749184.000000000,-1.967428711,0.054799667,1.328661377,0.970607418,-0.020615968,0.042942800,-0.235907052
1718187396976749312.000000000,-1.973703613,0.057201088,1.328360718,0.969719780,-0.019675934,0.043191163,-0.239564042
1718187396986749440.000000000,-1.980100830,0.059546089,1.327921997,0.969301971,-0.018140531,0.041802215,-0.241613710
1718187396996749312.000000000,-1.986645264,0.062120266,1.327664429,0.968494784,-0.017792351,0.042203399,-0.244785944
1718187397006749184.000000000,-1.992767212,0.064598602,1.327118530,0.968283036,-0.016567515,0.040821599,-0.245941207
1718187397016749312.000000000,-1.998903687,0.067231445,1.326735962,0.967917407,-0.015984305,0.041407139,-0.247317296
1718187397026749440.000000000,-2.005025879,0.070092598,1.326368530,0.967336184,-0.015881015,0.042436496,-0.249414605
1718187397036749312.000000000,-2.011019409,0.073024590,1.325986816,0.966861838,-0.015815648,0.044035127,-0.250976014
1718187397046749184.000000000,-2.016910767,0.076002930,1.325592773,0.966473134,-0.016274854,0.045877652,-0.252111189
1718187397056749312.000000000,-2.022883423,0.079214561,1.325202148,0.965946047,-0.016793625,0.047743109,-0.253745551
1718187397066749440.000000000,-2.028854614,0.082484726,1.324792603,0.965517141,-0.017646528,0.049410691,-0.254997713
1718187397076749312.000000000,-2.034871826,0.085828720,1.324360229,0.965159646,-0.018275104,0.051019535,-0.255988059
1718187397086749184.000000000,-2.040994141,0.089315277,1.323890015,0.964730599,-0.019173561,0.051895317,-0.257359907
1718187397096749312.000000000,-2.047278931,0.092862846,1.323514648,0.964449379,-0.020693438,0.052089980,-0.258255320
1718187397106749440.000000000,-2.053413086,0.096372398,1.322889648,0.964174263,-0.020290999,0.052729792,-0.259183016
1718187397116749312.000000000,-2.059649658,0.099943031,1.322340576,0.964051479,-0.020490952,0.052618820,-0.259646156
1718187397126749184.000000000,-2.066028564,0.103700638,1.321832886,0.963690603,-0.020489048,0.052713039,-0.260963514
1718187397136749312.000000000,-2.072286377,0.107395172,1.321340576,0.963468444,-0.020431547,0.053154641,-0.261697714
1718187397146749440.000000000,-2.078530273,0.111286232,1.320853394,0.963053585,-0.019951908,0.053720232,-0.263142261
1718187397156749312.000000000,-2.084719482,0.115234329,1.320416504,0.962588825,-0.019740709,0.054986177,-0.264593233
1718187397166749184.000000000,-2.090731934,0.119238113,1.320002319,0.962151287,-0.019079264,0.056436310,-0.265924473
1718187397176749312.000000000,-2.096759033,0.123433403,1.319640869,0.961490009,-0.018825799,0.057878734,-0.268016051
1718187397186749440.000000000,-2.102560547,0.127566040,1.319300537,0.961074297,-0.017853026,0.059801037,-0.269149215
1718187397196749312.000000000,-2.108429199,0.131901443,1.319041382,0.960419878,-0.017360098,0.061596191,-0.271105504
1718187397206749184.000000000,-2.114318604,0.136319382,1.318883911,0.959765725,-0.017160805,0.063272332,-0.273041887
1718187397216749312.000000000,-2.119957275,0.140611969,1.318555786,0.959326204,-0.015581656,0.065640409,-0.274120015
1718187397226749440.000000000,-2.125783936,0.145140198,1.318395386,0.958718727,-0.014943704,0.067036880,-0.275936850
1718187397236749312.000000000,-2.131560303,0.149636337,1.318205444,0.958230435,-0.014428463,0.068482975,-0.277301884
1718187397246749184.000000000,-2.137437500,0.154257645,1.318113037,0.957837594,-0.014407536,0.069611486,-0.278377097
1718187397256749312.000000000,-2.143407959,0.158970261,1.318112671,0.957334315,-0.014291872,0.070198730,-0.279962302
1718187397266749440.000000000,-2.149347900,0.163670151,1.318064819,0.957033336,-0.014713008,0.070171949,-0.280974409
1718187397276749312.000000000,-2.155378418,0.168501877,1.318156128,0.956715562,-0.015314874,0.070014045,-0.282061732
1718187397286749184.000000000,-2.161514648,0.173410751,1.318314209,0.956410438,-0.016043075,0.068599522,-0.283400423
1718187397296749312.000000000,-2.167596924,0.178367081,1.318507690,0.956081991,-0.017239257,0.067071075,-0.284800818
1718187397306749440.000000000,-2.173763916,0.183435349,1.318939697,0.955470007,-0.018669897,0.067050318,-0.286762542
1718187397316749312.000000000,-2.179563965,0.188350433,1.319119019,0.955555984,-0.019341698,0.064060282,-0.287114857
1718187397326749184.000000000,-2.185391602,0.193416077,1.319511353,0.955176002,-0.019800953,0.062699829,-0.288644175
1718187397336749312.000000000,-2.191103271,0.198407944,1.319945679,0.954775462,-0.019993486,0.062470218,-0.290002670
1718187397346749440.000000000,-2.196691406,0.203417282,1.320427002,0.954350286,-0.019537455,0.062628110,-0.291395846
1718187397356749312.000000000,-2.202201904,0.208443329,1.320908936,0.953807387,-0.018523529,0.063609066,-0.293022582
1718187397366749184.000000000,-2.207619141,0.213437256,1.321385010,0.953198391,-0.016814573,0.064716335,-0.294859109
1718187397376749312.000000000,-2.213014648,0.218471100,1.321875244,0.952556295,-0.014862760,0.066011197,-0.296745893
1718187397386749440.000000000,-2.218480713,0.223576538,1.322428589,0.951845489,-0.013397142,0.067046321,-0.298856943
1718187397396749312.000000000,-2.223741455,0.228627747,1.322742798,0.950977336,-0.010274501,0.067994604,-0.301518282
1718187397406749184.000000000,-2.229103516,0.233844299,1.323134277,0.949985800,-0.008254655,0.067865426,-0.304718106
1718187397416749312.000000000,-2.234263184,0.239153763,1.323396240,0.948473852,-0.008057665,0.067355168,-0.309508815
1718187397426749440.000000000,-2.239728516,0.244555786,1.323819824,0.947397559,-0.007300545,0.065995097,-0.313096175
1718187397436749312.000000000,-2.245020020,0.250067062,1.324242554,0.946041275,-0.007418158,0.064171399,-0.317541979
1718187397446749184.000000000,-2.250225342,0.255682373,1.324783081,0.944339845,-0.009165166,0.063886244,-0.322578371
1718187397456749312.000000000,-2.255115967,0.261256561,1.325124512,0.942968846,-0.010584360,0.060473282,-0.327170765
1718187397466749440.000000000,-2.259910645,0.266839691,1.325602051,0.941568592,-0.012392486,0.059029922,-0.331376644
1718187397476749312.000000000,-2.264540771,0.272345032,1.326078979,0.940197283,-0.014290542,0.058024293,-0.335347626
1718187397486749184.000000000,-2.268993408,0.277740814,1.326540771,0.938943771,-0.015727807,0.057846388,-0.338808244
1718187397496749312.000000000,-2.273495361,0.283134583,1.327219971,0.937418037,-0.017800130,0.060190026,-0.342502175
1718187397506749440.000000000,-2.277674561,0.288365448,1.327567749,0.936256307,-0.018152403,0.061362765,-0.345440631
1718187397516749312.000000000,-2.281732910,0.293478271,1.327852417,0.935140070,-0.017646475,0.062857409,-0.348210565
1718187397526749184.000000000,-2.285850098,0.298535828,1.328065186,0.934168549,-0.016648482,0.064277153,-0.350600054
1718187397536749312.000000000,-2.289977295,0.303526337,1.328177856,0.933334022,-0.015600612,0.064922587,-0.352745351
1718187397546749440.000000000,-2.294221191,0.308529053,1.328242065,0.932365421,-0.014067838,0.065090839,-0.355330833
1718187397556749312.000000000,-2.298535400,0.313578827,1.328263550,0.931476409,-0.012671675,0.064219525,-0.357864472
1718187397566749184.000000000,-2.302969482,0.318709167,1.328241211,0.930283507,-0.011608074,0.063132252,-0.361181628
1718187397576749312.000000000,-2.307388184,0.323927673,1.328112183,0.929027649,-0.010481922,0.061365567,-0.364735554
1718187397586749440.000000000,-2.311762451,0.329208038,1.327939087,0.927504751,-0.009751805,0.059704047,-0.368883810
1718187397596749312.000000000,-2.316107178,0.334587524,1.327717163,0.925862250,-0.008955209,0.058006684,-0.373274862
1718187397606749184.000000000,-2.320328369,0.340005859,1.327440918,0.924150296,-0.008039985,0.056959097,-0.377673471
1718187397616749312.000000000,-2.324467041,0.345451569,1.327083740,0.922446374,-0.007448074,0.056114848,-0.381953318
1718187397626749440.000000000,-2.328557861,0.350873413,1.326697632,0.920835699,-0.007068772,0.055725938,-0.385883749
1718187397636749312.000000000,-2.332538574,0.356308838,1.326230225,0.919402708,-0.006727258,0.055559790,-0.389315444
1718187397646749184.000000000,-2.336466064,0.361730499,1.325731079,0.918048151,-0.006493905,0.055908126,-0.392453441
1718187397656749312.000000000,-2.340309570,0.367166687,1.325193359,0.916716177,-0.006300278,0.056352926,-0.395494760
1718187397666749440.000000000,-2.344114258,0.372610901,1.324653564,0.915335286,-0.006714095,0.056886834,-0.398597696
1718187397676749312.000000000,-2.347860840,0.378030701,1.324059937,0.913923771,-0.006634632,0.057462620,-0.401742916
1718187397686749184.000000000,-2.351591309,0.383454193,1.323499756,0.912426746,-0.006698396,0.058106422,-0.405038526
1718187397696749312.000000000,-2.355363770,0.388992828,1.323066528,0.910475049,-0.007643042,0.059574860,-0.409179185
1718187397706749440.000000000,-2.359010986,0.394339386,1.322376709,0.908895445,-0.006856186,0.059266155,-0.412734279
1718187397716749312.000000000,-2.362724365,0.399666687,1.321757568,0.907252178,-0.006186880,0.058824323,-0.416407141
1718187397726749184.000000000,-2.366416992,0.405003479,1.321176392,0.905358555,-0.005195364,0.058525614,-0.420563489
1718187397736749312.000000000,-2.370138672,0.410442078,1.320737427,0.903209658,-0.005336309,0.057984252,-0.425231307
1718187397746749440.000000000,-2.373581299,0.415785675,1.320139893,0.900754066,-0.002645143,0.058210199,-0.430402937
1718187397756749312.000000000,-2.377010498,0.421071777,1.319601074,0.898587441,-0.001283550,0.057207401,-0.435047442
1718187397766749184.000000000,-2.380370117,0.426359436,1.319150269,0.896120254,0.000548794,0.056769158,-0.440165256
1718187397776749312.000000000,-2.383620361,0.431635437,1.318750244,0.893440063,0.002368935,0.056964201,-0.445549460
1718187397786749440.000000000,-2.386860352,0.436926086,1.318460327,0.890675425,0.003189641,0.057009506,-0.451039943
1718187397796749312.000000000,-2.389918701,0.442087616,1.318023926,0.888112222,0.005982198,0.057574484,-0.455967184
1718187397806749184.000000000,-2.393036377,0.447254303,1.317677124,0.885633559,0.007893332,0.058339752,-0.460638000
1718187397816749312.000000000,-2.396139160,0.452387512,1.317350220,0.883370613,0.009530733,0.058971310,-0.464852568
1718187397826749440.000000000,-2.399251953,0.457533630,1.317036255,0.881139660,0.011407561,0.059850758,-0.468914335
1718187397836749312.000000000,-2.402350342,0.462827606,1.316844727,0.879306040,0.011293057,0.060376312,-0.472279638
1718187397846749184.000000000,-2.405535400,0.467936646,1.316512817,0.876928132,0.013250153,0.061163883,-0.476529606
1718187397856749312.000000000,-2.408743896,0.473151672,1.316205322,0.874453001,0.014709606,0.061780389,-0.480935297
1718187397866749440.000000000,-2.411928467,0.478418579,1.315907593,0.871885034,0.016055956,0.062035411,-0.485500053
1718187397876749312.000000000,-2.415166992,0.483734009,1.315611450,0.868922895,0.016674369,0.062055677,-0.490758659
1718187397886749184.000000000,-2.418463867,0.489127167,1.315403198,0.865682402,0.016302505,0.061675137,-0.496512220
1718187397896749312.000000000,-2.421754395,0.494579773,1.315242432,0.862360308,0.015351458,0.060939570,-0.502379738
1718187397906749440.000000000,-2.425029297,0.500055725,1.315108765,0.859002923,0.014044756,0.060084629,-0.508238685
1718187397916749312.000000000,-2.428298096,0.505479645,1.315020142,0.855845311,0.012613727,0.058791182,-0.513724921
1718187397926749184.000000000,-2.431558838,0.510833130,1.315004883,0.852764184,0.011660127,0.057542627,-0.518985678
1718187397936749312.000000000,-2.434780273,0.516064270,1.315048584,0.849909769,0.010929979,0.055786806,-0.523852797
1718187397946749440.000000000,-2.438041016,0.521169800,1.315191650,0.847112539,0.010668774,0.054125231,-0.528542319
1718187397956749312.000000000,-2.441213623,0.526242920,1.315504761,0.845081229,0.009739232,0.051072110,-0.532103847
1718187397966749184.000000000,-2.444270508,0.531043396,1.315713135,0.842253319,0.011127104,0.050088894,-0.536634547
1718187397976749312.000000000,-2.447242920,0.535724243,1.315981689,0.839439127,0.012888334,0.049472268,-0.541043748
1718187397986749440.000000000,-2.450011230,0.540335632,1.316273193,0.836813099,0.015510126,0.048795158,-0.545089264
1718187397996749312.000000000,-2.452641846,0.544864502,1.316504883,0.834169949,0.019169425,0.048152007,-0.549066856
1718187398006749184.000000000,-2.455116699,0.549337219,1.316732666,0.831431454,0.022841459,0.047184057,-0.553148867
1718187398016749312.000000000,-2.457659912,0.553879822,1.317187744,0.828095962,0.025083743,0.047872443,-0.557975011
1718187398026749440.000000000,-2.459904541,0.558412659,1.317425781,0.825075624,0.027752868,0.046339049,-0.562434605
1718187398036749312.000000000,-2.462218018,0.563055725,1.317804443,0.822099935,0.029200075,0.045826156,-0.566744225
1718187398046749184.000000000,-2.464449951,0.567838745,1.318255005,0.818854868,0.029633194,0.046438970,-0.571351031
1718187398056749312.000000000,-2.466619141,0.572672302,1.318666626,0.815921556,0.029258907,0.046090209,-0.575579381
1718187398066749440.000000000,-2.468711182,0.577550415,1.319078735,0.813121085,0.028159382,0.046187713,-0.579575574
1718187398076749312.000000000,-2.470654785,0.582492676,1.319359253,0.810458047,0.026710970,0.045604360,-0.583407679
1718187398086749184.000000000,-2.472599121,0.587446899,1.319764282,0.807901753,0.025289904,0.046169990,-0.586961251
1718187398096749312.000000000,-2.474426758,0.592414368,1.320103271,0.805259716,0.023975293,0.047161526,-0.590557165
1718187398106749440.000000000,-2.476202393,0.597393005,1.320434814,0.802633568,0.022900060,0.048454328,-0.594059863
1718187398116749312.000000000,-2.477912598,0.602375916,1.320696899,0.799918506,0.022382638,0.049799113,-0.597619820
1718187398126749184.000000000,-2.479636475,0.607379883,1.320923828,0.797344618,0.021986528,0.051380563,-0.600931103
1718187398136749312.000000000,-2.481362061,0.612392517,1.321065308,0.794704367,0.021775489,0.052790403,-0.604304534
1718187398146749440.000000000,-2.483167480,0.617525513,1.321175293,0.792141125,0.021920268,0.053896134,-0.607558348
1718187398156749312.000000000,-2.485022461,0.622704956,1.321220581,0.789618465,0.021870152,0.054727269,-0.610761248
1718187398166749184.000000000,-2.486993408,0.627973389,1.321211548,0.787253860,0.021927028,0.054917849,-0.613787093
1718187398176749312.000000000,-2.489041992,0.633311707,1.321133423,0.784973581,0.021750743,0.054373500,-0.616755141
1718187398186749440.000000000,-2.491170654,0.638713623,1.321065796,0.782686507,0.021972018,0.053943774,-0.619684703
1718187398196749312.000000000,-2.493291748,0.644156067,1.320913452,0.780424094,0.021968494,0.052992196,-0.622613400
1718187398206749184.000000000,-2.495483154,0.649636353,1.320755859,0.778265469,0.022140624,0.051808382,-0.625402705
1718187398216749312.000000000,-2.497596924,0.655113525,1.320562988,0.775871441,0.022450753,0.050744759,-0.628446052
1718187398226749440.000000000,-2.499676514,0.660588989,1.320359497,0.773400235,0.022767272,0.049713489,-0.631555458
1718187398236749312.000000000,-2.501704346,0.666022461,1.320175171,0.771047326,0.023425337,0.048965159,-0.634460155
1718187398246749184.000000000,-2.503638916,0.671419556,1.319977905,0.768624422,0.024040243,0.048627490,-0.637396213
1718187398256749312.000000000,-2.505502686,0.676787415,1.319790649,0.766359753,0.024997276,0.048833387,-0.640064970
1718187398266749440.000000000,-2.507295898,0.682106995,1.319547485,0.764107363,0.026074171,0.049152285,-0.642685093
1718187398276749312.000000000,-2.509089355,0.687404785,1.319344482,0.761976875,0.027208089,0.049814594,-0.645111981
1718187398286749184.000000000,-2.510855469,0.692693542,1.319106445,0.760087441,0.028632646,0.050478043,-0.647224243
1718187398296749312.000000000,-2.512710449,0.697994324,1.318863403,0.758335288,0.030023611,0.051138467,-0.649161791
1718187398306749440.000000000,-2.514600830,0.703350586,1.318576904,0.756967751,0.031522104,0.051659643,-0.650643882
1718187398316749312.000000000,-2.516626465,0.708779114,1.318311035,0.755577029,0.032769966,0.051704835,-0.652193294
1718187398326749184.000000000,-2.518701904,0.714312683,1.317994385,0.754325537,0.033527570,0.051583783,-0.653611505
1718187398336749312.000000000,-2.520885742,0.719927185,1.317637573,0.753142251,0.034125540,0.050789461,-0.655005823
1718187398346749440.000000000,-2.523116211,0.725647156,1.317298828,0.752023512,0.034639166,0.049991286,-0.656324338
1718187398356749312.000000000,-2.525397217,0.731447571,1.316917236,0.750928075,0.035220068,0.048592603,-0.657651375
1718187398366749184.000000000,-2.527664551,0.737322632,1.316544312,0.749611022,0.035670980,0.047550852,-0.659203924
1718187398376749312.000000000,-2.530153076,0.743283264,1.316365967,0.748603480,0.036598060,0.047395070,-0.660308351
1718187398386749440.000000000,-2.532324707,0.749246948,1.315920288,0.747303085,0.037527627,0.045774001,-0.661841761
1718187398396749312.000000000,-2.534507568,0.755280090,1.315558105,0.745849923,0.038367411,0.044835898,-0.663494971
1718187398406749184.000000000,-2.536565186,0.761355835,1.315163086,0.744476230,0.039165072,0.044079099,-0.665040053
1718187398416749312.000000000,-2.538621338,0.767490356,1.314813110,0.742947698,0.040458553,0.043248354,-0.666724383
1718187398426749440.000000000,-2.540555908,0.773654480,1.314467041,0.741658214,0.041429631,0.042672297,-0.668136030
1718187398436749312.000000000,-2.542465332,0.779892456,1.314132080,0.740340016,0.042525096,0.042259584,-0.669553885
1718187398446749184.000000000,-2.544269531,0.786173340,1.313842041,0.739039640,0.043786761,0.041956511,-0.670926808
1718187398456749312.000000000,-2.545965332,0.792539551,1.313547241,0.737774272,0.044528279,0.041895145,-0.672273124
1718187398466749440.000000000,-2.547593262,0.798951050,1.313302612,0.736422956,0.045837103,0.042242354,-0.673643654
1718187398476749312.000000000,-2.549109863,0.805419556,1.313082031,0.735099898,0.046418038,0.042685795,-0.675019577
1718187398486749184.000000000,-2.550537842,0.811955383,1.312894287,0.733649437,0.046771551,0.043459243,-0.676522150
1718187398496749312.000000000,-2.551897705,0.818535400,1.312732788,0.731927478,0.047208067,0.044244336,-0.678303769
1718187398506749440.000000000,-2.553172607,0.825147034,1.312580444,0.730241129,0.047134757,0.045356226,-0.680050748
1718187398516749312.000000000,-2.554409424,0.831786133,1.312503906,0.728481529,0.046859223,0.046491407,-0.681877866
1718187398526749184.000000000,-2.555607178,0.838438599,1.312443359,0.726650799,0.046235344,0.047492377,-0.683802152
1718187398536749312.000000000,-2.556811523,0.845115906,1.312451416,0.724720711,0.044966693,0.048741155,-0.685844142
1718187398546749440.000000000,-2.557996826,0.851788269,1.312507080,0.722833408,0.043481041,0.049782779,-0.687853864
1718187398556749312.000000000,-2.559177979,0.858442932,1.312632568,0.721078764,0.041790852,0.050616578,-0.689736836
1718187398566749184.000000000,-2.560364990,0.865045532,1.312848389,0.719219730,0.039860387,0.051410166,-0.691730529
1718187398576749312.000000000,-2.561542725,0.871579773,1.313143433,0.717500544,0.038494524,0.052070210,-0.693541515
1718187398586749440.000000000,-2.562719971,0.878032288,1.313396851,0.715854446,0.036733476,0.051770786,-0.695358073
1718187398596749312.000000000,-2.563939941,0.884346619,1.313867920,0.714235468,0.036576276,0.052682767,-0.696960830
1718187398606749184.000000000,-2.565187256,0.890594299,1.314258789,0.712808562,0.036482837,0.052527798,-0.698436674
1718187398616749312.000000000,-2.566463379,0.896752747,1.314683350,0.711515080,0.037095722,0.051890127,-0.699769686
1718187398626749440.000000000,-2.567760498,0.902807800,1.315144287,0.710135589,0.038626592,0.051508556,-0.701115040
1718187398636749312.000000000,-2.569036621,0.908852478,1.315574219,0.708744309,0.040454127,0.049909738,-0.702533975
1718187398646749184.000000000,-2.570326660,0.914879395,1.316000000,0.707184043,0.042316408,0.048228248,-0.704112269
1718187398656749312.000000000,-2.571582031,0.920914856,1.316389160,0.705560924,0.044044753,0.046031654,-0.705779660
1718187398666749440.000000000,-2.572756592,0.926971497,1.316787476,0.703636490,0.045532001,0.043968987,-0.707735300
1718187398676749312.000000000,-2.573872559,0.933085693,1.317132568,0.701592070,0.046143772,0.041715519,-0.709858532
1718187398686749184.000000000,-2.574913330,0.939241638,1.317475586,0.699441965,0.046057210,0.040024496,-0.712079848
1718187398696749312.000000000,-2.575902344,0.945462402,1.317837280,0.697248414,0.045081053,0.038054926,-0.714397768
1718187398706749440.000000000,-2.576765625,0.951635498,1.318163696,0.694996815,0.043520477,0.036975133,-0.716741400
1718187398716749312.000000000,-2.577546875,0.957795410,1.318520020,0.693044833,0.041494642,0.036016463,-0.718797516
1718187398726749184.000000000,-2.578189941,0.963862366,1.318897095,0.690966407,0.039301481,0.035575091,-0.720940518
1718187398736749312.000000000,-2.578708496,0.969712585,1.319113892,0.689280102,0.035773709,0.033890168,-0.722817155
1718187398746749440.000000000,-2.579208008,0.975502136,1.319544556,0.687317535,0.034521731,0.034141671,-0.724732504
1718187398756749312.000000000,-2.579664063,0.981157043,1.320000977,0.685249974,0.033755724,0.034980491,-0.726683830
1718187398766749184.000000000,-2.580067139,0.986658386,1.320436035,0.683098357,0.033753491,0.035582407,-0.728677726
1718187398776749312.000000000,-2.580486572,0.992076904,1.320857422,0.680927964,0.034318952,0.036277565,-0.730645780
1718187398786749440.000000000,-2.580943115,0.997440186,1.321260864,0.678961599,0.035196729,0.036652078,-0.732413109
1718187398796749312.000000000,-2.581484375,1.002792725,1.321634155,0.677132185,0.036195618,0.036558076,-0.734060889
1718187398806749184.000000000,-2.582114258,1.008181091,1.321989014,0.675571691,0.037096109,0.035946734,-0.735482564
1718187398816749312.000000000,-2.582811035,1.013675232,1.322288696,0.674030338,0.037431538,0.034766892,-0.736935036
1718187398826749440.000000000,-2.583556152,1.019233215,1.322534546,0.672528767,0.037640524,0.033651175,-0.738346698
1718187398836749312.000000000,-2.584296631,1.024903931,1.322704468,0.671030936,0.037581925,0.031750060,-0.739795253
1718187398846749184.000000000,-2.585045410,1.030635254,1.322849731,0.669195959,0.037133931,0.029939122,-0.741553429
1718187398856749312.000000000,-2.585726807,1.036410156,1.322946045,0.667107626,0.036661456,0.028307613,-0.743520028
1718187398866749440.000000000,-2.586294189,1.042193115,1.323006958,0.664886155,0.036386749,0.026906095,-0.745572577
1718187398876749312.000000000,-2.586821533,1.047942871,1.323024048,0.662378799,0.036447885,0.025901245,-0.747833541
1718187398886749184.000000000,-2.587214844,1.053759521,1.323177979,0.658909363,0.038160089,0.026619957,-0.750782017
1718187398896749312.000000000,-2.587620605,1.059442017,1.323074097,0.656520873,0.038302061,0.025535891,-0.752901862
1718187398906749440.000000000,-2.588010010,1.065086304,1.323020142,0.654275339,0.039570052,0.025389278,-0.754793598
1718187398916749312.000000000,-2.588448486,1.070673828,1.323040894,0.652459172,0.041524632,0.026023369,-0.756237739
1718187398926749184.000000000,-2.588800781,1.076304199,1.322765381,0.650559628,0.042148071,0.024738803,-0.757881061
1718187398936749312.000000000,-2.589163330,1.081944214,1.322592896,0.648840734,0.043643816,0.024504984,-0.759276251
1718187398946749440.000000000,-2.589536377,1.087617065,1.322406250,0.647020463,0.044754110,0.024391331,-0.760767147
1718187398956749312.000000000,-2.589882568,1.093327026,1.322199585,0.645067897,0.045757322,0.024318436,-0.762366244
1718187398966749184.000000000,-2.590207764,1.099103394,1.321965942,0.642888241,0.046523995,0.024070929,-0.764166747
1718187398976749312.000000000,-2.590627686,1.104930298,1.321848267,0.640394552,0.046072233,0.025060787,-0.766253303
1718187398986749440.000000000,-2.591033203,1.110655640,1.321610352,0.638637501,0.046709914,0.024277144,-0.767704986
1718187398996749312.000000000,-2.591458984,1.116589233,1.321274536,0.635609877,0.047531094,0.022603722,-0.770214224
1718187399006749184.000000000,-2.591856689,1.122469971,1.321038330,0.632826016,0.047611940,0.021729902,-0.772523235
1718187399016749312.000000000,-2.592367920,1.128311157,1.320941284,0.629903332,0.047493874,0.021117069,-0.774932380
1718187399026749440.000000000,-2.592621338,1.134036011,1.320574341,0.627304470,0.047816570,0.019092396,-0.777070240
1718187399036749312.000000000,-2.593255371,1.139776489,1.320666748,0.624975228,0.049614887,0.018942329,-0.778836001
1718187399046749184.000000000,-2.593524902,1.145369141,1.320428589,0.621942609,0.050103659,0.017149896,-0.781270053
1718187399056749312.000000000,-2.593927979,1.150862305,1.320208496,0.619139482,0.051478746,0.014700864,-0.783453972
1718187399066749440.000000000,-2.594161621,1.156159912,1.319926270,0.616877677,0.051884885,0.012300300,-0.785250656
1718187399076749312.000000000,-2.594522217,1.161762573,1.319987549,0.612994434,0.053883636,0.011328724,-0.788166250
1718187399086749184.000000000,-2.594979004,1.167385620,1.320112427,0.609125562,0.057559114,0.011123197,-0.790904086
1718187399096749312.000000000,-2.595256348,1.173032471,1.320008911,0.605171868,0.056810124,0.008438599,-0.794020409
1718187399106749440.000000000,-2.595750977,1.178769897,1.320127930,0.601943007,0.059242664,0.008625147,-0.796291736
1718187399116749312.000000000,-2.595952881,1.184538452,1.319979126,0.598814334,0.057285582,0.006718578,-0.798808248
1718187399126749184.000000000,-2.596658691,1.190536133,1.320213257,0.595581732,0.059460232,0.007149717,-0.801059150
1718187399136749312.000000000,-2.597250732,1.196652344,1.320445679,0.592898639,0.059533952,0.007671451,-0.803036775
1718187399146749440.000000000,-2.597704834,1.202790527,1.320366699,0.590943421,0.058180758,0.006921891,-0.804582476
1718187399156749312.000000000,-2.598036377,1.208693970,1.320209106,0.587474927,0.055271127,0.005376697,-0.807334753
1718187399166749184.000000000,-2.598834961,1.214868774,1.320523560,0.586553209,0.053994077,0.005569655,-0.808089693
1718187399176749312.000000000,-2.599360596,1.221094116,1.320711914,0.584733871,0.055093752,0.005252335,-0.809335154
1718187399186749440.000000000,-2.599853271,1.227240723,1.320838257,0.583400069,0.054570241,0.004141613,-0.810339000
1718187399196749312.000000000,-2.600405762,1.233365234,1.320916260,0.581026903,0.053717232,0.002497544,-0.812105880
1718187399206749184.000000000,-2.600579346,1.239317749,1.320886108,0.578694160,0.050956629,0.000453902,-0.813951034
1718187399216749312.000000000,-2.600615967,1.245195557,1.320879639,0.575549001,0.049181172,0.001935003,-0.816284764
1718187399226749440.000000000,-2.600874756,1.251248047,1.321478760,0.572195994,0.051835696,0.004115063,-0.818466781
1718187399236749312.000000000,-2.600523682,1.256704956,1.321543945,0.569739981,0.052128482,0.004140293,-0.820159639
1718187399246749184.000000000,-2.600273193,1.262357178,1.321745605,0.565888062,0.053319791,0.006035176,-0.822734026
1718187399256749312.000000000,-2.599848877,1.267819580,1.321896851,0.562737382,0.054148872,0.008076770,-0.824820771
1718187399266749440.000000000,-2.599446777,1.273240845,1.322017334,0.559738232,0.055320270,0.009950884,-0.826761005
1718187399276749312.000000000,-2.599065918,1.278651855,1.322088989,0.557219812,0.056728444,0.011766615,-0.828341422
1718187399286749184.000000000,-2.598671631,1.284102417,1.322203003,0.555154063,0.058210999,0.013591958,-0.829596712
1718187399296749312.000000000,-2.598261475,1.289684082,1.322324707,0.552838558,0.059874412,0.015780610,-0.830984690
1718187399306749440.000000000,-2.597812012,1.295361206,1.322403687,0.550778621,0.060925502,0.017834627,-0.832233693
1718187399316749312.000000000,-2.597310059,1.301084717,1.322378052,0.548500308,0.060671179,0.018404506,-0.833743182
1718187399326749184.000000000,-2.596590576,1.306588257,1.322217773,0.546448216,0.060808161,0.019086632,-0.835064318
1718187399336749312.000000000,-2.595934326,1.312352661,1.322139038,0.544087549,0.059853138,0.019722868,-0.836658443
1718187399346749440.000000000,-2.595299316,1.318126221,1.322120972,0.542032201,0.059198499,0.020792133,-0.838012123
1718187399356749312.000000000,-2.594571045,1.323925171,1.322082886,0.539352908,0.058377244,0.021419616,-0.839780768
1718187399366749184.000000000,-2.593787109,1.329715576,1.322087158,0.536858040,0.057348042,0.021818513,-0.841438411
1718187399376749312.000000000,-2.593072998,1.335495605,1.322151611,0.534841115,0.056585954,0.022073744,-0.842766730
1718187399386749440.000000000,-2.592413330,1.341219482,1.322401855,0.532888228,0.055567995,0.023559179,-0.844030390
1718187399396749312.000000000,-2.591492920,1.346881836,1.322313354,0.530698983,0.056700227,0.021591074,-0.845386006
1718187399406749184.000000000,-2.590565674,1.352454712,1.322428467,0.528657856,0.056450752,0.021941736,-0.846671568
1718187399416749312.000000000,-2.589613281,1.357986816,1.322419434,0.527173509,0.057304714,0.020756686,-0.847569124
1718187399426749440.000000000,-2.588901123,1.363775391,1.322453979,0.525040115,0.059801677,0.019110971,-0.848758745
1718187399436749312.000000000,-2.588009277,1.369450928,1.322395996,0.523393510,0.061089817,0.017822436,-0.849711497
1718187399446749184.000000000,-2.586733398,1.374896118,1.322116333,0.521261228,0.060954762,0.015862007,-0.851069707
1718187399456749312.000000000,-2.585618652,1.380701172,1.321874512,0.519659172,0.061629540,0.015022197,-0.852015539
1718187399466749440.000000000,-2.584362061,1.386650513,1.321559937,0.517861692,0.061775981,0.014236767,-0.853112132
1718187399476749312.000000000,-2.583003906,1.392665283,1.321264526,0.516462968,0.061853749,0.014424123,-0.853950854
1718187399486749184.000000000,-2.581585693,1.398939697,1.320898926,0.514752174,0.061090002,0.014637486,-0.855034476
1718187399496749312.000000000,-2.580239502,1.405291992,1.320630371,0.514109521,0.060575759,0.015516114,-0.855442124
1718187399506749440.000000000,-2.578309570,1.411497681,1.319963501,0.512426953,0.058577968,0.015866852,-0.856583611
1718187399516749312.000000000,-2.576578369,1.417825073,1.319448975,0.511361520,0.057891792,0.016221071,-0.857260062
1718187399526749184.000000000,-2.574881104,1.424220337,1.319017944,0.510169270,0.057730817,0.016757645,-0.857970658
1718187399536749312.000000000,-2.572726074,1.430376831,1.318289917,0.508586670,0.056366743,0.016939565,-0.858996764
1718187399546749440.000000000,-2.570741699,1.436587158,1.317747803,0.507118705,0.056702601,0.017507674,-0.859830748
1718187399556749312.000000000,-2.568574219,1.442639404,1.317164429,0.505413639,0.057460952,0.017782315,-0.860778184
1718187399566749184.000000000,-2.566490479,1.448798462,1.316682861,0.502859941,0.057799279,0.019249802,-0.862218399
1718187399576749312.000000000,-2.564363770,1.454991211,1.316243164,0.501899051,0.059930145,0.016930685,-0.862681327
1718187399586749440.000000000,-2.562067627,1.461064819,1.315639160,0.499915378,0.061165850,0.016294416,-0.863757979
1718187399596749312.000000000,-2.559674316,1.467117676,1.315069336,0.498059257,0.062500328,0.015089259,-0.864756035
1718187399606749184.000000000,-2.557293945,1.473262207,1.314546753,0.496703805,0.064312951,0.014596648,-0.865410950
1718187399616749312.000000000,-2.554761475,1.479488647,1.313981934,0.494683367,0.065276042,0.013395270,-0.866514842
1718187399626749440.000000000,-2.552141113,1.485757080,1.313437012,0.493127750,0.066028142,0.011939702,-0.867365407
1718187399636749312.000000000,-2.549519287,1.492110596,1.312897339,0.491683621,0.066440808,0.010963052,-0.868166256
1718187399646749184.000000000,-2.546739502,1.498414795,1.312559448,0.490391063,0.068334988,0.011383358,-0.868744700
1718187399656749312.000000000,-2.543925293,1.504893921,1.311879272,0.489035173,0.067158678,0.009316444,-0.869624928
1718187399666749440.000000000,-2.540903076,1.511274292,1.311384644,0.487303446,0.067928444,0.008414408,-0.870545964
1718187399676749312.000000000,-2.537802734,1.517672363,1.310889893,0.485973539,0.068679632,0.008107069,-0.871233094
1718187399686749184.000000000,-2.534527588,1.524024292,1.310406982,0.484505724,0.069799715,0.008062449,-0.871961696
1718187399696749312.000000000,-2.531141357,1.530321411,1.309951904,0.483166299,0.071266547,0.008264590,-0.872584153
1718187399706749440.000000000,-2.527762207,1.536929810,1.309507446,0.481234277,0.069169950,0.008170020,-0.873820542
1718187399716749312.000000000,-2.524238037,1.543376465,1.309079224,0.479759234,0.068841692,0.008583624,-0.874653200
1718187399726749184.000000000,-2.520683350,1.549792725,1.308907593,0.478551128,0.071080187,0.010295985,-0.875117374
1718187399736749312.000000000,-2.516979492,1.556257202,1.308645752,0.476937725,0.070750548,0.010814500,-0.876018158
1718187399746749440.000000000,-2.513283203,1.562798828,1.308436768,0.475465638,0.069188367,0.011364408,-0.876935715
1718187399756749312.000000000,-2.509504883,1.569296509,1.308380371,0.473820637,0.068032783,0.012924818,-0.877894352
1718187399766749184.000000000,-2.505696289,1.575830322,1.308311523,0.472054620,0.064416614,0.013641350,-0.879106848
1718187399776749312.000000000,-2.501763428,1.582195557,1.308520996,0.470116188,0.063310353,0.015932088,-0.880186763
1718187399786749440.000000000,-2.497804688,1.588493286,1.308807617,0.468038447,0.061358457,0.018561181,-0.881379960
1718187399796749312.000000000,-2.493813232,1.594604858,1.309253052,0.466153936,0.059450495,0.021243343,-0.882448223
1718187399806749184.000000000,-2.489864746,1.600553833,1.309805054,0.464334955,0.058161496,0.023692777,-0.883430214
1718187399816749312.000000000,-2.485893066,1.606314087,1.310401001,0.462375812,0.056734578,0.025364158,-0.884503508
1718187399826749440.000000000,-2.482100342,1.611872925,1.311344604,0.461252996,0.058353275,0.027009554,-0.884935621
1718187399836749312.000000000,-2.478322021,1.617247192,1.312249268,0.459640914,0.059769796,0.027143606,-0.885675463
1718187399846749184.000000000,-2.474561035,1.622499023,1.313117065,0.457841113,0.060621632,0.026062766,-0.886581787
1718187399856749312.000000000,-2.470930176,1.627424438,1.314368408,0.456260789,0.064521425,0.022355493,-0.887222244
1718187399866749440.000000000,-2.467199951,1.632456543,1.315131470,0.454405082,0.066338729,0.018703541,-0.888124638
1718187399876749312.000000000,-2.463480469,1.637464844,1.316022705,0.451775181,0.068357652,0.014535755,-0.889390313
1718187399886749184.000000000,-2.460126953,1.642697998,1.317007935,0.449441000,0.071005087,0.011212335,-0.890413021
1718187399896749312.000000000,-2.456220459,1.647807495,1.317823364,0.447958542,0.073244973,0.006824634,-0.891022863
1718187399906749440.000000000,-2.452623535,1.653334229,1.318549805,0.446890029,0.074194135,0.005714573,-0.891488573
1718187399916749312.000000000,-2.448874756,1.658868042,1.319307373,0.444487277,0.073442768,0.002342397,-0.892766338
1718187399926749184.000000000,-2.445031982,1.664484619,1.319945679,0.442235081,0.071736416,-0.001137791,-0.894025014
1718187399936749312.000000000,-2.441090576,1.670130005,1.320549683,0.440058985,0.069092645,-0.003742820,-0.895298993
1718187399946749440.000000000,-2.437048340,1.675747437,1.321119629,0.437485837,0.066032083,-0.004524516,-0.896786170
1718187399956749312.000000000,-2.432922852,1.681265991,1.321684937,0.434890897,0.062965614,-0.004995832,-0.898265150
1718187399966749184.000000000,-2.428701904,1.686530884,1.322086548,0.432825338,0.061821284,-0.006129419,-0.899334635
1718187399976749312.000000000,-2.424496582,1.691501343,1.322806030,0.430399761,0.058555513,-0.002873802,-0.900732501
1718187399986749440.000000000,-2.420646973,1.696349487,1.323585083,0.429399370,0.058890007,-0.000379537,-0.901192546
1718187399996749312.000000000,-2.416109863,1.700613281,1.324044312,0.425447896,0.057991378,0.002573605,-0.903119297
1718187400006749184.000000000,-2.412111572,1.705071289,1.324673950,0.423800825,0.058439486,0.003056838,-0.903863011
1718187400016749312.000000000,-2.408541260,1.709409912,1.325519409,0.422535909,0.058594176,0.004869198,-0.904437073
1718187400026749440.000000000,-2.404477783,1.713486328,1.326033813,0.421942292,0.060429373,0.004675054,-0.904594460
1718187400036749312.000000000,-2.400666504,1.717626343,1.326538696,0.420593431,0.062119653,0.006197140,-0.905098840
1718187400046749184.000000000,-2.396758789,1.721594971,1.327059082,0.419250999,0.062464588,0.006361460,-0.905696587
1718187400056749312.000000000,-2.393363281,1.725936157,1.327438721,0.416049683,0.063721379,0.003969426,-0.907097840
1718187400066749440.000000000,-2.389704590,1.730251221,1.327797363,0.414171478,0.063223851,0.002849305,-0.907995932
1718187400076749312.000000000,-2.386124512,1.734733276,1.328029419,0.411268022,0.063598990,0.000955638,-0.909292510
1718187400086749184.000000000,-2.382438232,1.739269287,1.328233154,0.409052942,0.061770272,-0.000244101,-0.910417522
1718187400096749312.000000000,-2.378643799,1.743848022,1.328232666,0.406657854,0.059724228,-0.002329001,-0.911623268
1718187400106749440.000000000,-2.374969482,1.748410645,1.328321777,0.405128276,0.057620244,-0.002762507,-0.912438138
1718187400116749312.000000000,-2.371150635,1.752880005,1.328429077,0.402459259,0.057812807,-0.003325627,-0.913604490
1718187400126749184.000000000,-2.367338867,1.757358398,1.328387085,0.399864437,0.056552808,-0.004532236,-0.914816742
1718187400136749312.000000000,-2.363584229,1.761768188,1.328296753,0.397638765,0.055891388,-0.005723308,-0.915820293
1718187400146749440.000000000,-2.359804199,1.766121582,1.328193604,0.395298637,0.055677364,-0.006926599,-0.916837521
1718187400156749312.000000000,-2.356023438,1.770417969,1.328038086,0.393065664,0.055972666,-0.008200089,-0.917768600
1718187400166749184.000000000,-2.352202393,1.774728516,1.327822266,0.390707907,0.055978125,-0.009549825,-0.918761439
1718187400176749312.000000000,-2.348353271,1.778960815,1.327603760,0.388306285,0.055986828,-0.010557720,-0.919767492
1718187400186749440.000000000,-2.344185059,1.783240967,1.327085571,0.386805309,0.057271773,-0.012547203,-0.920295694
1718187400196749312.000000000,-2.340446777,1.787562988,1.326970825,0.383089303,0.055178885,-0.012199200,-0.921981050
1718187400206749184.000000000,-2.336451172,1.791871338,1.326715332,0.380228216,0.055275565,-0.012220007,-0.923158593
1718187400216749312.000000000,-2.331939209,1.796194702,1.326027710,0.378785541,0.056469496,-0.011940196,-0.923682923
1718187400226749440.000000000,-2.328121094,1.800483398,1.326095093,0.373788968,0.055037693,-0.011386295,-0.925809382
1718187400236749312.000000000,-2.324024170,1.804892090,1.325720215,0.371995293,0.052774762,-0.010647013,-0.926671985
1718187400246749184.000000000,-2.320044922,1.809413330,1.325365967,0.368569751,0.051700436,-0.011191349,-0.928093830
1718187400256749312.000000000,-2.316123779,1.813950562,1.325021973,0.365606436,0.050612897,-0.012050131,-0.929314297
1718187400266749440.000000000,-2.312041016,1.818412720,1.324505249,0.363155109,0.052383068,-0.014496841,-0.930142044
1718187400276749312.000000000,-2.308092529,1.822814697,1.324186890,0.360756749,0.051603138,-0.015711483,-0.931098724
1718187400286749184.000000000,-2.304032471,1.827212646,1.323792236,0.358201944,0.050749534,-0.015612306,-0.932133095
1718187400296749312.000000000,-2.300036377,1.831460083,1.323630249,0.354777053,0.050239255,-0.018784793,-0.933411159
1718187400306749440.000000000,-2.296094238,1.835857788,1.323425293,0.351595615,0.049700627,-0.020945869,-0.934597048
1718187400316749312.000000000,-2.291874756,1.840249390,1.323033936,0.349119295,0.049666786,-0.023908974,-0.935455659
1718187400326749184.000000000,-2.288172607,1.844505737,1.323192993,0.345153323,0.050998436,-0.024996969,-0.936826288
1718187400336749312.000000000,-2.283879150,1.848970093,1.322749634,0.341033128,0.048174159,-0.027801723,-0.938404348
1718187400346749440.000000000,-2.279574707,1.853294067,1.322483765,0.336581458,0.046794997,-0.030271305,-0.940003616
1718187400356749312.000000000,-2.275376709,1.857924316,1.322340210,0.333359481,0.047080025,-0.031886746,-0.941083505
1718187400366749184.000000000,-2.271126221,1.862563599,1.322187500,0.330303774,0.046819193,-0.033318451,-0.942123803
1718187400376749312.000000000,-2.266786133,1.867177124,1.322039307,0.327219169,0.046137774,-0.034402951,-0.943194231
1718187400386749440.000000000,-2.262172363,1.871803223,1.321762695,0.324720666,0.046737471,-0.036212485,-0.943960144
1718187400396749312.000000000,-2.257904541,1.876311890,1.321814087,0.320325296,0.045810900,-0.036012669,-0.945513698
1718187400406749184.000000000,-2.253442383,1.880808838,1.321726318,0.316689996,0.046108580,-0.036790116,-0.946693157
1718187400416749312.000000000,-2.248768066,1.885312256,1.321560425,0.314049514,0.047263824,-0.038142871,-0.947461954
1718187400426749440.000000000,-2.244481689,1.889746948,1.321744385,0.308950937,0.047290798,-0.037924021,-0.949144176
1718187400436749312.000000000,-2.239956787,1.894175415,1.321782593,0.304837501,0.047128466,-0.037956824,-0.950480029
1718187400446749184.000000000,-2.235496582,1.898687378,1.321846802,0.300252088,0.046501748,-0.038735771,-0.951937924
1718187400456749312.000000000,-2.230960205,1.903022095,1.322107544,0.295586202,0.046795188,-0.037755740,-0.953422001
1718187400466749440.000000000,-2.226418701,1.907455933,1.322335205,0.290332065,0.046362316,-0.037264356,-0.955075492
1718187400476749312.000000000,-2.221756592,1.912080688,1.322427368,0.285985478,0.046558882,-0.038081449,-0.956344279
1718187400486749184.000000000,-2.217304199,1.916646606,1.322482910,0.280700300,0.042935806,-0.038076957,-0.958078287
1718187400496749312.000000000,-2.212753418,1.920870850,1.323236328,0.278862672,0.040313974,-0.033578251,-0.958896707
1718187400506749440.000000000,-2.208166748,1.925138550,1.323520996,0.274950127,0.035059857,-0.031469535,-0.960303547
1718187400516749312.000000000,-2.203832031,1.929565430,1.324030762,0.271493788,0.033123180,-0.030044952,-0.961400686
1718187400526749184.000000000,-2.199581299,1.933897461,1.324593262,0.268249572,0.031679960,-0.029020794,-0.962390950
1718187400536749312.000000000,-2.195407471,1.938276367,1.325304443,0.265295088,0.026209337,-0.026096196,-0.963457615
1718187400546749440.000000000,-2.191416748,1.942448853,1.325797119,0.262629477,0.026778362,-0.027505240,-0.964132843
1718187400556749312.000000000,-2.187482910,1.946665527,1.326249390,0.261705655,0.027999617,-0.029087920,-0.964302891
1718187400566749184.000000000,-2.183445801,1.950247925,1.326756958,0.256278719,0.027081270,-0.035118537,-0.965585062
1718187400576749312.000000000,-2.179539063,1.954047974,1.327156250,0.253493413,0.028175931,-0.038443129,-0.966162167
1718187400586749440.000000000,-2.175527100,1.957809448,1.327521729,0.250365650,0.029161102,-0.041536457,-0.966820249
1718187400596749312.000000000,-2.171678223,1.961435791,1.328099731,0.247979663,0.033333050,-0.043532686,-0.967212438
1718187400606749184.000000000,-2.167224365,1.965282837,1.328131226,0.243806315,0.031222561,-0.045409635,-0.968256989
1718187400616749312.000000000,-2.162828613,1.969046631,1.328364990,0.240243493,0.031457323,-0.044949405,-0.969161004
1718187400626749440.000000000,-2.158289795,1.972864258,1.328575195,0.236699413,0.031474453,-0.043612942,-0.970093118
1718187400636749312.000000000,-2.153638672,1.976693481,1.328746216,0.233497981,0.031143212,-0.041099221,-0.970989005
1718187400646749184.000000000,-2.148905518,1.980515747,1.328893921,0.230465382,0.030962805,-0.038033836,-0.971843835
1718187400656749312.000000000,-2.144219971,1.984316284,1.329065552,0.227755798,0.031133788,-0.034608873,-0.972604858
1718187400666749440.000000000,-2.139507568,1.988040039,1.329214478,0.225431871,0.031191102,-0.030811909,-0.973271911
1718187400676749312.000000000,-2.134861328,1.991724487,1.329395996,0.223526779,0.032029071,-0.028102372,-0.973765975
1718187400686749184.000000000,-2.130249512,1.995370728,1.329577515,0.221569782,0.033398971,-0.025951216,-0.974226809
1718187400696749312.000000000,-2.125879639,1.998876465,1.329994751,0.220144073,0.038023903,-0.024977708,-0.974405913
1718187400706749440.000000000,-2.121135010,2.002628296,1.329871704,0.216840183,0.036589099,-0.025172870,-0.975196339
1718187400716749312.000000000,-2.116578613,2.006292114,1.329945313,0.214649032,0.038297046,-0.026258772,-0.975586801
1718187400726749184.000000000,-2.112041992,2.009973999,1.329999268,0.212057702,0.039392927,-0.027919269,-0.976063647
1718187400736749312.000000000,-2.107553223,2.013176025,1.330552856,0.212827799,0.044117210,-0.024916491,-0.975775163
1718187400746749440.000000000,-2.103203369,2.017014038,1.330561768,0.210242856,0.044485697,-0.027323738,-0.976254259
1718187400756749312.000000000,-2.098109619,2.020837280,1.330517578,0.208767157,0.043456639,-0.028263260,-0.976590489
1718187400766749184.000000000,-2.093057861,2.024993652,1.330131958,0.205575008,0.038813218,-0.031351947,-0.977368664
1718187400776749312.000000000,-2.088088623,2.029010010,1.329965088,0.203449213,0.037080042,-0.032842674,-0.977831707
1718187400786749440.000000000,-2.083077881,2.032869141,1.329729736,0.201618292,0.033205353,-0.033785071,-0.978317964
1718187400796749312.000000000,-2.077837402,2.037054565,1.329495483,0.199461325,0.033093323,-0.035935380,-0.978687213
1718187400806749184.000000000,-2.072584717,2.040983887,1.329199463,0.197366196,0.031638988,-0.037076379,-0.979117409
1718187400816749312.000000000,-2.067215820,2.044835571,1.328866211,0.195394448,0.030995115,-0.038125577,-0.979493110
1718187400826749440.000000000,-2.061736572,2.048604492,1.328512695,0.193344996,0.030782618,-0.038562527,-0.979889317
1718187400836749312.000000000,-2.056183594,2.052296875,1.328142334,0.191346941,0.031195446,-0.039073043,-0.980248178
1718187400846749184.000000000,-2.050557861,2.055897461,1.327777710,0.189573064,0.032730036,-0.039096817,-0.980541808
1718187400856749312.000000000,-2.044760010,2.058620605,1.327504150,0.185835650,0.038102189,-0.034125330,-0.981248591
1718187400866749440.000000000,-2.039039429,2.062018555,1.327321899,0.185757990,0.038956643,-0.037324553,-0.981113259
1718187400876749312.000000000,-2.033233154,2.065198486,1.327015381,0.184364612,0.041428921,-0.037019021,-0.981286363
1718187400886749184.000000000,-2.027363770,2.068409180,1.326713379,0.183089017,0.044004484,-0.036865448,-0.981418848
1718187400896749312.000000000,-2.021465332,2.071593750,1.326414795,0.181868412,0.046551324,-0.037657523,-0.981498225
1718187400906749440.000000000,-2.015496216,2.074777344,1.326083984,0.180912519,0.048643952,-0.037792525,-0.981568210
1718187400916749312.000000000,-2.009483398,2.078001953,1.325742065,0.179613071,0.050439347,-0.038600658,-0.981684779
1718187400926749184.000000000,-2.003387939,2.081290283,1.325450684,0.178584628,0.051841075,-0.039645897,-0.981757728
1718187400936749312.000000000,-1.997278320,2.084619629,1.325123657,0.177193002,0.052418821,-0.041142474,-0.981917616
1718187400946749440.000000000,-1.990985352,2.087855713,1.324719971,0.175235282,0.053753485,-0.040257440,-0.982233423
1718187400956749312.000000000,-1.984709106,2.091090576,1.324231812,0.173382490,0.052093660,-0.041507415,-0.982599561
1718187400966749184.000000000,-1.978440918,2.094481689,1.323985474,0.172465441,0.051987447,-0.043694849,-0.982671734
1718187400976749312.000000000,-1.972142822,2.097900879,1.323861328,0.171137651,0.052699813,-0.045312224,-0.982792672
1718187400986749440.000000000,-1.965832275,2.100980713,1.323564819,0.169809777,0.051136498,-0.047911179,-0.982982308
1718187400996749312.000000000,-1.959439819,2.104248291,1.323409546,0.168454858,0.051715148,-0.050203761,-0.983070744
1718187401006749184.000000000,-1.953067505,2.107245117,1.323236694,0.167154901,0.051992878,-0.052440512,-0.983161214
1718187401016749312.000000000,-1.946910522,2.109907715,1.323390381,0.166373417,0.056447812,-0.054286592,-0.982947861
1718187401026749440.000000000,-1.940408325,2.112994873,1.322983032,0.164905080,0.054150104,-0.056380972,-0.983206625
1718187401036749312.000000000,-1.934081787,2.115767822,1.322890381,0.163881030,0.056350271,-0.058267584,-0.983144213
1718187401046749184.000000000,-1.927733887,2.118523682,1.322794678,0.163425593,0.058333567,-0.059107295,-0.983054219
1718187401056749312.000000000,-1.921331299,2.121240479,1.322709717,0.162781454,0.060246503,-0.059102656,-0.983045997
1718187401066749440.000000000,-1.914868042,2.123999268,1.322677246,0.162186038,0.062350906,-0.058570576,-0.983045035
1718187401076749312.000000000,-1.908303101,2.126785400,1.322631836,0.161719836,0.063328334,-0.057125224,-0.983144407
1718187401086749184.000000000,-1.901779541,2.129287109,1.322995728,0.160875008,0.068137449,-0.053310299,-0.983175738
1718187401096749312.000000000,-1.895028931,2.132445068,1.322748901,0.160252162,0.063843146,-0.050219917,-0.983728244
1718187401106749440.000000000,-1.888367676,2.135324707,1.322900513,0.159239926,0.063543719,-0.045937561,-0.984121223
1718187401116749312.000000000,-1.881884399,2.137640625,1.323386353,0.158640503,0.066912352,-0.042153104,-0.984164135
1718187401126749184.000000000,-1.875289307,2.141003906,1.323395752,0.157475380,0.061393546,-0.036936935,-0.984920301
1718187401136749312.000000000,-1.868967407,2.143741211,1.323766357,0.156682340,0.060497711,-0.033212773,-0.985234786
1718187401146749440.000000000,-1.862810913,2.146483154,1.324161865,0.156010668,0.059707981,-0.031205550,-0.985455145
1718187401156749312.000000000,-1.856829468,2.149152588,1.324565308,0.155479889,0.059467301,-0.030962173,-0.985561255
1718187401166749184.000000000,-1.851043213,2.151770996,1.325050293,0.155329931,0.059083329,-0.031871791,-0.985578998
1718187401176749312.000000000,-1.845412354,2.154317627,1.325449707,0.155230731,0.058396249,-0.035101099,-0.985525855
1718187401186749440.000000000,-1.839190186,2.155449951,1.326266357,0.144434861,0.062513560,-0.040554986,-0.986704575
1718187401196749312.000000000,-1.833654907,2.157906738,1.326671509,0.143804816,0.061944313,-0.045470296,-0.986618229
1718187401206749184.000000000,-1.828058960,2.160394775,1.327148560,0.143037593,0.061437075,-0.049702494,-0.986557345
1718187401216749312.000000000,-1.822773071,2.162674072,1.327748047,0.144231859,0.062141229,-0.052533691,-0.986192603
1718187401226749440.000000000,-1.817098511,2.165475098,1.328066528,0.145225261,0.064264613,-0.057565875,-0.985629673
1718187401236749312.000000000,-1.811182861,2.167571533,1.328429810,0.141688637,0.058493502,-0.057202815,-0.986524545
1718187401246749184.000000000,-1.805104004,2.170323730,1.328848145,0.139203013,0.055716187,-0.056632238,-0.987071941
1718187401256749312.000000000,-1.799029907,2.172807373,1.329161255,0.137049806,0.053321129,-0.055875126,-0.987548570
1718187401266749440.000000000,-1.792912842,2.175180420,1.329521362,0.134855453,0.051703958,-0.054377318,-0.988020149
1718187401276749312.000000000,-1.786847656,2.177425049,1.329885254,0.132454862,0.050462685,-0.052053407,-0.988534101
1718187401286749184.000000000,-1.780930420,2.179486572,1.330341187,0.130189308,0.050178560,-0.048626049,-0.989023945
1718187401296749312.000000000,-1.774926880,2.181616943,1.330681030,0.128128042,0.050883226,-0.047383852,-0.989317377
1718187401306749440.000000000,-1.769213867,2.183500488,1.331121704,0.126209259,0.051798860,-0.044392264,-0.989655207
1718187401316749312.000000000,-1.763423950,2.185434814,1.331433472,0.124746331,0.053623530,-0.044201782,-0.989752026
1718187401326749184.000000000,-1.757830688,2.187283203,1.331803345,0.123326396,0.055028010,-0.043301638,-0.989892664
1718187401336749312.000000000,-1.752281494,2.189166504,1.332167480,0.121866720,0.056678245,-0.042591879,-0.990011117
1718187401346749440.000000000,-1.746779785,2.191099609,1.332477905,0.120552619,0.058038808,-0.042695081,-0.990088730
1718187401356749312.000000000,-1.741311035,2.193020996,1.332819946,0.119242215,0.058845642,-0.042079797,-0.990226123
1718187401366749184.000000000,-1.735814575,2.194996826,1.333100830,0.117726265,0.059336405,-0.042055088,-0.990379264
1718187401376749312.000000000,-1.730313354,2.197049072,1.333350342,0.116364961,0.058779903,-0.041701334,-0.990588268
1718187401386749440.000000000,-1.724785156,2.199172119,1.333558594,0.114777354,0.058180990,-0.041831409,-0.990803343
1718187401396749312.000000000,-1.719255371,2.201358154,1.333706543,0.113091376,0.057122191,-0.042242346,-0.991041361
1718187401406749184.000000000,-1.713705933,2.203561279,1.333798462,0.111468719,0.055295497,-0.042946498,-0.991298507
1718187401416749312.000000000,-1.708133179,2.205791748,1.333831909,0.109758864,0.053848129,-0.043595549,-0.991540619
1718187401426749440.000000000,-1.702556396,2.208027832,1.333795898,0.107828734,0.051919147,-0.044901816,-0.991796952
1718187401436749312.000000000,-1.697005249,2.210188721,1.333733887,0.106377065,0.050080109,-0.044832594,-0.992051380
1718187401446749184.000000000,-1.691347046,2.212403320,1.333515015,0.104679087,0.048483771,-0.045948222,-0.992260235
1718187401456749312.000000000,-1.685561890,2.214990479,1.333210327,0.104076161,0.046767532,-0.049828406,-0.992218766
1718187401466749440.000000000,-1.679798828,2.216901123,1.332816895,0.100815706,0.046383624,-0.049377161,-0.992595914
1718187401476749312.000000000,-1.674031982,2.218873291,1.332288330,0.097499724,0.047945795,-0.047199164,-0.992958833
1718187401486749184.000000000,-1.668099365,2.221200684,1.331769897,0.096521026,0.048402579,-0.046873644,-0.993047704
1718187401496749312.000000000,-1.662112793,2.223532227,1.331227783,0.095253894,0.049386291,-0.046010789,-0.993161969
1718187401506749440.000000000,-1.656069580,2.225790527,1.330611206,0.093519280,0.050094932,-0.045037077,-0.993335947
1718187401516749312.000000000,-1.649990479,2.228049072,1.329949097,0.091316214,0.050181265,-0.044535452,-0.993559149
1718187401526749184.000000000,-1.643973145,2.230245361,1.329331055,0.089311524,0.049484025,-0.042306935,-0.993873687
1718187401536749312.000000000,-1.637845703,2.232514404,1.328575684,0.086691677,0.049028551,-0.041793932,-0.994149899
1718187401546749440.000000000,-1.631715088,2.234794434,1.327781738,0.084027066,0.048498359,-0.041018313,-0.994436956
1718187401556749312.000000000,-1.625586426,2.237076904,1.326978027,0.081218553,0.047895644,-0.040874979,-0.994705379
1718187401566749184.000000000,-1.619472290,2.239328613,1.326174316,0.078153990,0.047049276,-0.040701976,-0.994998326
1718187401576749312.000000000,-1.613430176,2.241582520,1.325383545,0.075120430,0.046366511,-0.040383515,-0.995276966
1718187401586749440.000000000,-1.607445923,2.243763916,1.324624634,0.071792236,0.045520862,-0.040229957,-0.995567816
1718187401596749312.000000000,-1.601530396,2.245925781,1.323924072,0.068754797,0.044626316,-0.040212968,-0.995823371
1718187401606749184.000000000,-1.595692017,2.248031006,1.323288330,0.065682269,0.043933145,-0.040498497,-0.996049994
1718187401616749312.000000000,-1.589876221,2.250185303,1.322634399,0.062423984,0.041620004,-0.040698342,-0.996350674
1718187401626749440.000000000,-1.584303467,2.252023682,1.322114380,0.058864861,0.039556383,-0.042093492,-0.996593377
1718187401636749312.000000000,-1.578797974,2.253995605,1.321832764,0.055627690,0.040077567,-0.045909344,-0.996590026
1718187401646749184.000000000,-1.573154297,2.255711914,1.321290771,0.052774407,0.041268548,-0.046003353,-0.996692260
1718187401656749312.000000000,-1.567694946,2.257516846,1.321120605,0.049399733,0.041881038,-0.048937225,-0.996699951
1718187401666749440.000000000,-1.562176758,2.259280518,1.320853149,0.045799284,0.041292493,-0.051341761,-0.996775491
1718187401676749312.000000000,-1.556573120,2.260984863,1.320518311,0.042421014,0.039374210,-0.055155883,-0.996798855
1718187401686749184.000000000,-1.551004028,2.262765137,1.320578979,0.038385392,0.039855994,-0.055083695,-0.996947264
1718187401696749312.000000000,-1.545345215,2.264701660,1.320696045,0.034798552,0.040390975,-0.056845726,-0.996958471
1718187401706749440.000000000,-1.539604858,2.266443848,1.320729980,0.031163659,0.040134064,-0.057012922,-0.997079540
1718187401716749312.000000000,-1.533814819,2.268159180,1.320798584,0.027634915,0.039606624,-0.056739727,-0.997220252
1718187401726749184.000000000,-1.527983887,2.269780273,1.320930420,0.024209832,0.039649197,-0.056097225,-0.997343936
1718187401736749312.000000000,-1.522131958,2.271751953,1.321172119,0.021752661,0.038970380,-0.055431720,-0.997464513
1718187401746749440.000000000,-1.516253540,2.273641113,1.321427612,0.019455250,0.038250215,-0.054425383,-0.997595255
1718187401756749312.000000000,-1.510268555,2.275459229,1.321602051,0.016609002,0.033929671,-0.051067657,-0.997980467
1718187401766749184.000000000,-1.504382324,2.277291504,1.321945313,0.014259019,0.031632347,-0.049362543,-0.998178047
1718187401776749312.000000000,-1.498496460,2.279173096,1.322249634,0.012162128,0.030366700,-0.049805942,-0.998223078
1718187401786749440.000000000,-1.492760498,2.280621582,1.322624023,0.010140281,0.028770142,-0.049804285,-0.998293037
1718187401796749312.000000000,-1.487218140,2.281960693,1.323234619,0.006296743,0.024327051,-0.045890805,-0.998630352
1718187401806749184.000000000,-1.481672852,2.283389404,1.323795776,0.003906064,0.023077723,-0.045852255,-0.998673987
1718187401816749312.000000000,-1.476203613,2.284552734,1.324347778,0.000957439,0.022231310,-0.046745094,-0.998658975
1718187401826749440.000000000,-1.470812012,2.285551758,1.324934937,-0.002306793,0.021701339,-0.048180789,-0.998600191
1718187401836749312.000000000,-1.465446533,2.286411621,1.325485962,-0.005700430,0.021187314,-0.050149763,-0.998500678
1718187401846749184.000000000,-1.460059937,2.287170166,1.326011230,-0.008973147,0.021673579,-0.051924240,-0.998375486
1718187401856749312.000000000,-1.454549561,2.287861328,1.326451050,-0.011244582,0.025365562,-0.051820068,-0.998270919
1718187401866749440.000000000,-1.449040527,2.288422363,1.326864258,-0.014410108,0.027131677,-0.052586967,-0.998143693
1718187401876749312.000000000,-1.443524902,2.289076172,1.327471313,-0.017509052,0.024107929,-0.056503172,-0.997957731
1718187401886749184.000000000,-1.437521240,2.289708252,1.327475342,-0.020218911,0.025044811,-0.053367942,-0.998056018
1718187401896749312.000000000,-1.431584961,2.290141113,1.327797485,-0.022938771,0.025964236,-0.053105796,-0.997987698
1718187401906749440.000000000,-1.425705444,2.290374023,1.328244873,-0.025928446,0.025643025,-0.054334231,-0.997856674
1718187401916749312.000000000,-1.419464600,2.290679443,1.328670166,-0.028949526,0.029637684,-0.049762003,-0.997901436
1718187401926749184.000000000,-1.413329590,2.290874023,1.328859009,-0.031985031,0.031465807,-0.048361814,-0.997821625
1718187401936749312.000000000,-1.407171875,2.291059326,1.329034668,-0.034825096,0.033775947,-0.047763706,-0.997679822
1718187401946749440.000000000,-1.400981079,2.291216797,1.329229370,-0.037701734,0.035520496,-0.047307135,-0.997536420
1718187401956749312.000000000,-1.394839966,2.291312988,1.329332275,-0.040082745,0.037082628,-0.047379564,-0.997383291
1718187401966749184.000000000,-1.388659668,2.291441895,1.329449341,-0.042251409,0.039114039,-0.047907316,-0.997190954
1718187401976749312.000000000,-1.382469482,2.291619385,1.329540649,-0.044387960,0.040006759,-0.048450410,-0.997036472
1718187401986749440.000000000,-1.376231445,2.291916016,1.329628418,-0.046536587,0.040301792,-0.049730871,-0.996863557
1718187401996749312.000000000,-1.369982300,2.292284912,1.329649902,-0.048403848,0.040124522,-0.050427898,-0.996746767
1718187402006749184.000000000,-1.363558838,2.292524170,1.329484619,-0.050534416,0.038262620,-0.052197486,-0.996623132
1718187402016749312.000000000,-1.357154297,2.292896484,1.329385620,-0.052297846,0.036715854,-0.053640438,-0.996513715
1718187402026749440.000000000,-1.350672363,2.293144287,1.329231934,-0.054733679,0.034270847,-0.054783544,-0.996407796
1718187402036749312.000000000,-1.344013184,2.293287109,1.329087891,-0.059486325,0.030833995,-0.054475046,-0.996264579
1718187402046749184.000000000,-1.337643799,2.293445801,1.328858643,-0.062290766,0.025332373,-0.050531172,-0.996456086
1718187402056749312.000000000,-1.330714355,2.293418213,1.328617554,-0.064646026,0.027107780,-0.057505870,-0.995881084
1718187402066749440.000000000,-1.324026123,2.293442627,1.328382324,-0.066802044,0.025118516,-0.057729828,-0.995777994
1718187402076749312.000000000,-1.317317017,2.293380127,1.328147339,-0.069038183,0.023695162,-0.058100271,-0.995638803
1718187402086749184.000000000,-1.310597168,2.293185547,1.327862671,-0.071234813,0.022146978,-0.058250172,-0.995510939
1718187402096749312.000000000,-1.303873779,2.292881592,1.327575317,-0.073161804,0.020661705,-0.058831432,-0.995368930
1718187402106749440.000000000,-1.297162964,2.292459229,1.327296509,-0.075248296,0.019755858,-0.059978340,-0.995163303
1718187402116749312.000000000,-1.290455811,2.291931885,1.327006836,-0.077304741,0.019316582,-0.060963061,-0.994954447
1718187402126749184.000000000,-1.283728149,2.291284912,1.326681030,-0.079472703,0.019213363,-0.062720725,-0.994676353
1718187402136749312.000000000,-1.276954468,2.290532471,1.326351318,-0.081571995,0.019873754,-0.064725093,-0.994364976
1718187402146749440.000000000,-1.270111450,2.289711670,1.326011841,-0.083731781,0.020753914,-0.066808049,-0.994029652
1718187402156749312.000000000,-1.263175293,2.288828125,1.325644409,-0.085828745,0.021814386,-0.068494380,-0.993713278
1718187402166749184.000000000,-1.256138428,2.287896729,1.325239990,-0.087786640,0.022716887,-0.070090220,-0.993410695
1718187402176749312.000000000,-1.248960815,2.286940674,1.324815308,-0.089620464,0.023530973,-0.071270118,-0.993144016
1718187402186749440.000000000,-1.241672363,2.285971436,1.324366699,-0.091331865,0.024224544,-0.072121602,-0.992909934
1718187402196749312.000000000,-1.234295044,2.284977295,1.323886719,-0.092801427,0.024147957,-0.072820566,-0.992724502
1718187402206749184.000000000,-1.226837158,2.283932373,1.323406982,-0.094339904,0.023876074,-0.073359416,-0.992546378
1718187402216749312.000000000,-1.219328369,2.282829346,1.322928833,-0.095712383,0.023717014,-0.073957842,-0.992374365
1718187402226749440.000000000,-1.211804565,2.281675293,1.322491699,-0.097372144,0.023413696,-0.074643720,-0.992168725
1718187402236749312.000000000,-1.204326172,2.280492676,1.322090088,-0.098889369,0.023163704,-0.076034935,-0.991918860
1718187402246749184.000000000,-1.196861694,2.279217041,1.321747559,-0.100475001,0.023131219,-0.077574025,-0.991641060
1718187402256749312.000000000,-1.189432129,2.277895020,1.321442993,-0.101887550,0.022903759,-0.080141340,-0.991297993
1718187402266749440.000000000,-1.182041626,2.276561768,1.321248779,-0.103296902,0.022754053,-0.082746776,-0.990941459
1718187402276749312.000000000,-1.174675049,2.275155273,1.321033203,-0.104616219,0.021839592,-0.085739420,-0.990569145
1718187402286749184.000000000,-1.167326904,2.273713867,1.320978882,-0.106087676,0.021207614,-0.088615651,-0.990173171
1718187402296749312.000000000,-1.159933716,2.272175293,1.320865601,-0.107949141,0.020147882,-0.090817413,-0.989794546
1718187402306749440.000000000,-1.152524902,2.270552002,1.320883423,-0.109828442,0.019833634,-0.092865849,-0.989404000
1718187402316749312.000000000,-1.145180420,2.268975342,1.320820190,-0.110896796,0.018414333,-0.099783194,-0.988638522
1718187402326749184.000000000,-1.137749146,2.267225830,1.320816162,-0.113116880,0.016305788,-0.098377593,-0.988564890
1718187402336749312.000000000,-1.130220459,2.265390869,1.320922241,-0.115361138,0.015150371,-0.097048022,-0.988455338
1718187402346749440.000000000,-1.122664063,2.263562256,1.321108276,-0.117776878,0.015243467,-0.094922398,-0.988375426
1718187402356749312.000000000,-1.115062866,2.261778809,1.321590332,-0.119915350,0.017488247,-0.093084586,-0.988255903
1718187402366749184.000000000,-1.107555298,2.259830566,1.321913574,-0.121844291,0.018023761,-0.089242477,-0.988364757
1718187402376749312.000000000,-1.100087036,2.257854248,1.322332275,-0.123232816,0.019173976,-0.086324938,-0.988430087
1718187402386749440.000000000,-1.092695190,2.255904541,1.322833984,-0.124287550,0.020334341,-0.084242966,-0.988454471
1718187402396749312.000000000,-1.085446899,2.253985107,1.323397461,-0.125236756,0.021759415,-0.082692331,-0.988435259
1718187402406749184.000000000,-1.078295654,2.252099854,1.323957886,-0.125972146,0.022357647,-0.082751942,-0.988323464
1718187402416749312.000000000,-1.071215942,2.250226563,1.324499268,-0.126702493,0.021823152,-0.083835489,-0.988150717
1718187402426749440.000000000,-1.064188232,2.248413086,1.325012817,-0.127228624,0.020095932,-0.085732634,-0.987956956
1718187402436749312.000000000,-1.057073120,2.246681885,1.325642578,-0.128908660,0.019328626,-0.086062890,-0.987725742
1718187402446749184.000000000,-1.050007568,2.244821289,1.326014648,-0.129364783,0.015396541,-0.089309039,-0.987447009
1718187402456749312.000000000,-1.042885620,2.242934082,1.326392578,-0.130775544,0.010591730,-0.091297332,-0.987142527
1718187402466749440.000000000,-1.035675293,2.240975098,1.326748535,-0.132849095,0.006147123,-0.092034661,-0.986834815
1718187402476749312.000000000,-1.028352783,2.239002441,1.327118652,-0.134376428,0.001445012,-0.092084891,-0.986641404
1718187402486749184.000000000,-1.021088257,2.236923584,1.327468506,-0.137742725,-0.001760085,-0.089115080,-0.986449363
1718187402496749312.000000000,-1.013885742,2.234745605,1.327836792,-0.140822204,-0.004190334,-0.085977407,-0.986285675
1718187402506749440.000000000,-1.006746399,2.232479492,1.328231812,-0.144038772,-0.006207664,-0.082037219,-0.986146131
1718187402516749312.000000000,-0.999764282,2.230153076,1.328688721,-0.146868220,-0.006554639,-0.078104651,-0.986045854
1718187402526749184.000000000,-0.992973328,2.227738770,1.329213989,-0.149537417,-0.005701512,-0.074827621,-0.985904093
1718187402536749312.000000000,-0.986420593,2.225249512,1.329786499,-0.151977232,-0.003744505,-0.072627409,-0.985704905
1718187402546749440.000000000,-0.980089478,2.222722412,1.330391602,-0.154195682,-0.000921153,-0.071662467,-0.985437636
1718187402556749312.000000000,-0.973941223,2.220166748,1.330993408,-0.156223918,0.002687461,-0.071905163,-0.985097210
1718187402566749184.000000000,-0.967961365,2.217589844,1.331604004,-0.158234665,0.006331597,-0.073120519,-0.984670042
1718187402576749312.000000000,-0.962058960,2.215048340,1.332206055,-0.160071300,0.009276294,-0.075410941,-0.984176976
1718187402586749440.000000000,-0.956230591,2.212516602,1.332735718,-0.162186354,0.011875637,-0.077950229,-0.983604757
1718187402596749312.000000000,-0.950354431,2.210063721,1.333221558,-0.164142811,0.014061376,-0.080060956,-0.983081715
1718187402606749184.000000000,-0.944351440,2.207781982,1.333803345,-0.167091869,0.014496815,-0.077396007,-0.982791945
1718187402616749312.000000000,-0.938305298,2.205412598,1.334078613,-0.168906157,0.014109574,-0.080403446,-0.982245853
1718187402626749440.000000000,-0.932124390,2.203137695,1.334293213,-0.170768842,0.012820673,-0.082267439,-0.981786994
1718187402636749312.000000000,-0.925774902,2.200945313,1.334424927,-0.172710394,0.009933199,-0.082663418,-0.981447508
1718187402646749184.000000000,-0.919306702,2.198839844,1.334532104,-0.174722407,0.007155810,-0.081063013,-0.981249032
1718187402656749312.000000000,-0.912642029,2.196508789,1.334590088,-0.175116126,0.003643584,-0.075364954,-0.981652276
1718187402666749440.000000000,-0.906064819,2.194395264,1.334499878,-0.177682719,-0.000082187,-0.074659017,-0.981251688
1718187402676749312.000000000,-0.899492065,2.192198730,1.334339233,-0.180416740,-0.003303009,-0.073704231,-0.980819339
1718187402686749184.000000000,-0.892973389,2.189928223,1.334118286,-0.183378075,-0.006150438,-0.073056915,-0.980304718
1718187402696749312.000000000,-0.886427124,2.187246094,1.333387207,-0.188540867,-0.015542956,-0.067015772,-0.979652818
1718187402706749440.000000000,-0.879995056,2.184762695,1.333216064,-0.192076211,-0.015940104,-0.068561422,-0.978852376
1718187402716749312.000000000,-0.873742432,2.182273438,1.332921753,-0.195157530,-0.016655762,-0.069928533,-0.978134001
1718187402726749184.000000000,-0.867666504,2.179754395,1.332545288,-0.197423695,-0.018241671,-0.071302030,-0.977551608
1718187402736749312.000000000,-0.861430481,2.176977295,1.332369263,-0.200260061,-0.015714176,-0.071997573,-0.976967411
1718187402746749440.000000000,-0.855400024,2.174626709,1.332535645,-0.201003001,-0.008713091,-0.081568210,-0.976149836
1718187402756749312.000000000,-0.849365051,2.171829834,1.332033813,-0.204266473,-0.011857532,-0.081680551,-0.975429595
1718187402766749184.000000000,-0.843223938,2.169168213,1.331703125,-0.206695037,-0.012051125,-0.083761497,-0.974738911
1718187402776749312.000000000,-0.837012817,2.166430420,1.331365356,-0.209338539,-0.012172519,-0.085268133,-0.974042377
1718187402786749440.000000000,-0.830560059,2.163533691,1.330715576,-0.212846010,-0.016152202,-0.081348140,-0.973559532
1718187402796749312.000000000,-0.824297852,2.160709961,1.330410767,-0.216282368,-0.016385630,-0.081310175,-0.972801163
1718187402806749184.000000000,-0.818042175,2.157816162,1.330082153,-0.219723712,-0.016405774,-0.081493869,-0.972013935
1718187402816749312.000000000,-0.811833313,2.154883301,1.329777100,-0.223640587,-0.016233851,-0.081361523,-0.971134209
1718187402826749440.000000000,-0.805689758,2.151908691,1.329485229,-0.227558269,-0.016138411,-0.081655913,-0.970200545
1718187402836749312.000000000,-0.799732666,2.148986816,1.329180786,-0.231041708,-0.016309296,-0.082681464,-0.969287115
1718187402846749184.000000000,-0.793710876,2.145855225,1.328878296,-0.235609404,-0.016069860,-0.084376047,-0.968044757
1718187402856749312.000000000,-0.787861267,2.142829346,1.328584106,-0.239771232,-0.016289053,-0.086522660,-0.966828967
1718187402866749440.000000000,-0.782073120,2.139802979,1.328273193,-0.243472452,-0.017411515,-0.090209539,-0.965546603
1718187402876749312.000000000,-0.776497864,2.136985107,1.328140015,-0.246244285,-0.016427805,-0.097002720,-0.964201406
1718187402886749184.000000000,-0.770567505,2.133845459,1.327820313,-0.250614157,-0.017991295,-0.101123530,-0.962622922
1718187402896749312.000000000,-0.764658936,2.130843018,1.327483276,-0.254589159,-0.019459861,-0.103680922,-0.961278285
1718187402906749440.000000000,-0.758711914,2.127939697,1.327184814,-0.257983347,-0.020919171,-0.106271880,-0.960058992
1718187402916749312.000000000,-0.752663818,2.124933838,1.326812500,-0.262467270,-0.021768164,-0.107050300,-0.958737353
1718187402926749184.000000000,-0.746538025,2.122029541,1.326796997,-0.266516034,-0.017935136,-0.110991974,-0.957250394
1718187402936749312.000000000,-0.740349548,2.118906738,1.326482422,-0.271579762,-0.017141714,-0.109061921,-0.956062808
1718187402946749440.000000000,-0.734112793,2.115900635,1.326306641,-0.276342459,-0.015233138,-0.108001762,-0.954849944
1718187402956749312.000000000,-0.727962524,2.112784912,1.326131592,-0.281238813,-0.013726994,-0.105148314,-0.953761045
1718187402966749184.000000000,-0.721893372,2.109627441,1.326036865,-0.286058303,-0.011144641,-0.102154173,-0.952686186
1718187402976749312.000000000,-0.715926147,2.106560547,1.326059082,-0.290333763,-0.009496535,-0.099430852,-0.951698286
1718187402986749440.000000000,-0.710036133,2.103465332,1.326141968,-0.294303374,-0.007069203,-0.096924429,-0.950758227
1718187402996749312.000000000,-0.704277100,2.100407959,1.326357178,-0.297877373,-0.005593622,-0.095082482,-0.949840567
1718187403006749184.000000000,-0.698606689,2.097346436,1.326601685,-0.301670772,-0.004300911,-0.093143388,-0.948841692
1718187403016749312.000000000,-0.693126160,2.094404785,1.326913208,-0.304430838,-0.004350587,-0.091631184,-0.948106884
1718187403026749440.000000000,-0.687740234,2.091375732,1.327208374,-0.307599954,-0.005790319,-0.091157289,-0.947121475
1718187403036749312.000000000,-0.682444946,2.088392334,1.327521729,-0.310928217,-0.007436748,-0.092090184,-0.945932205
1718187403046749184.000000000,-0.677250427,2.085388184,1.327880371,-0.314158999,-0.009956118,-0.092099769,-0.944840003
1718187403056749312.000000000,-0.671980042,2.082253906,1.328144653,-0.318756449,-0.012904753,-0.092954813,-0.943179302
1718187403066749440.000000000,-0.666850281,2.079093018,1.328430786,-0.322939288,-0.015611010,-0.095135427,-0.941496555
1718187403076749312.000000000,-0.662138000,2.075722168,1.328584595,-0.326953802,-0.018466073,-0.098690402,-0.939691662
1718187403086749184.000000000,-0.657163269,2.072255615,1.328845947,-0.331306069,-0.019776855,-0.099916141,-0.938009557
1718187403096749312.000000000,-0.652246277,2.068660400,1.329124146,-0.335992163,-0.019888226,-0.100462594,-0.936280402
1718187403106749440.000000000,-0.647291260,2.064770020,1.329360596,-0.340659245,-0.014375620,-0.099282381,-0.934819570
1718187403116749312.000000000,-0.642424011,2.060942627,1.329647217,-0.344955193,-0.011392459,-0.098992780,-0.933314821
1718187403126749184.000000000,-0.637594299,2.056980469,1.329916382,-0.348859823,-0.007022484,-0.100346546,-0.931760741
1718187403136749312.000000000,-0.632945007,2.053028076,1.330370239,-0.352141417,-0.000658805,-0.095971248,-0.931013162
1718187403146749440.000000000,-0.627431702,2.049257813,1.330413574,-0.354905603,0.001034970,-0.094457385,-0.930117597
1718187403156749312.000000000,-0.623114197,2.045169800,1.330751343,-0.359275671,0.007040421,-0.095120409,-0.928344512
1718187403166749184.000000000,-0.618548401,2.041010864,1.331019775,-0.361692711,0.010175154,-0.101465851,-0.926703583
1718187403176749312.000000000,-0.614068115,2.036720093,1.331039551,-0.365265941,0.022933966,-0.099399037,-0.925297064
1718187403186749440.000000000,-0.609811462,2.032558960,1.331310059,-0.368797265,0.031210534,-0.102942105,-0.923264536
1718187403196749312.000000000,-0.605480652,2.028347778,1.331647461,-0.371553308,0.033989930,-0.105559675,-0.921764601
1718187403206749184.000000000,-0.601058289,2.024085815,1.331935669,-0.374252326,0.035411868,-0.108112218,-0.920322196
1718187403216749312.000000000,-0.597068481,2.019650879,1.332514648,-0.377618668,0.042924667,-0.116326172,-0.917621837
1718187403226749440.000000000,-0.592519897,2.015339355,1.332691406,-0.380219328,0.042380259,-0.116581130,-0.916540243
1718187403236749312.000000000,-0.587967407,2.011042358,1.332689575,-0.382910014,0.037765358,-0.117727300,-0.915474730
1718187403246749184.000000000,-0.583294678,2.006635376,1.332767578,-0.385654441,0.036038267,-0.117288049,-0.914448144
1718187403256749312.000000000,-0.578657166,2.002157227,1.332761475,-0.388601960,0.032756171,-0.115880875,-0.913502695
1718187403266749440.000000000,-0.574059387,1.997609375,1.332707520,-0.391370900,0.029799162,-0.114743028,-0.912564993
1718187403276749312.000000000,-0.569527222,1.992948364,1.332619385,-0.394305386,0.027661982,-0.114363557,-0.911415961
1718187403286749184.000000000,-0.565104370,1.988221802,1.332478027,-0.397248172,0.024898620,-0.114806895,-0.910161153
1718187403296749312.000000000,-0.560785889,1.983386353,1.332293335,-0.400510623,0.022537695,-0.115733395,-0.908674350
1718187403306749440.000000000,-0.556631775,1.978419189,1.332100220,-0.403285698,0.020732802,-0.116682050,-0.907367674
1718187403316749312.000000000,-0.552568420,1.973363647,1.331837158,-0.406801696,0.020250321,-0.119497709,-0.905440557
1718187403326749184.000000000,-0.548595215,1.968218750,1.331584717,-0.409745794,0.020647638,-0.122684626,-0.903676127
1718187403336749312.000000000,-0.544595886,1.962979370,1.331300537,-0.412455308,0.021243003,-0.127147924,-0.901810822
1718187403346749440.000000000,-0.540619202,1.957717285,1.331020508,-0.414803033,0.021637010,-0.131494856,-0.900099654
1718187403356749312.000000000,-0.536647400,1.952268066,1.330514893,-0.418293345,0.021677372,-0.131648782,-0.898459441
1718187403366749184.000000000,-0.532890686,1.946955688,1.329885010,-0.419853971,0.022194899,-0.132408279,-0.897606861
1718187403376749312.000000000,-0.528920959,1.941522461,1.329415039,-0.421737567,0.022436966,-0.134224814,-0.896447269
1718187403386749440.000000000,-0.524770203,1.935856201,1.328703491,-0.425103583,0.022526493,-0.130612625,-0.895388096
1718187403396749312.000000000,-0.520731262,1.930263916,1.328246338,-0.426348343,0.021963202,-0.131156016,-0.894730578
1718187403406749184.000000000,-0.516578552,1.924697510,1.327751587,-0.428402674,0.020302187,-0.132421593,-0.893601417
1718187403416749312.000000000,-0.512377258,1.919009277,1.327362671,-0.431723826,0.012876779,-0.134786852,-0.891785417
1718187403426749440.000000000,-0.508158691,1.913194580,1.326880981,-0.432061368,0.009116121,-0.137847974,-0.891200206
1718187403436749312.000000000,-0.504231934,1.907457642,1.326070313,-0.432564683,0.004505539,-0.131076975,-0.892012512
1718187403446749184.000000000,-0.500195251,1.901606689,1.325114502,-0.433448461,-0.008808041,-0.140673942,-0.890087463
1718187403456749312.000000000,-0.496254547,1.895808228,1.324634277,-0.435333311,-0.012145116,-0.142072133,-0.888905458
1718187403466749440.000000000,-0.492426086,1.889970337,1.324133667,-0.437151347,-0.016047584,-0.142461633,-0.887888426
1718187403476749312.000000000,-0.488559540,1.884097656,1.323704224,-0.438612208,-0.018665309,-0.143952097,-0.886875826
1718187403486749184.000000000,-0.484836761,1.878134399,1.323243774,-0.439808454,-0.022629579,-0.146017682,-0.885852845
1718187403496749312.000000000,-0.481009308,1.872152954,1.322847412,-0.440835491,-0.024905688,-0.147332229,-0.885063269
1718187403506749440.000000000,-0.477262146,1.866115845,1.322456787,-0.441673513,-0.028053463,-0.149439665,-0.884197544
1718187403516749312.000000000,-0.473475586,1.860067017,1.322114014,-0.442985320,-0.029994069,-0.150278734,-0.883334967
1718187403526749184.000000000,-0.469718658,1.853901245,1.321802368,-0.444168790,-0.031616105,-0.150985546,-0.882563240
1718187403536749312.000000000,-0.465700256,1.847457642,1.321853271,-0.447189172,-0.029356551,-0.153392710,-0.880698992
1718187403546749440.000000000,-0.461928253,1.841142822,1.321648315,-0.449252590,-0.028757908,-0.152418610,-0.879837292
1718187403556749312.000000000,-0.458192169,1.834756592,1.321564087,-0.451988476,-0.026913294,-0.150784319,-0.878775387
1718187403566749184.000000000,-0.454436554,1.828322144,1.321538940,-0.454719879,-0.023752187,-0.148092610,-0.877914714
1718187403576749312.000000000,-0.450730469,1.821861328,1.321630371,-0.457721123,-0.019059501,-0.144935995,-0.876995819
1718187403586749440.000000000,-0.447067139,1.815528442,1.321815063,-0.461507432,-0.013688044,-0.141030131,-0.875747698
1718187403596749312.000000000,-0.443495636,1.809155518,1.322108398,-0.463991133,-0.007842684,-0.137675824,-0.875040621
1718187403606749184.000000000,-0.440117889,1.802930298,1.322461792,-0.466820980,-0.002189542,-0.136054009,-0.873820740
1718187403616749312.000000000,-0.436821899,1.796780151,1.322940308,-0.468370996,-0.000934187,-0.134548635,-0.873226432
1718187403626749440.000000000,-0.433578186,1.790746216,1.323508911,-0.469520719,-0.001351935,-0.134097385,-0.872677694
1718187403636749312.000000000,-0.430484589,1.784834473,1.324092041,-0.470482995,-0.002608209,-0.135085435,-0.872003942
1718187403646749184.000000000,-0.427422577,1.778985474,1.324724365,-0.471392226,-0.005298933,-0.136828705,-0.871228556
1718187403656749312.000000000,-0.424399200,1.773188965,1.325351318,-0.471964533,-0.008968981,-0.138841261,-0.870570010
1718187403666749440.000000000,-0.421370636,1.767421021,1.325977295,-0.472508479,-0.014209798,-0.140695832,-0.869907180
1718187403676749312.000000000,-0.418263428,1.761601807,1.326603516,-0.473210660,-0.020313505,-0.141661734,-0.869247368
1718187403686749184.000000000,-0.415107422,1.755730957,1.327240967,-0.474205256,-0.025242909,-0.140833316,-0.868710624
1718187403696749312.000000000,-0.411902252,1.749759033,1.327859741,-0.475214485,-0.030199437,-0.138714447,-0.868341805
1718187403706749440.000000000,-0.408575073,1.743753540,1.328576416,-0.476117475,-0.033651468,-0.137161381,-0.867966868
1718187403716749312.000000000,-0.405372131,1.737661621,1.329188843,-0.477795342,-0.035374826,-0.131656747,-0.867828747
1718187403726749184.000000000,-0.402134949,1.731446167,1.329877441,-0.480165456,-0.035483457,-0.126577743,-0.867271661
1718187403736749312.000000000,-0.398962189,1.725236206,1.330712769,-0.482680752,-0.034186809,-0.123775085,-0.866331508
1718187403746749440.000000000,-0.396195526,1.719326538,1.331786133,-0.484271621,-0.028110103,-0.126473922,-0.865271729
1718187403756749312.000000000,-0.393424133,1.713218140,1.332627563,-0.486424825,-0.026262414,-0.125024327,-0.864332166
1718187403766749184.000000000,-0.391027374,1.707098022,1.333364136,-0.490023825,-0.015917884,-0.127368760,-0.862206745
1718187403776749312.000000000,-0.388659546,1.701150024,1.334285156,-0.491920011,-0.012584997,-0.128885400,-0.860955791
1718187403786749440.000000000,-0.386454010,1.695343262,1.335290161,-0.493463232,-0.011063500,-0.131956589,-0.859627301
1718187403796749312.000000000,-0.384361938,1.689653076,1.336270630,-0.494725105,-0.010089472,-0.135410417,-0.858375962
1718187403806749184.000000000,-0.382318756,1.684098633,1.337322388,-0.495813668,-0.009724216,-0.140002866,-0.857014261
1718187403816749312.000000000,-0.380368866,1.678649414,1.338213745,-0.496571900,-0.012435994,-0.144344372,-0.855819138
1718187403826749440.000000000,-0.378344971,1.673202637,1.339102173,-0.497487494,-0.015779119,-0.147699943,-0.854658961
1718187403836749312.000000000,-0.376219269,1.667937744,1.339847290,-0.497027927,-0.021198991,-0.147903975,-0.854773804
1718187403846749184.000000000,-0.373789948,1.662470581,1.340792847,-0.497114627,-0.030858413,-0.143865399,-0.855118444
1718187403856749312.000000000,-0.371523224,1.656942993,1.341423584,-0.499044528,-0.033636282,-0.143804097,-0.853899023
1718187403866749440.000000000,-0.369113647,1.651271851,1.341961426,-0.501416898,-0.047286476,-0.130442505,-0.854008101
1718187403876749312.000000000,-0.366513855,1.645563843,1.342447144,-0.503113707,-0.050321790,-0.127016220,-0.853352914
1718187403886749184.000000000,-0.364027191,1.639584595,1.342684692,-0.505867713,-0.046035022,-0.125599716,-0.852175654
1718187403896749312.000000000,-0.361341980,1.633564941,1.342771362,-0.508118494,-0.037335036,-0.126066749,-0.851192614
1718187403906749440.000000000,-0.358717896,1.627542236,1.342962524,-0.509477633,-0.039375520,-0.122759489,-0.850771543
1718187403916749312.000000000,-0.356159119,1.621444458,1.343074829,-0.511039428,-0.040605211,-0.120578254,-0.850088704
1718187403926749184.000000000,-0.353650299,1.615286865,1.343082031,-0.512485702,-0.041765820,-0.119299284,-0.849341923
1718187403936749312.000000000,-0.351253082,1.609047485,1.342997803,-0.513750081,-0.042870597,-0.118807040,-0.848591688
1718187403946749440.000000000,-0.348933777,1.602752197,1.342765991,-0.515165640,-0.043717802,-0.119544560,-0.847586111
1718187403956749312.000000000,-0.346714355,1.596377930,1.342497437,-0.516829033,-0.043861113,-0.121146938,-0.846337623
1718187403966749184.000000000,-0.344515747,1.589942383,1.342162842,-0.518571008,-0.044081109,-0.123548720,-0.844912232
1718187403976749312.000000000,-0.342393219,1.583432495,1.341753418,-0.520605556,-0.042970060,-0.126250622,-0.843317384
1718187403986749440.000000000,-0.340246216,1.576742065,1.341323608,-0.523400517,-0.040212472,-0.130004569,-0.841150206
1718187403996749312.000000000,-0.338066315,1.570260010,1.340778076,-0.524989947,-0.039839906,-0.131114198,-0.840004408
1718187404006749184.000000000,-0.335916595,1.563736938,1.340165161,-0.526807752,-0.037948050,-0.131728446,-0.838857052
1718187404016749312.000000000,-0.333716614,1.556901733,1.339653076,-0.529931418,-0.034671982,-0.135022638,-0.836504293
1718187404026749440.000000000,-0.331452118,1.550229004,1.339053223,-0.532261525,-0.031693626,-0.136027360,-0.834978886
1718187404036749312.000000000,-0.329162537,1.543588867,1.338456055,-0.534314836,-0.030026681,-0.137289485,-0.833521237
1718187404046749184.000000000,-0.326847900,1.536983887,1.337881226,-0.536273475,-0.029009382,-0.137735715,-0.832224783
1718187404056749312.000000000,-0.324475739,1.530578369,1.337237915,-0.538310492,-0.029850800,-0.136906558,-0.831015847
1718187404066749440.000000000,-0.322019409,1.524158203,1.336742432,-0.541448730,-0.028375697,-0.137438508,-0.828938327
1718187404076749312.000000000,-0.319775116,1.517588135,1.336071045,-0.541343460,-0.032360786,-0.138449994,-0.828692728
1718187404086749184.000000000,-0.317449829,1.511212280,1.335490479,-0.543102658,-0.035938652,-0.137185761,-0.827603760
1718187404096749312.000000000,-0.315129517,1.504874634,1.334925537,-0.545068050,-0.039653799,-0.137223578,-0.826134424
1718187404106749440.000000000,-0.312853912,1.498541626,1.334334106,-0.547092560,-0.043842131,-0.136526800,-0.824698752
1718187404116749312.000000000,-0.310500977,1.492217285,1.333795410,-0.549213881,-0.048380365,-0.135094853,-0.823269600
1718187404126749184.000000000,-0.308183777,1.485887451,1.333244385,-0.551427890,-0.052593348,-0.134455903,-0.821634244
1718187404136749312.000000000,-0.305816528,1.479530518,1.332656616,-0.553348976,-0.056392574,-0.132907304,-0.820341659
1718187404146749440.000000000,-0.303345123,1.473203735,1.332097656,-0.555045925,-0.061241367,-0.131005165,-0.819152711
1718187404156749312.000000000,-0.300831604,1.466826172,1.331532959,-0.556584927,-0.064924092,-0.129369952,-0.818084040
1718187404166749184.000000000,-0.298299683,1.460416260,1.330932251,-0.558166918,-0.068400321,-0.126418340,-0.817183879
1718187404176749312.000000000,-0.295749176,1.453971191,1.330354004,-0.559927145,-0.070658367,-0.124216879,-0.816124472
1718187404186749440.000000000,-0.293197174,1.447489502,1.329771362,-0.561878586,-0.072592075,-0.121300755,-0.815051515
1718187404196749312.000000000,-0.290738586,1.440843628,1.329083618,-0.563641668,-0.077197412,-0.118226693,-0.813861831
1718187404206749184.000000000,-0.288289154,1.434249512,1.328563599,-0.566597832,-0.075986225,-0.116642958,-0.812149869
1718187404216749312.000000000,-0.285930206,1.427654541,1.328125122,-0.569787221,-0.074282709,-0.115757696,-0.810200443
1718187404226749440.000000000,-0.283620758,1.421008301,1.327743530,-0.573472369,-0.070589899,-0.115578877,-0.807952988
1718187404236749312.000000000,-0.281312103,1.414391235,1.327400879,-0.577317391,-0.066642708,-0.114289492,-0.805730285
1718187404246749184.000000000,-0.279006866,1.407786865,1.327161987,-0.580957540,-0.060638036,-0.112465851,-0.803842521
1718187404256749312.000000000,-0.276654388,1.401233765,1.327041748,-0.584387389,-0.054559305,-0.110384632,-0.802078485
1718187404266749440.000000000,-0.274343292,1.394645142,1.326999146,-0.586770951,-0.049466981,-0.107011850,-0.801125042
1718187404276749312.000000000,-0.272033539,1.388315430,1.327039307,-0.589549446,-0.043996034,-0.103588094,-0.799853303
1718187404286749184.000000000,-0.269809998,1.382090698,1.327121460,-0.592102595,-0.038410883,-0.101331100,-0.798543129
1718187404296749312.000000000,-0.267670898,1.375855347,1.327322876,-0.593657301,-0.037185041,-0.097310973,-0.797946650
1718187404306749440.000000000,-0.265564331,1.369808105,1.327631958,-0.594601401,-0.041090097,-0.092172477,-0.797662217
1718187404316749312.000000000,-0.263642639,1.363860840,1.327946655,-0.595882619,-0.045332413,-0.088925538,-0.796844480
1718187404326749184.000000000,-0.261867065,1.357949829,1.328253174,-0.597331636,-0.050120294,-0.087023072,-0.795682008
1718187404336749312.000000000,-0.260232971,1.351990845,1.328567139,-0.598916921,-0.054628392,-0.085842650,-0.794320653
1718187404346749440.000000000,-0.258692261,1.345988281,1.328902344,-0.600871883,-0.058669605,-0.085284068,-0.792614336
1718187404356749312.000000000,-0.257264648,1.339906616,1.329256348,-0.603154370,-0.060861542,-0.085551459,-0.790684277
1718187404366749184.000000000,-0.255906250,1.333708862,1.329646973,-0.605763220,-0.061124425,-0.085493262,-0.788673334
1718187404376749312.000000000,-0.254630386,1.327449951,1.330079956,-0.608770544,-0.059111196,-0.086123968,-0.786439415
1718187404386749440.000000000,-0.253429474,1.321095093,1.330534302,-0.611659535,-0.056579927,-0.087926145,-0.784181305
1718187404396749312.000000000,-0.252306396,1.314715088,1.331047974,-0.614279568,-0.053201586,-0.089947292,-0.782137896
1718187404406749184.000000000,-0.251268570,1.308356323,1.331556519,-0.616754723,-0.048446996,-0.093334220,-0.780099496
1718187404416749312.000000000,-0.250278229,1.302014160,1.332122803,-0.618852019,-0.044796583,-0.097634517,-0.778127846
1718187404426749440.000000000,-0.249370438,1.295668213,1.332673340,-0.620792634,-0.040644696,-0.102945232,-0.776122924
1718187404436749312.000000000,-0.248523041,1.289384033,1.333265503,-0.622585496,-0.037119726,-0.109084245,-0.774021998
1718187404446749184.000000000,-0.247747009,1.283147095,1.333862305,-0.624045564,-0.033785462,-0.116135826,-0.771970302
1718187404456749312.000000000,-0.246986969,1.276948486,1.334444336,-0.625207259,-0.032407827,-0.122698487,-0.770071878
1718187404466749440.000000000,-0.246215973,1.270767578,1.335029053,-0.626447089,-0.031247494,-0.129054956,-0.768070607
1718187404476749312.000000000,-0.245436188,1.264614746,1.335592163,-0.627484370,-0.031793098,-0.134198273,-0.766318072
1718187404486749184.000000000,-0.244599350,1.258472534,1.336119019,-0.628426546,-0.033592802,-0.137778774,-0.764832406
1718187404496749312.000000000,-0.243755997,1.252280151,1.336531616,-0.629889374,-0.035380967,-0.138123421,-0.763485091
1718187404506749440.000000000,-0.242795532,1.246046875,1.336963745,-0.629883989,-0.039561345,-0.138761882,-0.763168527
1718187404516749312.000000000,-0.241761246,1.239931030,1.337316895,-0.631297022,-0.043403925,-0.137047865,-0.762101077
1718187404526749184.000000000,-0.240789124,1.233700195,1.337543579,-0.632442067,-0.048027214,-0.133348580,-0.761530417
1718187404536749312.000000000,-0.239842270,1.227380737,1.337651245,-0.633621876,-0.053419756,-0.129521922,-0.760850655
1718187404546749440.000000000,-0.238880463,1.221045288,1.337712158,-0.634649721,-0.059002205,-0.127003833,-0.760005591
1718187404556749312.000000000,-0.238068481,1.214594116,1.337579346,-0.635757844,-0.064454659,-0.121727868,-0.759499761
1718187404566749184.000000000,-0.237273117,1.208071411,1.337428955,-0.637046580,-0.068845892,-0.118710082,-0.758511578
1718187404576749312.000000000,-0.236686630,1.201422119,1.337061279,-0.637801419,-0.074532407,-0.114939307,-0.757920330
1718187404586749440.000000000,-0.236074432,1.194782471,1.336742432,-0.639399901,-0.075672057,-0.112735770,-0.756790693
1718187404596749312.000000000,-0.235648132,1.188067993,1.336283569,-0.640476977,-0.078046960,-0.112197729,-0.755717926
1718187404606749184.000000000,-0.235391953,1.181285767,1.335767822,-0.641450103,-0.079617289,-0.112470945,-0.754687445
1718187404616749312.000000000,-0.235264542,1.174409058,1.335179199,-0.642528375,-0.080016854,-0.114052409,-0.753489641
1718187404626749440.000000000,-0.235302414,1.167506592,1.334535889,-0.643463614,-0.079800495,-0.117316571,-0.752212258
1718187404636749312.000000000,-0.235436279,1.160535400,1.333845459,-0.644213871,-0.079213907,-0.121428700,-0.750978506
1718187404646749184.000000000,-0.235689835,1.153506836,1.333102661,-0.644850537,-0.078515901,-0.126484635,-0.749669710
1718187404656749312.000000000,-0.236054108,1.146433716,1.332300171,-0.645502194,-0.077807987,-0.129796127,-0.748615923
1718187404666749440.000000000,-0.236517807,1.139339844,1.331451416,-0.645999495,-0.077518258,-0.132484418,-0.747745579
1718187404676749312.000000000,-0.237025070,1.132158569,1.330615356,-0.646774439,-0.077723857,-0.136326272,-0.746362495
1718187404686749184.000000000,-0.237615265,1.124953003,1.329760376,-0.647486947,-0.078542604,-0.139218824,-0.745124038
1718187404696749312.000000000,-0.238300156,1.117653687,1.328901123,-0.648516713,-0.079609033,-0.141113270,-0.743757702
1718187404706749440.000000000,-0.239055267,1.110303955,1.328051270,-0.649624265,-0.081299319,-0.142717732,-0.742300737
1718187404716749312.000000000,-0.239907196,1.102922485,1.327198242,-0.650872814,-0.082651496,-0.143722932,-0.740862355
1718187404726749184.000000000,-0.240829361,1.095455200,1.326396240,-0.652069837,-0.084702420,-0.144319364,-0.739460850
1718187404736749312.000000000,-0.241843857,1.087948242,1.325621216,-0.653404775,-0.086371691,-0.144558234,-0.738041359
1718187404746749440.000000000,-0.242973251,1.080402466,1.324928467,-0.654636786,-0.087665793,-0.145340501,-0.736642061
1718187404756749312.000000000,-0.244203873,1.072858398,1.324281372,-0.655726443,-0.089080254,-0.145824484,-0.735406527
1718187404766749184.000000000,-0.245524460,1.065301758,1.323744873,-0.656617808,-0.090778108,-0.146564033,-0.734255660
1718187404776749312.000000000,-0.246958984,1.057773071,1.323287598,-0.657201408,-0.092695297,-0.147186219,-0.733369013
1718187404786749440.000000000,-0.248513275,1.050281494,1.322891846,-0.657507699,-0.095641068,-0.148861326,-0.732377442
1718187404796749312.000000000,-0.250149338,1.042824707,1.322563843,-0.657600189,-0.099415478,-0.150751354,-0.731404527
1718187404806749184.000000000,-0.251904633,1.035401611,1.322330200,-0.657559333,-0.104342202,-0.153130829,-0.730259802
1718187404816749312.000000000,-0.253734283,1.028016357,1.322157959,-0.657537463,-0.108425737,-0.155653111,-0.729150502
1718187404826749440.000000000,-0.255636063,1.020585754,1.322025024,-0.657738652,-0.112480254,-0.157521462,-0.727952640
1718187404836749312.000000000,-0.257529510,1.013062500,1.321949097,-0.658445147,-0.114892559,-0.159119785,-0.726588317
1718187404846749184.000000000,-0.259430573,1.005473877,1.321914917,-0.659895703,-0.114668907,-0.159935928,-0.725127024
1718187404856749312.000000000,-0.261445251,0.997678528,1.321995850,-0.661528736,-0.116026347,-0.155944533,-0.724292013
1718187404866749440.000000000,-0.263247742,0.989833374,1.322071899,-0.664667554,-0.109731274,-0.154564479,-0.722693512
1718187404876749312.000000000,-0.265015381,0.981937378,1.322202515,-0.668183564,-0.101783382,-0.153137654,-0.720915895
1718187404886749184.000000000,-0.266733307,0.974014404,1.322458618,-0.671947662,-0.090722653,-0.150715530,-0.719402926
1718187404896749312.000000000,-0.268482056,0.966189514,1.322769165,-0.675178252,-0.080324892,-0.149091294,-0.717951270
1718187404906749440.000000000,-0.270045441,0.958541992,1.323115845,-0.678511089,-0.063434237,-0.154256657,-0.715404559
1718187404916749312.000000000,-0.271779785,0.951049011,1.323583862,-0.680593608,-0.053401928,-0.153347619,-0.714440398
1718187404926749184.000000000,-0.273486420,0.943754333,1.324156494,-0.681983643,-0.046896221,-0.154985899,-0.713216956
1718187404936749312.000000000,-0.275151245,0.936693481,1.324845337,-0.682647604,-0.043199339,-0.157597382,-0.712242326
1718187404946749440.000000000,-0.276783966,0.929866882,1.325548950,-0.682920322,-0.042003453,-0.158799192,-0.711785333
1718187404956749312.000000000,-0.278390228,0.923246399,1.326275146,-0.682496516,-0.047098795,-0.158097190,-0.712029134
1718187404966749184.000000000,-0.279879364,0.916734924,1.327070679,-0.681867040,-0.052553035,-0.157959076,-0.712281159
1718187404976749312.000000000,-0.281297302,0.910287781,1.327817505,-0.680832291,-0.062128785,-0.153701998,-0.713430516
1718187404986749440.000000000,-0.282588959,0.903817505,1.328551636,-0.679717964,-0.072689091,-0.149568997,-0.714373082
1718187404996749312.000000000,-0.283824371,0.897292358,1.329235474,-0.678950474,-0.081852593,-0.141675218,-0.715719596
1718187405006749184.000000000,-0.284991058,0.890649231,1.329921021,-0.678327772,-0.090439618,-0.134154688,-0.716724932
1718187405016749312.000000000,-0.286130676,0.883851929,1.330536865,-0.678734208,-0.096439599,-0.124114522,-0.717366617
1718187405026749440.000000000,-0.287384735,0.876870483,1.331122803,-0.679236747,-0.104179139,-0.109226336,-0.718229599
1718187405036749312.000000000,-0.288531036,0.869846313,1.331695068,-0.680800230,-0.105685529,-0.100121587,-0.717856032
1718187405046749184.000000000,-0.289738647,0.862747070,1.332239136,-0.683083281,-0.104315780,-0.092017452,-0.716971574
1718187405056749312.000000000,-0.291039154,0.855695862,1.332786255,-0.685639998,-0.101008289,-0.085642979,-0.715793545
1718187405066749440.000000000,-0.292486420,0.848684448,1.333344116,-0.688334381,-0.097017299,-0.081398632,-0.714253237
1718187405076749312.000000000,-0.294056305,0.841734863,1.333964355,-0.690667088,-0.093098009,-0.081723108,-0.712483732
1718187405086749184.000000000,-0.295783264,0.834940125,1.334628662,-0.692994616,-0.088513125,-0.084339990,-0.710500285
1718187405096749312.000000000,-0.297666687,0.828322937,1.335291260,-0.694756738,-0.085736734,-0.089566643,-0.708477313
1718187405106749440.000000000,-0.299646088,0.821904968,1.336009399,-0.696206355,-0.082657421,-0.097920349,-0.706311594
1718187405116749312.000000000,-0.301669952,0.815640686,1.336751099,-0.697033818,-0.082796746,-0.107898596,-0.704021625
1718187405126749184.000000000,-0.303751526,0.809520752,1.337404053,-0.697530841,-0.083223403,-0.117430038,-0.701950694
1718187405136749312.000000000,-0.305747406,0.803493408,1.338130981,-0.697675013,-0.085599937,-0.127703765,-0.699724213
1718187405146749440.000000000,-0.307738556,0.797533691,1.338740967,-0.697710597,-0.088315400,-0.136156952,-0.697754683
1718187405156749312.000000000,-0.309571991,0.791581482,1.339301514,-0.697763269,-0.091037074,-0.143691978,-0.695838550
1718187405166749184.000000000,-0.311298431,0.785588806,1.339819946,-0.697977086,-0.093966462,-0.148053871,-0.694318617
1718187405176749312.000000000,-0.312898438,0.779574951,1.340182373,-0.698577727,-0.097255998,-0.147915138,-0.693290374
1718187405186749440.000000000,-0.314378723,0.773464600,1.340503052,-0.699325957,-0.100818479,-0.146285847,-0.692372220
1718187405196749312.000000000,-0.315754578,0.767282410,1.340736450,-0.700873703,-0.102299882,-0.141908023,-0.691500470
1718187405206749184.000000000,-0.317075043,0.761024780,1.340831299,-0.702328833,-0.105573759,-0.135414000,-0.690833873
1718187405216749312.000000000,-0.318344910,0.754717529,1.340836670,-0.704076647,-0.108171611,-0.128458584,-0.689980702
1718187405226749440.000000000,-0.319602142,0.748312988,1.340772095,-0.706112300,-0.109399326,-0.121921831,-0.688892063
1718187405236749312.000000000,-0.320862701,0.741854492,1.340650024,-0.708025475,-0.110373547,-0.115747108,-0.687837345
1718187405246749184.000000000,-0.322159149,0.735390320,1.340441772,-0.709600830,-0.112034753,-0.111029663,-0.686722135
1718187405256749312.000000000,-0.323502197,0.728905151,1.340171997,-0.711083834,-0.112304163,-0.107567944,-0.685694315
1718187405266749440.000000000,-0.324875305,0.722389709,1.339849854,-0.712381486,-0.112481698,-0.106562730,-0.684474157
1718187405276749312.000000000,-0.326299194,0.715873657,1.339485840,-0.713656642,-0.111965365,-0.107867824,-0.683024514
1718187405286749184.000000000,-0.327785034,0.709335388,1.339088623,-0.714564585,-0.111919016,-0.110561275,-0.681650784
1718187405296749312.000000000,-0.329290405,0.702815674,1.338632935,-0.715395394,-0.112102093,-0.114115179,-0.680161949
1718187405306749440.000000000,-0.330836517,0.696290894,1.338149414,-0.716137064,-0.112604509,-0.118772141,-0.678499159
1718187405316749312.000000000,-0.332346130,0.689754578,1.337642700,-0.716748416,-0.113538412,-0.123382330,-0.676873354
1718187405326749184.000000000,-0.333868042,0.683226440,1.337112915,-0.717673872,-0.114778628,-0.127432208,-0.674930450
1718187405336749312.000000000,-0.335329803,0.676667908,1.336565796,-0.718634997,-0.115378997,-0.130418331,-0.673232862
1718187405346749440.000000000,-0.336770050,0.670080261,1.335965088,-0.719892219,-0.116487413,-0.131894118,-0.671408830
1718187405356749312.000000000,-0.338133545,0.663502136,1.335342651,-0.721276481,-0.117872489,-0.132071051,-0.669644347
1718187405366749184.000000000,-0.339473999,0.656881226,1.334687622,-0.722942341,-0.119572287,-0.131169771,-0.667720997
1718187405376749312.000000000,-0.340793152,0.650254578,1.334029663,-0.724792997,-0.120405401,-0.128540149,-0.666074381
1718187405386749440.000000000,-0.342076508,0.643629944,1.333389526,-0.726728492,-0.121661031,-0.125547396,-0.664305761
1718187405396749312.000000000,-0.343350281,0.637008789,1.332728882,-0.728909431,-0.122613850,-0.121767919,-0.662442042
1718187405406749184.000000000,-0.344590942,0.630407654,1.332097046,-0.730733983,-0.123948373,-0.117850972,-0.660890154
1718187405416749312.000000000,-0.345847137,0.623852661,1.331494995,-0.732677055,-0.124536287,-0.113239303,-0.659433019
1718187405426749440.000000000,-0.347102234,0.617343872,1.330917480,-0.734249884,-0.125957678,-0.109167374,-0.658098972
1718187405436749312.000000000,-0.348391449,0.610902649,1.330354370,-0.735487896,-0.128499505,-0.105597914,-0.656806298
1718187405446749184.000000000,-0.349701019,0.604543823,1.329820801,-0.736574308,-0.131335302,-0.103920636,-0.655293697
1718187405456749312.000000000,-0.351093628,0.598227905,1.329323730,-0.737474953,-0.134704599,-0.102171880,-0.653870226
1718187405466749440.000000000,-0.352514648,0.591978577,1.328843506,-0.738200044,-0.138645600,-0.101990041,-0.652254647
1718187405476749312.000000000,-0.353983673,0.585762573,1.328371582,-0.738518834,-0.144922249,-0.101621584,-0.650584758
1718187405486749184.000000000,-0.355435944,0.579557434,1.327915649,-0.738882521,-0.151172370,-0.101510633,-0.648764307
1718187405496749312.000000000,-0.356937531,0.573310913,1.327488647,-0.739444314,-0.157112795,-0.100811883,-0.646818862
1718187405506749440.000000000,-0.358418427,0.567013367,1.327107056,-0.740263219,-0.162392345,-0.099251997,-0.644816356
1718187405516749312.000000000,-0.359904907,0.560638062,1.326761597,-0.741665551,-0.166589336,-0.097725058,-0.642362839
1718187405526749184.000000000,-0.361477692,0.554112000,1.326526855,-0.744617117,-0.163890316,-0.095629898,-0.639953308
1718187405536749312.000000000,-0.363076141,0.547492371,1.326326294,-0.747585527,-0.164543957,-0.096088048,-0.636245435
1718187405546749440.000000000,-0.364559113,0.540858643,1.326119263,-0.750855705,-0.163594773,-0.094872173,-0.632812556
1718187405556749312.000000000,-0.366027069,0.534141846,1.325981201,-0.754589377,-0.159766706,-0.094348726,-0.629418612
1718187405566749184.000000000,-0.367501099,0.527387390,1.325919067,-0.758844440,-0.154020852,-0.093768568,-0.625811592
1718187405576749312.000000000,-0.369007660,0.520635620,1.325936157,-0.763207092,-0.146115110,-0.094984971,-0.622208297
1718187405586749440.000000000,-0.370512512,0.513933411,1.326041992,-0.767004663,-0.138675944,-0.097128102,-0.618901415
1718187405596749312.000000000,-0.372054718,0.507309784,1.326253784,-0.770535725,-0.131517022,-0.098830397,-0.615800716
1718187405606749184.000000000,-0.373643494,0.500819611,1.326543945,-0.773155161,-0.126219831,-0.101313632,-0.613217090
1718187405616749312.000000000,-0.375258179,0.494495087,1.326925537,-0.775287057,-0.123605458,-0.103113863,-0.610752979
1718187405626749440.000000000,-0.376916504,0.488310364,1.327347168,-0.776798548,-0.123144960,-0.104154807,-0.608745522
1718187405636749312.000000000,-0.378607727,0.482286316,1.327805298,-0.777810436,-0.125414328,-0.103926705,-0.607026698
1718187405646749184.000000000,-0.380347046,0.476397186,1.328315674,-0.778749171,-0.128474806,-0.102061976,-0.605497569
1718187405656749312.000000000,-0.382234467,0.470578491,1.328855347,-0.779714843,-0.133923478,-0.099156831,-0.603553799
1718187405666749440.000000000,-0.384302490,0.465026520,1.329464600,-0.780658092,-0.134338788,-0.097288811,-0.602545368
1718187405676749312.000000000,-0.386315094,0.459334900,1.330006348,-0.781190491,-0.141714630,-0.094884060,-0.600545914
1718187405686749184.000000000,-0.388432739,0.453657623,1.330581787,-0.782686073,-0.146021677,-0.092332968,-0.597958864
1718187405696749312.000000000,-0.390656342,0.447967407,1.331158203,-0.784152899,-0.150408854,-0.090539415,-0.595217626
1718187405706749440.000000000,-0.393005249,0.442289093,1.331797607,-0.786460726,-0.151581606,-0.089687693,-0.591995490
1718187405716749312.000000000,-0.395364716,0.436625641,1.332552246,-0.788088181,-0.155065921,-0.094208723,-0.588214498
1718187405726749184.000000000,-0.397922424,0.431055084,1.333173584,-0.792066842,-0.148634715,-0.092868166,-0.584733565
1718187405736749312.000000000,-0.400534607,0.425570251,1.333900635,-0.794322896,-0.147392916,-0.096744320,-0.581349294
1718187405746749440.000000000,-0.403186615,0.420240753,1.334646973,-0.796573593,-0.146073182,-0.101338391,-0.577809369
1718187405756749312.000000000,-0.405915619,0.415049866,1.335424438,-0.798472147,-0.144952859,-0.107192933,-0.574404539
1718187405766749184.000000000,-0.408717438,0.410003571,1.336222290,-0.799979271,-0.145290334,-0.113056511,-0.571088530
1718187405776749312.000000000,-0.411579254,0.405102142,1.337029419,-0.800523126,-0.149616063,-0.118344300,-0.568130606
1718187405786749440.000000000,-0.414471985,0.400293274,1.337796753,-0.800921410,-0.154640803,-0.122915529,-0.565245867
1718187405796749312.000000000,-0.417417603,0.395558472,1.338552002,-0.801153262,-0.160311625,-0.126093841,-0.562631298
1718187405806749184.000000000,-0.420362061,0.390850403,1.339214233,-0.800741772,-0.169215928,-0.126859858,-0.560433011
1718187405816749312.000000000,-0.423330963,0.386128265,1.339825073,-0.800532592,-0.176966757,-0.127272669,-0.558240095
1718187405826749440.000000000,-0.426301086,0.381304810,1.340336426,-0.800860484,-0.182989755,-0.125118932,-0.556311503
1718187405836749312.000000000,-0.429264099,0.376347900,1.340729980,-0.801039412,-0.189770356,-0.120058068,-0.554895605
1718187405846749184.000000000,-0.432414490,0.371306519,1.341193970,-0.803587862,-0.184993683,-0.120838481,-0.552649931
1718187405856749312.000000000,-0.435430420,0.366056671,1.341331665,-0.805013944,-0.186950933,-0.112645798,-0.551645558
1718187405866749440.000000000,-0.438521637,0.360617584,1.341387573,-0.807489550,-0.184194729,-0.106428036,-0.550187243
1718187405876749312.000000000,-0.442071503,0.355552124,1.341319458,-0.808219928,-0.192347369,-0.075671864,-0.551413462
1718187405886749184.000000000,-0.445428528,0.350114166,1.341070313,-0.810746072,-0.190152420,-0.069874424,-0.549227119
1718187405896749312.000000000,-0.448934479,0.344655640,1.340749268,-0.814074570,-0.185594438,-0.066809978,-0.546235962
1718187405906749440.000000000,-0.452645081,0.339234192,1.340311035,-0.815655891,-0.186880012,-0.066279055,-0.543496472
1718187405916749312.000000000,-0.456483368,0.333907471,1.339821167,-0.817629934,-0.187309785,-0.068276047,-0.540124723
1718187405926749184.000000000,-0.460419342,0.328637238,1.339304199,-0.819723557,-0.186812567,-0.072204969,-0.536601152
1718187405936749312.000000000,-0.464533051,0.323508514,1.338793945,-0.821241957,-0.188247431,-0.078240684,-0.532919269
1718187405946749440.000000000,-0.468712524,0.318492401,1.338227539,-0.821622458,-0.193188688,-0.084178747,-0.529649513
1718187405956749312.000000000,-0.472979736,0.313569916,1.337631592,-0.821255574,-0.199585543,-0.091153700,-0.526683867
1718187405966749184.000000000,-0.477264801,0.308741943,1.337083496,-0.820888188,-0.206113350,-0.097560035,-0.523585627
1718187405976749312.000000000,-0.481600861,0.303957367,1.336522827,-0.820358405,-0.212150424,-0.105489169,-0.520457799
1718187405986749440.000000000,-0.485950104,0.299223816,1.335931274,-0.819802744,-0.218337191,-0.110916880,-0.517638655
1718187405996749312.000000000,-0.490353882,0.294465607,1.335348145,-0.818842233,-0.225143979,-0.115654450,-0.515200576
1718187406006749184.000000000,-0.494729218,0.289726593,1.334755005,-0.818472226,-0.230557223,-0.120454634,-0.512286309
1718187406016749312.000000000,-0.499143463,0.284957489,1.334155762,-0.818530913,-0.234184159,-0.122699962,-0.510009454
1718187406026749440.000000000,-0.503524353,0.280171600,1.333551758,-0.819186837,-0.236772248,-0.122810022,-0.507729779
1718187406036749312.000000000,-0.507908691,0.275393860,1.332959473,-0.819683434,-0.239704512,-0.120642466,-0.506069373
1718187406046749184.000000000,-0.512272034,0.270674469,1.332380493,-0.821131681,-0.240188878,-0.117374097,-0.504257263
1718187406056749312.000000000,-0.516767822,0.266060516,1.331977295,-0.819246910,-0.250537133,-0.116576558,-0.502469454
1718187406066749440.000000000,-0.521169373,0.261450348,1.331492676,-0.820089564,-0.252431663,-0.108911050,-0.501866263
1718187406076749312.000000000,-0.525612488,0.256892975,1.331046387,-0.820045008,-0.256501897,-0.103554117,-0.501008490
1718187406086749184.000000000,-0.530092041,0.252434647,1.330662598,-0.819527367,-0.261738365,-0.097486354,-0.500364201
1718187406096749312.000000000,-0.534768250,0.248373901,1.330167603,-0.818558230,-0.267281527,-0.089124748,-0.500579453
1718187406106749440.000000000,-0.539389832,0.244173416,1.329831421,-0.817158568,-0.274501983,-0.081667032,-0.500230978
1718187406116749312.000000000,-0.544092651,0.240116547,1.329359131,-0.809861162,-0.294026050,-0.074598223,-0.502104258
1718187406126749184.000000000,-0.548877625,0.236039169,1.329135132,-0.808597958,-0.300396065,-0.070776738,-0.500921350
1718187406136749312.000000000,-0.553736633,0.232005447,1.328963623,-0.807984111,-0.305635592,-0.070948690,-0.498713188
1718187406146749440.000000000,-0.558828674,0.228041153,1.329047729,-0.804576419,-0.318103579,-0.081135837,-0.494857428
1718187406156749312.000000000,-0.563990051,0.224422989,1.328812378,-0.811044623,-0.309246225,-0.077585781,-0.490462882
1718187406166749184.000000000,-0.568993469,0.220538345,1.328756714,-0.813925418,-0.307846779,-0.084440612,-0.485412771
1718187406176749312.000000000,-0.574014526,0.216738541,1.328759644,-0.818485327,-0.303045597,-0.091386159,-0.479472321
1718187406186749440.000000000,-0.579016602,0.213026855,1.328882202,-0.821427211,-0.301326178,-0.101527130,-0.473447054
1718187406196749312.000000000,-0.583977295,0.209456757,1.329037354,-0.824686245,-0.298769329,-0.112165478,-0.466956519
1718187406206749184.000000000,-0.588868774,0.206025513,1.329338989,-0.827036422,-0.297928916,-0.122627547,-0.460664305
1718187406216749312.000000000,-0.593676941,0.202766937,1.329679199,-0.828990820,-0.297506965,-0.130058219,-0.455355560
1718187406226749440.000000000,-0.598382324,0.199645981,1.330123413,-0.828469398,-0.302943392,-0.137343854,-0.450555683
1718187406236749312.000000000,-0.603003967,0.196641647,1.330615845,-0.827724135,-0.308571458,-0.141775899,-0.446716920
1718187406246749184.000000000,-0.607465454,0.193733765,1.331117065,-0.825792061,-0.316782994,-0.142337453,-0.444360277
1718187406256749312.000000000,-0.611843628,0.190789352,1.331786621,-0.821340233,-0.329947367,-0.143613686,-0.442617291
1718187406266749440.000000000,-0.616119263,0.187934265,1.332320435,-0.817748056,-0.340706996,-0.137477727,-0.443065157
1718187406276749312.000000000,-0.620316772,0.185048111,1.332863892,-0.814530634,-0.349923238,-0.128862059,-0.444396382
1718187406286749184.000000000,-0.624389404,0.182106735,1.333372681,-0.811384081,-0.358238611,-0.117679891,-0.446623347
1718187406296749312.000000000,-0.628434875,0.179088318,1.333855713,-0.809057397,-0.364186546,-0.103741889,-0.449479598
1718187406306749440.000000000,-0.632437317,0.175999557,1.334299438,-0.806953918,-0.368722028,-0.085849657,-0.453320281
1718187406316749312.000000000,-0.636432495,0.172817261,1.334736816,-0.806789233,-0.369486324,-0.068799306,-0.455892143
1718187406326749184.000000000,-0.640432983,0.169603104,1.335143066,-0.806984083,-0.369175660,-0.049657588,-0.458279550
1718187406336749312.000000000,-0.644496521,0.166398148,1.335527832,-0.808187980,-0.367595904,-0.034436599,-0.458824108
1718187406346749440.000000000,-0.648587830,0.163236313,1.335870239,-0.810228681,-0.364151058,-0.017399940,-0.458934347
1718187406356749312.000000000,-0.652771484,0.160085983,1.336261475,-0.812901027,-0.360667356,-0.005318023,-0.457255615
1718187406366749184.000000000,-0.657000305,0.157029160,1.336630371,-0.816835952,-0.355802742,0.004116984,-0.454055598
1718187406376749312.000000000,-0.661233459,0.154082062,1.337012085,-0.821753293,-0.350439584,0.007882653,-0.449278852
1718187406386749440.000000000,-0.665501953,0.151317856,1.337338013,-0.827510044,-0.347439097,-0.004118639,-0.441017276
1718187406396749312.000000000,-0.669475159,0.148726868,1.337595825,-0.832805611,-0.344281397,-0.015396840,-0.433206730
1718187406406749184.000000000,-0.673780762,0.146160233,1.338199951,-0.833970874,-0.342698077,-0.001717070,-0.432490070
1718187406416749312.000000000,-0.677890869,0.143783386,1.338734009,-0.835264047,-0.344566931,-0.004173689,-0.428474249
1718187406426749440.000000000,-0.681904663,0.141510727,1.339356812,-0.835750376,-0.348139652,-0.008061374,-0.424564608
1718187406436749312.000000000,-0.685785339,0.139398758,1.339943115,-0.835620029,-0.352745777,-0.011894368,-0.420913422
1718187406446749184.000000000,-0.689573425,0.137370392,1.340584229,-0.833599122,-0.359811095,-0.012513512,-0.418917523
1718187406456749312.000000000,-0.693255310,0.135405472,1.341226074,-0.829999597,-0.369170660,-0.011599958,-0.417946330
1718187406466749440.000000000,-0.696845093,0.133490646,1.341838257,-0.825037040,-0.380906402,-0.012047833,-0.417227810
1718187406476749312.000000000,-0.700329895,0.131583221,1.342370239,-0.822893678,-0.386414692,-0.006853294,-0.416512560
1718187406486749184.000000000,-0.703745850,0.129615372,1.342888184,-0.818552314,-0.394925148,0.000730704,-0.417139908
1718187406496749312.000000000,-0.707095703,0.127585220,1.343330078,-0.814483167,-0.402110433,0.011149524,-0.418090970
1718187406506749440.000000000,-0.710385071,0.125455215,1.343686401,-0.813938646,-0.402934281,0.023756050,-0.417831900
1718187406516749312.000000000,-0.713623474,0.123208351,1.344008789,-0.814400282,-0.401775694,0.037525501,-0.417037539
1718187406526749184.000000000,-0.716829651,0.120879936,1.344244507,-0.817017981,-0.396431068,0.053603022,-0.415271891
1718187406536749312.000000000,-0.719993225,0.118472031,1.344470093,-0.820789553,-0.388027060,0.071759037,-0.413025607
1718187406546749440.000000000,-0.723122253,0.116043159,1.344658447,-0.825760167,-0.377754829,0.088279973,-0.409424087
1718187406556749312.000000000,-0.726235718,0.113645622,1.344814575,-0.831297792,-0.366090121,0.104260653,-0.405032986
1718187406566749184.000000000,-0.729339050,0.111319984,1.344931152,-0.835417386,-0.356766431,0.118176784,-0.401035850
1718187406576749312.000000000,-0.732415710,0.109110359,1.345062866,-0.838692666,-0.349878163,0.129183403,-0.396852027
1718187406586749440.000000000,-0.735466797,0.107034187,1.345182373,-0.838556291,-0.348072427,0.140990213,-0.394703297
1718187406596749312.000000000,-0.738466919,0.105075768,1.345372070,-0.834566465,-0.346128448,0.166195899,-0.395060548
1718187406606749184.000000000,-0.741455994,0.103328865,1.345465576,-0.829912954,-0.352912229,0.174442621,-0.395306487
1718187406616749312.000000000,-0.744380859,0.101634071,1.345572754,-0.823421555,-0.362982496,0.181309845,-0.396670380
1718187406626749440.000000000,-0.747216370,0.099979683,1.345655884,-0.815464369,-0.375038523,0.187331786,-0.399087424
1718187406636749312.000000000,-0.750040344,0.098348244,1.345725586,-0.805012681,-0.389168100,0.194954344,-0.403107402
1718187406646749184.000000000,-0.752796082,0.096653755,1.345752563,-0.798136921,-0.397875160,0.201640291,-0.404986425
1718187406656749312.000000000,-0.755516479,0.094854797,1.345777466,-0.793341243,-0.404245564,0.207112324,-0.405338972
1718187406666749440.000000000,-0.758249390,0.092959877,1.345760132,-0.789997067,-0.406979536,0.215406112,-0.404811683
1718187406676749312.000000000,-0.760938721,0.090940491,1.345731079,-0.789933219,-0.405327462,0.223766971,-0.402049126
1718187406686749184.000000000,-0.763647217,0.088839821,1.345660889,-0.793405962,-0.398593396,0.233087375,-0.396611346
1718187406696749312.000000000,-0.766294678,0.086687897,1.345596436,-0.797090527,-0.391253484,0.242467753,-0.390866720
1718187406706749440.000000000,-0.768953552,0.084502388,1.345604980,-0.801079536,-0.373237249,0.268770624,-0.383050759
1718187406716749312.000000000,-0.771376099,0.082270424,1.345546265,-0.806048290,-0.368745993,0.268857807,-0.376866060
1718187406726749184.000000000,-0.773734009,0.080171532,1.345495728,-0.810255947,-0.368472949,0.263981335,-0.371519638
1718187406736749312.000000000,-0.776030334,0.078234688,1.345519531,-0.808264208,-0.371596898,0.268290752,-0.369654958
1718187406746749440.000000000,-0.778220215,0.076367783,1.345623291,-0.801478495,-0.377953944,0.277840764,-0.370927955
1718187406756749312.000000000,-0.780287415,0.074607430,1.345732544,-0.787912430,-0.389057711,0.293266165,-0.376594021
1718187406766749184.000000000,-0.782199097,0.072891121,1.345947021,-0.767568045,-0.405567663,0.310818283,-0.386970492
1718187406776749312.000000000,-0.783945007,0.071018997,1.346301514,-0.740684298,-0.430068087,0.322861433,-0.402726589
1718187406786749440.000000000,-0.785669006,0.069272163,1.346609131,-0.700319120,-0.457650196,0.344477370,-0.425963342
1718187406796749312.000000000,-0.787191345,0.067436661,1.346781982,-0.679764059,-0.459042600,0.373594205,-0.433160577
1718187406806749184.000000000,-0.788734558,0.065563026,1.347057861,-0.651614892,-0.468963690,0.395988399,-0.445717711
1718187406816749312.000000000,-0.790309509,0.063596046,1.347321899,-0.627912773,-0.471871388,0.421468736,-0.453240607
1718187406826749440.000000000,-0.791897278,0.061491253,1.347643066,-0.604110521,-0.474512999,0.445163726,-0.460127318
1718187406836749312.000000000,-0.793488281,0.059284760,1.347967529,-0.585837701,-0.477121593,0.461095255,-0.465338951
1718187406846749184.000000000,-0.795120178,0.056961487,1.348339966,-0.569290988,-0.478653769,0.475820944,-0.469460082
1718187406856749312.000000000,-0.796742554,0.054635365,1.348677246,-0.565334565,-0.476353528,0.484221644,-0.467988831
1718187406866749440.000000000,-0.798390015,0.052317059,1.349092285,-0.564490911,-0.475106645,0.487761582,-0.466596534
1718187406876749312.000000000,-0.799804443,0.049920784,1.349486328,-0.544161226,-0.485327288,0.489625774,-0.478134485
1718187406886749184.000000000,-0.801140076,0.047596073,1.349945190,-0.527924640,-0.496319765,0.484998148,-0.489631558
1718187406896749312.000000000,-0.802510742,0.045377213,1.350632446,-0.541556597,-0.505915966,0.458587117,-0.490370620
1718187406906749440.000000000,-0.803545776,0.043119747,1.351132690,-0.512896497,-0.516893371,0.461784492,-0.506471627
1718187406916749312.000000000,-0.804501221,0.040994541,1.351618652,-0.480377257,-0.523413185,0.472327815,-0.521711380
1718187406926749184.000000000,-0.805320251,0.038886604,1.352162964,-0.434916028,-0.537487412,0.472896520,-0.546190637
1718187406936749312.000000000,-0.806083435,0.036802727,1.352704712,-0.397876555,-0.538676317,0.488605181,-0.559273680
1718187406946749440.000000000,-0.806828186,0.034769642,1.353218384,-0.348549254,-0.542355345,0.501320841,-0.577097488
1718187406956749312.000000000,-0.807522278,0.032719429,1.353681396,-0.316101086,-0.533760876,0.530372583,-0.577827270
1718187406966749184.000000000,-0.808376099,0.030903063,1.354102051,-0.273878797,-0.527798018,0.555545003,-0.581196530
1718187406976749312.000000000,-0.809121094,0.028910402,1.354574341,-0.239282712,-0.526946191,0.565751070,-0.587364642
1718187406986749440.000000000,-0.810163208,0.027358440,1.354866821,-0.216300942,-0.518520711,0.587923252,-0.581976309
1718187406996749312.000000000,-0.810942322,0.025515745,1.355332153,-0.202320038,-0.523379029,0.575487732,-0.594941060
1718187407006749184.000000000,-0.811835388,0.023952456,1.355752808,-0.177847975,-0.525613132,0.569326272,-0.606604097
1718187407016749312.000000000,-0.812692566,0.022643286,1.356076538,-0.164189616,-0.523867808,0.570553846,-0.610796691
1718187407026749440.000000000,-0.813453064,0.021434504,1.356409302,-0.142420875,-0.524298516,0.565752539,-0.620283342
1718187407036749312.000000000,-0.814098999,0.020438059,1.356726685,-0.103616507,-0.527608270,0.550329706,-0.638772532
1718187407046749184.000000000,-0.814721680,0.019736044,1.357017334,-0.064708194,-0.527362411,0.538630457,-0.653895227
1718187407056749312.000000000,-0.815013550,0.018997404,1.357368164,-0.015675507,-0.528701874,0.515307753,-0.674304476
1718187407066749440.000000000,-0.815176514,0.018409378,1.357710693,0.043728046,-0.527813587,0.483400301,-0.697011352
1718187407076749312.000000000,-0.815229675,0.017918344,1.358087524,0.117866509,-0.523220540,0.434930655,-0.723313955
1718187407086749184.000000000,-0.815167908,0.017550741,1.358442993,0.190370029,-0.511965040,0.389230725,-0.741721304
1718187407096749312.000000000,-0.815028687,0.017241077,1.358816406,0.265655798,-0.494338601,0.337463674,-0.755760950
1718187407106749440.000000000,-0.814843262,0.016974363,1.359162842,0.341379228,-0.468527012,0.291760187,-0.760801324
1718187407116749312.000000000,-0.814540771,0.016583557,1.359541626,0.405796932,-0.440872111,0.254416565,-0.759100022
1718187407126749184.000000000,-0.814338989,0.016306440,1.359869629,0.463311402,-0.410846610,0.220735678,-0.753540555
1718187407136749312.000000000,-0.814202759,0.016048029,1.360223145,0.472790735,-0.404558336,0.191998822,-0.758905743
1718187407146749440.000000000,-0.813930420,0.015690068,1.360497803,0.539486296,-0.361016859,0.178520822,-0.739426589
1718187407156749312.000000000,-0.813608704,0.015455520,1.360730591,0.591761788,-0.323471522,0.175773684,-0.717138601
1718187407166749184.000000000,-0.813263733,0.015188384,1.361002075,0.627707833,-0.295006624,0.184444323,-0.696372213
1718187407176749312.000000000,-0.812843384,0.014820354,1.361324707,0.684861354,-0.247107923,0.190514122,-0.658488398
1718187407186749440.000000000,-0.812341064,0.014764378,1.361626465,0.699079065,-0.235767626,0.207746607,-0.642295441
1718187407196749312.000000000,-0.811740295,0.014554294,1.361928589,0.768383361,-0.173030311,0.233359863,-0.570254940
1718187407206749184.000000000,-0.811068604,0.014527380,1.362262817,0.805210743,-0.138591672,0.267145516,-0.510941564
1718187407216749312.000000000,-0.810345581,0.014532987,1.362630859,0.833909520,-0.111450813,0.307629018,-0.444452490
1718187407226749440.000000000,-0.809674316,0.014849148,1.362874634,0.802703934,-0.157235882,0.355148311,-0.452562645
1718187407236749312.000000000,-0.808875000,0.014969170,1.363222900,0.821473757,-0.143793472,0.392994514,-0.387375292
1718187407246749184.000000000,-0.808081665,0.015126718,1.363594238,0.831561783,-0.138296308,0.430374290,-0.322733795
1718187407256749312.000000000,-0.807247375,0.015318691,1.363969971,0.837743167,-0.132793402,0.460637380,-0.261467978
1718187407266749440.000000000,-0.806396118,0.015571024,1.364345703,0.836865263,-0.134121795,0.493443085,-0.195401634
1718187407276749312.000000000,-0.805544678,0.015891585,1.364725464,0.831782800,-0.138249207,0.518613541,-0.141649304
1718187407286749184.000000000,-0.804541809,0.015980330,1.365361572,0.838167671,-0.114730923,0.524345585,-0.096816720
1718187407296749312.000000000,-0.803592346,0.016432722,1.365703491,0.825613686,-0.123472554,0.548589603,-0.046540491
1718187407306749440.000000000,-0.802601746,0.016941767,1.366030762,0.813772640,-0.131675323,0.565998561,-0.009018186
1718187407316749312.000000000,-0.801574646,0.017514515,1.366339722,0.798944678,-0.143494584,0.583296537,0.029357387
1718187407326749184.000000000,-0.800489746,0.018118818,1.366631836,0.784798117,-0.152576449,0.597347442,0.063153593
1718187407336749312.000000000,-0.799335449,0.018824106,1.366890381,0.770498645,-0.162689687,0.609359543,0.092438357
1718187407346749440.000000000,-0.798117126,0.019545916,1.367103516,0.758462223,-0.171027083,0.618317606,0.114752479
1718187407356749312.000000000,-0.796859863,0.020356405,1.367290527,0.737129335,-0.189199924,0.631228568,0.149647008
1718187407366749184.000000000,-0.795550354,0.021228748,1.367416504,0.723032784,-0.199211502,0.639005428,0.170910602
1718187407376749312.000000000,-0.794188477,0.022174845,1.367537720,0.696783509,-0.220021873,0.650712838,0.206533094
1718187407386749440.000000000,-0.792779114,0.023171890,1.367614990,0.674688823,-0.236947217,0.659026986,0.233097493
1718187407396749312.000000000,-0.791332764,0.024232225,1.367668213,0.636292165,-0.268039925,0.669128251,0.274871359
1718187407406749184.000000000,-0.789830994,0.025355236,1.367657349,0.600890800,-0.296073137,0.675654243,0.307834839
1718187407416749312.000000000,-0.788302368,0.026506426,1.367638428,0.561103699,-0.327714451,0.679676509,0.340302396
1718187407426749440.000000000,-0.786733887,0.027671139,1.367579468,0.521817696,-0.357805319,0.680460939,0.369668171
1718187407436749312.000000000,-0.785101929,0.028839291,1.367483276,0.488931891,-0.384205029,0.679586491,0.389222691
1718187407446749184.000000000,-0.783456116,0.030034094,1.367356201,0.450231443,-0.411220349,0.675943288,0.413872134
1718187407456749312.000000000,-0.781774170,0.031235647,1.367190186,0.425728237,-0.426597524,0.672890168,0.428939206
1718187407466749440.000000000,-0.780022461,0.032449505,1.366983398,0.401903379,-0.441761364,0.669146032,0.442226366
1718187407476749312.000000000,-0.778206665,0.033722691,1.366756226,0.382477300,-0.452500455,0.665510526,0.453927520
1718187407486749184.000000000,-0.776314392,0.035050728,1.366450317,0.349685964,-0.467064768,0.658771423,0.474963621
1718187407496749312.000000000,-0.774352966,0.036357353,1.366228394,0.351201558,-0.472750511,0.658736989,0.468220033
1718187407506749440.000000000,-0.772303589,0.037700962,1.365960815,0.345922524,-0.478725548,0.656994848,0.468526656
1718187407516749312.000000000,-0.770193970,0.039082195,1.365700806,0.351327481,-0.479900841,0.657761934,0.462183322
1718187407526749184.000000000,-0.768027527,0.040459560,1.365404907,0.363080308,-0.474676039,0.659891372,0.455410501
1718187407536749312.000000000,-0.765812378,0.041793121,1.365129150,0.384039088,-0.461951943,0.664493679,0.444480069
1718187407546749440.000000000,-0.763565613,0.043087627,1.364842407,0.392439229,-0.452085087,0.666295306,0.444590925
1718187407556749312.000000000,-0.761274658,0.044318272,1.364579346,0.421218536,-0.429006850,0.671595823,0.432997826
1718187407566749184.000000000,-0.758937256,0.045512447,1.364344360,0.434832104,-0.414768435,0.673255446,0.430830931
1718187407576749312.000000000,-0.756570496,0.046680149,1.364104370,0.463575253,-0.391534165,0.675947271,0.418203621
1718187407586749440.000000000,-0.754135010,0.047856483,1.363833618,0.464907761,-0.383149439,0.672516723,0.429858742
1718187407596749312.000000000,-0.751674500,0.048958153,1.363679321,0.489860286,-0.367322670,0.673027565,0.414903426
1718187407606749184.000000000,-0.749118652,0.050070526,1.363512817,0.516147621,-0.350065272,0.672994688,0.397648196
1718187407616749312.000000000,-0.746515625,0.051171749,1.363349976,0.533121302,-0.339053869,0.669352781,0.390884901
1718187407626749440.000000000,-0.743881531,0.052246517,1.363187500,0.555452482,-0.326500261,0.665833403,0.376212706
1718187407636749312.000000000,-0.741174011,0.053297321,1.363038818,0.582895994,-0.312858894,0.660632419,0.354846980
1718187407646749184.000000000,-0.738405090,0.054321270,1.362887695,0.611102759,-0.300429144,0.654771165,0.327979372
1718187407656749312.000000000,-0.735608643,0.055336639,1.362718994,0.636047818,-0.293548644,0.646723793,0.301696375
1718187407666749440.000000000,-0.732778381,0.056317833,1.362519165,0.658072877,-0.291131040,0.638426183,0.273120514
1718187407676749312.000000000,-0.729930664,0.057271946,1.362316650,0.680796798,-0.287868345,0.631267224,0.234838725
1718187407686749184.000000000,-0.727089722,0.058237854,1.362114380,0.691658724,-0.298609088,0.623976897,0.207590110
1718187407696749312.000000000,-0.724227905,0.059187160,1.361889893,0.703950022,-0.304973843,0.619213675,0.167390996
1718187407706749440.000000000,-0.721367920,0.060172001,1.361678711,0.706567303,-0.316124880,0.616941455,0.142165209
1718187407716749312.000000000,-0.718496521,0.061180832,1.361514404,0.714287623,-0.319277934,0.615420520,0.095458762
1718187407726749184.000000000,-0.715582886,0.062211266,1.361337769,0.715127601,-0.323992775,0.615181378,0.071924041
1718187407736749312.000000000,-0.712622681,0.063285412,1.361184937,0.712590113,-0.331181216,0.615555149,0.060217865
1718187407746749440.000000000,-0.709601868,0.064371338,1.361067871,0.716650007,-0.327905569,0.614306820,0.038959424
1718187407756749312.000000000,-0.706503967,0.065474968,1.360917114,0.713160569,-0.333500332,0.614673413,0.048539948
1718187407766749184.000000000,-0.703330505,0.066556885,1.360797119,0.709386037,-0.339656413,0.614671772,0.059863049
1718187407776749312.000000000,-0.700139282,0.067631989,1.360690063,0.705838768,-0.344161584,0.614234825,0.077846107
1718187407786749440.000000000,-0.696959106,0.068688171,1.360598267,0.697529064,-0.354582449,0.614120473,0.102861732
1718187407796749312.000000000,-0.693807068,0.069742928,1.360507080,0.694339663,-0.357748254,0.613110760,0.118337717
1718187407806749184.000000000,-0.690713257,0.070725998,1.360439941,0.693200368,-0.358242707,0.612356026,0.127104329
1718187407816749312.000000000,-0.687656738,0.071714592,1.360352417,0.688215300,-0.362130254,0.611659109,0.145239505
1718187407826749440.000000000,-0.684689941,0.072657799,1.360298340,0.690075437,-0.359501318,0.611701894,0.142742728
1718187407836749312.000000000,-0.681742859,0.073562149,1.360231445,0.689473507,-0.360299475,0.611847434,0.143014994
1718187407846749184.000000000,-0.678818176,0.074399391,1.360167480,0.688055591,-0.363093638,0.612235087,0.141105322
1718187407856749312.000000000,-0.675892090,0.075232391,1.360148071,0.689824431,-0.362008802,0.612756171,0.132746962
1718187407866749440.000000000,-0.672932129,0.076006363,1.360131958,0.688914516,-0.366038217,0.613873616,0.120714525
1718187407876749312.000000000,-0.669929321,0.076747719,1.360160767,0.687250602,-0.368491017,0.614261522,0.120763248
1718187407886749184.000000000,-0.666897095,0.077553513,1.360236694,0.678843261,-0.379085008,0.614081585,0.135536677
1718187407896749312.000000000,-0.663819214,0.078317322,1.360365479,0.679507815,-0.378186459,0.614381973,0.133337629
1718187407906749440.000000000,-0.660719055,0.079118988,1.360546021,0.672821501,-0.380294615,0.611883567,0.168183631
1718187407916749312.000000000,-0.657593445,0.079966217,1.360779175,0.671611753,-0.375287962,0.610838795,0.187009534
1718187407926749184.000000000,-0.654472534,0.080819801,1.361057495,0.667487595,-0.369280092,0.609662412,0.215416498
1718187407936749312.000000000,-0.651331909,0.081659058,1.361405640,0.666817363,-0.356527394,0.610982661,0.234399254
1718187407946749440.000000000,-0.648187317,0.082445129,1.361792847,0.663130769,-0.345019257,0.613566218,0.254471593
1718187407956749312.000000000,-0.645044312,0.083220665,1.362204712,0.660898073,-0.334494840,0.617232390,0.265237850
1718187407966749184.000000000,-0.641876770,0.083901802,1.362667114,0.653542842,-0.326666178,0.621435046,0.282824054
1718187407976749312.000000000,-0.638661133,0.084528526,1.363168823,0.649210352,-0.321130246,0.625028038,0.291103479
1718187407986749440.000000000,-0.635432861,0.085131248,1.363633789,0.630283970,-0.330392047,0.624040171,0.322733755
1718187407996749312.000000000,-0.632138184,0.085559700,1.364244507,0.615764514,-0.330787432,0.627280766,0.343413132
1718187408006749184.000000000,-0.628786194,0.086001114,1.364847534,0.596641964,-0.339446453,0.625707499,0.370519363
1718187408016749312.000000000,-0.625374023,0.086364906,1.365454712,0.559046728,-0.353852242,0.623116035,0.417111201
1718187408026749440.000000000,-0.621922607,0.086719650,1.366067261,0.518966506,-0.369548717,0.617661703,0.461087337
1718187408036749312.000000000,-0.618418335,0.087048584,1.366659912,0.469236983,-0.388810471,0.606138432,0.511115714
1718187408046749184.000000000,-0.614995728,0.087506004,1.367194702,0.389477097,-0.413727310,0.589808777,0.573814352
1718187408056749312.000000000,-0.611354126,0.087603615,1.367822021,0.332688717,-0.431284102,0.573249031,0.612125632
1718187408066749440.000000000,-0.607830200,0.087812004,1.368340210,0.245528606,-0.453139023,0.542725806,0.663196373
1718187408076749312.000000000,-0.604316284,0.087939827,1.368837891,0.163394804,-0.470624379,0.516237309,0.696644724
1718187408086749184.000000000,-0.600835388,0.088034912,1.369259399,0.070636346,-0.483697144,0.476182499,0.730956775
1718187408096749312.000000000,-0.597388672,0.088050774,1.369668213,-0.016125238,-0.491066565,0.437050322,0.753379467
1718187408106749440.000000000,-0.594055115,0.088171440,1.369924683,-0.124692546,-0.496282923,0.390527059,0.765273576
1718187408116749312.000000000,-0.590570618,0.087964622,1.370233887,-0.168616404,-0.493211610,0.365285622,0.771282847
1718187408126749184.000000000,-0.587199341,0.087864006,1.370435059,-0.226561954,-0.494901412,0.342131593,0.765955773
1718187408136749312.000000000,-0.583863281,0.087763306,1.370566650,-0.274883825,-0.497784441,0.325005857,0.755659133
1718187408146749440.000000000,-0.580559204,0.087766136,1.370590210,-0.334241811,-0.501356919,0.303610219,0.738068077
1718187408156749312.000000000,-0.577076294,0.087494339,1.370675415,-0.349023305,-0.512133291,0.304746571,0.723209342
1718187408166749184.000000000,-0.573646606,0.087346748,1.370619995,-0.383275000,-0.521992098,0.295493564,0.702358938
1718187408176749312.000000000,-0.570224609,0.087125748,1.370625122,-0.404226419,-0.546005962,0.296174609,0.671385949
1718187408186749440.000000000,-0.566746704,0.086860100,1.370531738,-0.431813889,-0.564403906,0.287571226,0.642096399
1718187408196749312.000000000,-0.563264099,0.086564613,1.370416016,-0.453761360,-0.583825119,0.278637243,0.612870415
1718187408206749184.000000000,-0.559795105,0.086114708,1.370370850,-0.457722106,-0.631868134,0.272385471,0.563062421
1718187408216749312.000000000,-0.556120178,0.085716782,1.370050537,-0.511542374,-0.600281917,0.244589277,0.564058601
1718187408226749440.000000000,-0.552618408,0.085162605,1.369990723,-0.522898272,-0.644576507,0.225313412,0.510227782
1718187408236749312.000000000,-0.548922546,0.084536667,1.369831909,-0.538204778,-0.660989662,0.206314966,0.480481445
1718187408246749184.000000000,-0.545167542,0.083880829,1.369653809,-0.571223629,-0.664593238,0.176843911,0.448046453
1718187408256749312.000000000,-0.541333679,0.083213966,1.369512939,-0.593107397,-0.679339837,0.144137076,0.407364093
1718187408266749440.000000000,-0.537446289,0.082379845,1.369297119,-0.621966678,-0.676044449,0.116376169,0.377594944
1718187408276749312.000000000,-0.533436890,0.081500664,1.369130005,-0.660975318,-0.665790667,0.078719865,0.337101763
1718187408286749184.000000000,-0.529419434,0.080549126,1.368902344,-0.705812825,-0.644675900,0.039560112,0.290957450
1718187408296749312.000000000,-0.525350830,0.079443420,1.368721558,-0.731419196,-0.631817665,0.011362479,0.256326534
1718187408306749440.000000000,-0.521124084,0.078390541,1.368360107,-0.747629706,-0.631966322,-0.030902116,0.201775743
1718187408316749312.000000000,-0.516892456,0.077201859,1.367903809,-0.808259771,-0.561052252,-0.041476326,0.173828156
1718187408326749184.000000000,-0.512757263,0.075808144,1.367641724,-0.809550171,-0.561559967,-0.049891541,0.163675774
1718187408336749312.000000000,-0.508649933,0.074580055,1.367143555,-0.861124362,-0.494207279,-0.092716247,0.075017972
1718187408346749440.000000000,-0.504567993,0.073155029,1.366792236,-0.858853187,-0.496243346,-0.124015185,0.027092037
1718187408356749312.000000000,-0.500462067,0.071703033,1.366333496,-0.860793449,-0.485389998,-0.151697037,-0.020474296
1718187408366749184.000000000,-0.496320801,0.070210655,1.365752319,-0.871872790,-0.457741909,-0.164284523,-0.057626193
1718187408376749312.000000000,-0.492227081,0.068700241,1.365145386,-0.863872997,-0.456870728,-0.189308992,-0.095680132
1718187408386749440.000000000,-0.488208191,0.067288429,1.364390381,-0.859768039,-0.425681446,-0.225291465,-0.169817493
1718187408396749312.000000000,-0.484094330,0.065455765,1.363887329,-0.823847864,-0.482919847,-0.254583875,-0.152480061
1718187408406749184.000000000,-0.479949097,0.063727222,1.363071777,-0.823494022,-0.482977094,-0.254255524,-0.154741240
1718187408416749312.000000000,-0.475872192,0.061919216,1.362358521,-0.808470158,-0.497749383,-0.271255460,-0.158246739
1718187408426749440.000000000,-0.471779388,0.059982960,1.361647827,-0.783608905,-0.526181183,-0.293694456,-0.151109276
1718187408436749312.000000000,-0.467608429,0.058003368,1.360727539,-0.797470855,-0.520572074,-0.270732169,-0.140531292
1718187408446749184.000000000,-0.463574738,0.055969543,1.359921631,-0.798395480,-0.509386934,-0.279433010,-0.158135390
1718187408456749312.000000000,-0.459494904,0.053792946,1.359091187,-0.811452207,-0.499210047,-0.261961052,-0.153983937
1718187408466749440.000000000,-0.455519012,0.051577381,1.358281372,-0.814751393,-0.497039662,-0.256835343,-0.152208243
1718187408476749312.000000000,-0.451605621,0.049332031,1.357542603,-0.815084605,-0.491114165,-0.261224684,-0.161881523
1718187408486749184.000000000,-0.447619781,0.047066051,1.356695557,-0.845810920,-0.438786679,-0.238847192,-0.187142078
1718187408496749312.000000000,-0.443745300,0.044779026,1.355967773,-0.856466697,-0.414324548,-0.232578970,-0.201759729
1718187408506749440.000000000,-0.439742340,0.042473141,1.355150879,-0.891344741,-0.361690076,-0.191936741,-0.194538247
1718187408516749312.000000000,-0.435854706,0.040075783,1.354522949,-0.894460477,-0.374460907,-0.180396814,-0.164852888
1718187408526749184.000000000,-0.431985962,0.037698677,1.353882324,-0.915917326,-0.339080129,-0.155424843,-0.148199985
1718187408536749312.000000000,-0.428086426,0.035342491,1.353210938,-0.942725615,-0.292468037,-0.120158671,-0.106267380
1718187408546749440.000000000,-0.424156219,0.033017475,1.352504028,-0.972595988,-0.215556404,-0.080569962,-0.033180736
1718187408556749312.000000000,-0.420415649,0.030689751,1.351991699,-0.969053321,-0.235507464,-0.073407169,0.009125961
1718187408566749184.000000000,-0.416707520,0.028518108,1.351385132,-0.981352418,-0.177901463,-0.064392233,0.033943209
1718187408576749312.000000000,-0.412951538,0.026380615,1.350800415,-0.984072175,-0.127739506,-0.054528923,0.110955708
1718187408586749440.000000000,-0.409386993,0.024353220,1.350252197,-0.983211606,-0.116392305,-0.053915849,0.129772301
1718187408596749312.000000000,-0.405899475,0.022448881,1.349737305,-0.981803498,-0.121343401,-0.052631399,0.136263005
1718187408606749184.000000000,-0.402501465,0.020648169,1.349253418,-0.983367081,-0.124260363,-0.052801825,0.121492854
1718187408616749312.000000000,-0.399162201,0.018957018,1.348770874,-0.984882360,-0.121302373,-0.052702169,0.111870252
1718187408626749440.000000000,-0.395878479,0.017293238,1.348375977,-0.981448283,-0.148201109,-0.049843892,0.110956236
1718187408636749312.000000000,-0.392619415,0.015719650,1.348028809,-0.975608733,-0.174831696,-0.045383434,0.124747029
1718187408646749184.000000000,-0.389279327,0.014299531,1.347569824,-0.976346925,-0.119691012,-0.043595533,0.174700241
1718187408656749312.000000000,-0.386136169,0.012924981,1.347445313,-0.962007651,-0.217955572,-0.033900078,0.160895718
1718187408666749440.000000000,-0.382953766,0.011768965,1.347238403,-0.956917370,-0.249597928,-0.033174944,0.144600981
1718187408676749312.000000000,-0.379571381,0.010488068,1.347164917,-0.927917788,-0.307136943,-0.012221986,0.210917280
1718187408686749184.000000000,-0.376218536,0.009397301,1.347182251,-0.891398005,-0.367269786,0.012073091,0.265286149
1718187408696749312.000000000,-0.372769501,0.008508419,1.347084961,-0.891212198,-0.319898648,0.019532147,0.320973782
1718187408706749440.000000000,-0.369456818,0.007629415,1.347330811,-0.842598297,-0.434842736,0.043275757,0.314749286
1718187408716749312.000000000,-0.366024750,0.006839907,1.347535645,-0.819459106,-0.449144548,0.061130086,0.350740733
1718187408726749184.000000000,-0.362561890,0.006106567,1.347789429,-0.795501873,-0.470452852,0.077254327,0.374008895
1718187408736749312.000000000,-0.359148102,0.005432360,1.348149292,-0.784706236,-0.470772712,0.085406651,0.394100091
1718187408746749440.000000000,-0.355869141,0.004782307,1.348646362,-0.770202731,-0.525500887,0.078999901,0.352697586
1718187408756749312.000000000,-0.352481903,0.004148806,1.349033936,-0.783420183,-0.489666227,0.079751030,0.374325495
1718187408766749184.000000000,-0.349183868,0.003524884,1.349475708,-0.808118175,-0.436365760,0.069339161,0.389515107
1718187408776749312.000000000,-0.345928406,0.002900959,1.349892456,-0.827835159,-0.364984970,0.055321686,0.422391327
1718187408786749440.000000000,-0.342894897,0.002281263,1.350451782,-0.852860314,-0.351182153,0.038529416,0.384468287
1718187408796749312.000000000,-0.339785889,0.001657981,1.350873169,-0.863677465,-0.263160804,0.014977930,0.429631575
1718187408806749184.000000000,-0.336757355,0.001088074,1.351275146,-0.878224299,-0.162971714,-0.027117529,0.448806128
1718187408816749312.000000000,-0.333885437,0.000614395,1.351741699,-0.895149776,-0.110118946,-0.051478025,0.428871436
1718187408826749440.000000000,-0.330984192,0.000225964,1.352110962,-0.885228542,-0.044054858,-0.088322540,0.454564326
1718187408836749312.000000000,-0.328111816,0.000000491,1.352389771,-0.887953038,0.036484152,-0.129765719,0.439737613
1718187408846749184.000000000,-0.325366760,-0.000175424,1.352776978,-0.884579987,0.030725220,-0.129971383,0.446857524
1718187408856749312.000000000,-0.322593140,-0.000143519,1.352972168,-0.883661767,0.078790904,-0.154153198,0.434937544
1718187408866749440.000000000,-0.319876709,-0.000134020,1.353239990,-0.873731675,0.028938574,-0.136123551,0.466074991
1718187408876749312.000000000,-0.317262421,0.000094839,1.353425171,-0.873925262,-0.005131059,-0.117410530,0.471638713
1718187408886749184.000000000,-0.314534088,0.000348030,1.353486816,-0.835154836,-0.023018972,-0.125881047,0.534921012
1718187408896749312.000000000,-0.311872467,0.000586853,1.353490601,-0.797273043,-0.074432697,-0.107814587,0.589229568
1718187408906749440.000000000,-0.309338593,0.000988162,1.353512451,-0.764663656,-0.129897375,-0.076165438,0.626589971
1718187408916749312.000000000,-0.306677948,0.001415807,1.353343384,-0.679044502,-0.156466416,-0.082371914,0.712482767
1718187408926749184.000000000,-0.304192566,0.001820939,1.353300537,-0.635828636,-0.230244291,-0.015275960,0.736529808
1718187408936749312.000000000,-0.301736511,0.002336276,1.353184570,-0.583035318,-0.284470145,0.036625063,0.760134961
1718187408946749440.000000000,-0.299217468,0.002956494,1.352926514,-0.525199466,-0.307294378,0.058136508,0.791426454
1718187408956749312.000000000,-0.296753174,0.003560557,1.352707153,-0.482540787,-0.326762667,0.081949276,0.808495432
1718187408966749184.000000000,-0.294256561,0.004223932,1.352541382,-0.460360485,-0.371920856,0.141475771,0.793553846
1718187408976749312.000000000,-0.291760712,0.005029416,1.352299316,-0.466171183,-0.407634047,0.180949140,0.764052564
1718187408986749440.000000000,-0.289110352,0.005906522,1.351930420,-0.461431000,-0.403773358,0.178642094,0.769503418
1718187408996749312.000000000,-0.286411957,0.006815879,1.351571777,-0.454675829,-0.400459225,0.176306004,0.775769613
1718187409006749184.000000000,-0.283752136,0.007667582,1.351318726,-0.462203687,-0.432230493,0.204756011,0.746739264
1718187409016749312.000000000,-0.281124725,0.008506730,1.351049927,-0.489800730,-0.441432626,0.203712724,0.723694416
1718187409026749440.000000000,-0.278236938,0.009369268,1.350704102,-0.479576458,-0.428918582,0.194451847,0.740421332
1718187409036749312.000000000,-0.275506531,0.010164228,1.350406494,-0.487479249,-0.373175963,0.134592543,0.777810086
1718187409046749184.000000000,-0.272709259,0.010981055,1.350094971,-0.487938004,-0.370774780,0.130475347,0.779370740
1718187409056749312.000000000,-0.269922394,0.011769839,1.349852417,-0.458605712,-0.391396605,0.155872252,0.782427849
1718187409066749440.000000000,-0.267105316,0.012647161,1.349541992,-0.450063939,-0.376778265,0.137987670,0.797771893
1718187409076749312.000000000,-0.264322388,0.013496203,1.349262451,-0.414595816,-0.383616073,0.148704596,0.811687108
1718187409086749184.000000000,-0.261502625,0.014356002,1.349013306,-0.375045077,-0.391506992,0.160976033,0.824712181
1718187409096749312.000000000,-0.258693390,0.015267549,1.348719971,-0.333218359,-0.392333474,0.163399861,0.841629643
1718187409106749440.000000000,-0.255791245,0.016224369,1.348392578,-0.258847777,-0.394013300,0.161387537,0.867009464
1718187409116749312.000000000,-0.252961960,0.017187048,1.348184448,-0.208506259,-0.406634205,0.185902945,0.869835535
1718187409126749184.000000000,-0.250159836,0.018183748,1.348067749,-0.145091413,-0.425820449,0.234871245,0.861661723
1718187409136749312.000000000,-0.247249771,0.019266933,1.347833618,-0.101997282,-0.429064154,0.238964645,0.865099072
1718187409146749440.000000000,-0.244399963,0.020333834,1.347815674,-0.068947267,-0.446257178,0.302942812,0.839241597
1718187409156749312.000000000,-0.241438477,0.021441881,1.347687012,-0.019111068,-0.452438236,0.332570483,0.827243183
1718187409166749184.000000000,-0.238428467,0.022667843,1.347544922,-0.003958258,-0.452611307,0.335362280,0.826232097
1718187409176749312.000000000,-0.235470779,0.023793827,1.347653564,0.027768736,-0.466944260,0.396102126,0.790123447
1718187409186749440.000000000,-0.232464005,0.025003191,1.347536987,0.020801985,-0.464821917,0.384703123,0.797189670
1718187409196749312.000000000,-0.229451233,0.026203236,1.347559082,0.034559380,-0.471268887,0.408506237,0.780918651
1718187409206749184.000000000,-0.226468399,0.027303988,1.347653931,0.054486465,-0.481303034,0.442226950,0.754860212
1718187409216749312.000000000,-0.223502258,0.028430784,1.347711548,0.077743416,-0.484733052,0.460785860,0.739368799
1718187409226749440.000000000,-0.220613571,0.029486917,1.347768555,0.105336582,-0.486376735,0.480633580,0.722034097
1718187409236749312.000000000,-0.217815811,0.030586969,1.347786499,0.093803498,-0.492405457,0.483272553,0.717764174
1718187409246749184.000000000,-0.215086685,0.031560394,1.347826538,0.108397971,-0.494591989,0.496553966,0.705026810
1718187409256749312.000000000,-0.212395340,0.032521645,1.347855957,0.129098256,-0.492968176,0.507230731,0.695005758
1718187409266749440.000000000,-0.209829590,0.033465630,1.347852783,0.120305192,-0.493342154,0.502946113,0.699417892
1718187409276749312.000000000,-0.207283264,0.034276466,1.348009155,0.151873157,-0.496673926,0.530021335,0.670318536
1718187409286749184.000000000,-0.204694412,0.035105515,1.348126709,0.161938952,-0.498186075,0.539150753,0.659471664
1718187409296749312.000000000,-0.202139923,0.035958893,1.348304321,0.169860375,-0.502142313,0.549705951,0.645619019
1718187409306749440.000000000,-0.199467728,0.036731110,1.348502563,0.195759987,-0.498514910,0.562739809,0.629670405
1718187409316749312.000000000,-0.196723389,0.037471718,1.348751465,0.211895931,-0.501445786,0.574739987,0.611004243
1718187409326749184.000000000,-0.194007553,0.038190605,1.349002441,0.193498291,-0.513220770,0.572620007,0.609318620
1718187409336749312.000000000,-0.191230286,0.038815243,1.349274292,0.209110093,-0.512652292,0.580538844,0.597021982
1718187409346749440.000000000,-0.188484650,0.039349129,1.349587036,0.196771647,-0.524858617,0.579680730,0.591417452
1718187409356749312.000000000,-0.185798386,0.039844402,1.349847412,0.166463052,-0.540565888,0.571261190,0.594759805
1718187409366749184.000000000,-0.183157333,0.040195026,1.350153076,0.147919772,-0.552246105,0.566640508,0.593348561
1718187409376749312.000000000,-0.180579483,0.040434570,1.350477783,0.117826423,-0.568618212,0.556925431,0.593821797
1718187409386749440.000000000,-0.178067459,0.040585739,1.350779297,0.076403889,-0.580134952,0.541389940,0.603740687
1718187409396749312.000000000,-0.175580963,0.040667938,1.351074463,0.006411637,-0.596873275,0.512376644,0.617390766
1718187409406749184.000000000,-0.173106232,0.040546890,1.351445923,-0.009081215,-0.600606996,0.505731246,0.619212948
1718187409416749312.000000000,-0.170619400,0.040401348,1.351779175,-0.060219041,-0.595001441,0.480766449,0.641257026
1718187409426749440.000000000,-0.168142929,0.040153381,1.352177246,-0.099772876,-0.590176831,0.459294359,0.656342420
1718187409436749312.000000000,-0.165664993,0.039897316,1.352563843,-0.138088313,-0.572019127,0.432767629,0.682962602
1718187409446749184.000000000,-0.163187912,0.039622593,1.352964844,-0.195278238,-0.551059054,0.391741512,0.710449799
1718187409456749312.000000000,-0.160779785,0.039299603,1.353445190,-0.213052223,-0.538859230,0.373184204,0.724550227
1718187409466749440.000000000,-0.158399704,0.039026718,1.353869629,-0.259010026,-0.516263245,0.333549609,0.745070954
1718187409476749312.000000000,-0.156183914,0.038701244,1.354377808,-0.289163553,-0.509621231,0.313143169,0.747403503
1718187409486749184.000000000,-0.153989182,0.038373020,1.354861328,-0.316984884,-0.495090426,0.288664927,0.755697436
1718187409496749312.000000000,-0.151980316,0.038074512,1.355359497,-0.349888558,-0.493037017,0.274511256,0.747754015
1718187409506749440.000000000,-0.150057571,0.037758327,1.355806274,-0.395183156,-0.485798730,0.252595419,0.737580790
1718187409516749312.000000000,-0.148179703,0.037353073,1.356314697,-0.403932687,-0.492303367,0.254879451,0.727675920
1718187409526749184.000000000,-0.146429764,0.037000015,1.356802979,-0.429243028,-0.509273605,0.257037034,0.700230520
1718187409536749312.000000000,-0.144621353,0.036520992,1.357326538,-0.414202757,-0.521110552,0.271672238,0.695035297
1718187409546749440.000000000,-0.142809967,0.036071510,1.357838867,-0.399212180,-0.540920238,0.289288562,0.681430157
1718187409556749312.000000000,-0.140981827,0.035519779,1.358411499,-0.354464319,-0.575787635,0.324620341,0.661396462
1718187409566749184.000000000,-0.139049194,0.035032246,1.358901733,-0.309061093,-0.589223693,0.352893925,0.657846911
1718187409576749312.000000000,-0.137042480,0.034378735,1.359463501,-0.238083634,-0.614740555,0.394329441,0.640245676
1718187409586749440.000000000,-0.134999374,0.033740719,1.359953369,-0.188292041,-0.623171057,0.421615074,0.631224738
1718187409596749312.000000000,-0.132883270,0.032966564,1.360462891,-0.131669291,-0.635970945,0.449199632,0.613533899
1718187409606749184.000000000,-0.130785461,0.032106297,1.360962280,-0.091449095,-0.641716220,0.467016077,0.601442715
1718187409616749312.000000000,-0.128598206,0.031158890,1.361340088,-0.081866434,-0.645551050,0.470069233,0.596319248
1718187409626749440.000000000,-0.126469315,0.030124123,1.361717285,-0.087207395,-0.652482482,0.465337895,0.591711183
1718187409636749312.000000000,-0.124303978,0.028970854,1.362028564,-0.100389243,-0.659277964,0.456438242,0.589015023
1718187409646749184.000000000,-0.122156036,0.027736542,1.362231689,-0.138128441,-0.667812024,0.435536425,0.587584596
1718187409656749312.000000000,-0.120092155,0.026408627,1.362384766,-0.196405395,-0.679591293,0.402231307,0.581197531
1718187409666749440.000000000,-0.118032654,0.024955048,1.362436523,-0.246703745,-0.685260373,0.372929060,0.574873377
1718187409676749312.000000000,-0.116046860,0.023417000,1.362406738,-0.318799338,-0.689731519,0.329789023,0.560246922
1718187409686749184.000000000,-0.114151665,0.021760811,1.362300293,-0.378569724,-0.686060347,0.294444298,0.547091144
1718187409696749312.000000000,-0.112317566,0.020007780,1.362150269,-0.447254213,-0.673577102,0.254589572,0.530510798
1718187409706749440.000000000,-0.110580429,0.018175480,1.361943848,-0.510947920,-0.661254509,0.214985329,0.505426558
1718187409716749312.000000000,-0.108850639,0.016280396,1.361686035,-0.546814803,-0.655380485,0.190896586,0.484797364
1718187409726749184.000000000,-0.107092392,0.014326571,1.361399292,-0.593511862,-0.632330429,0.165054381,0.469743494
1718187409736749312.000000000,-0.105338730,0.012332567,1.361154053,-0.625532682,-0.618816778,0.144852183,0.452540059
1718187409746749440.000000000,-0.103509804,0.010290632,1.360865479,-0.638701711,-0.616783902,0.134277137,0.440008400
1718187409756749312.000000000,-0.101604912,0.008292539,1.360521729,-0.662824919,-0.608643352,0.116239520,0.420362667
1718187409766749184.000000000,-0.099653244,0.006249297,1.360155396,-0.686796883,-0.594378214,0.100131418,0.406199801
1718187409776749312.000000000,-0.097691666,0.004190166,1.359759033,-0.705737470,-0.582814541,0.086620463,0.393393861
1718187409786749440.000000000,-0.095680855,0.002131747,1.359276611,-0.720962654,-0.572288946,0.076486148,0.383207623
1718187409796749312.000000000,-0.093752708,0.000024143,1.358810791,-0.730475186,-0.578760252,0.060801857,0.357415314
1718187409806749184.000000000,-0.091904137,-0.002096336,1.358304321,-0.743055950,-0.578335682,0.045018675,0.333719961
1718187409816749312.000000000,-0.090104805,-0.004232580,1.357830933,-0.742253873,-0.591967458,0.032860010,0.312336255
1718187409826749440.000000000,-0.088363945,-0.006384703,1.357359985,-0.748268694,-0.600822776,0.012779126,0.280967343
1718187409836749312.000000000,-0.086702881,-0.008539741,1.356884521,-0.749764232,-0.611391396,-0.006643090,0.253002029
1718187409846749184.000000000,-0.085107048,-0.010714684,1.356493530,-0.740934965,-0.631075394,-0.026420099,0.228169242
1718187409856749312.000000000,-0.083460121,-0.012863880,1.356105713,-0.726604150,-0.652184126,-0.043063706,0.211772971
1718187409866749440.000000000,-0.081794006,-0.015043877,1.355770508,-0.708513690,-0.674279018,-0.060361189,0.199280414
1718187409876749312.000000000,-0.080060242,-0.017178949,1.355410278,-0.702520666,-0.680820862,-0.067310416,0.196002487
1718187409886749184.000000000,-0.078352592,-0.019325478,1.355091309,-0.687113176,-0.695097528,-0.071134601,0.199135075
1718187409896749312.000000000,-0.076635376,-0.021526173,1.354804688,-0.676789278,-0.703445365,-0.071950842,0.204802264
1718187409906749440.000000000,-0.074935829,-0.023667269,1.354505005,-0.682461981,-0.698466818,-0.076002055,0.201527755
1718187409916749312.000000000,-0.073341949,-0.025810493,1.354196899,-0.685954241,-0.696755533,-0.089706182,0.189608301
1718187409926749184.000000000,-0.071854172,-0.027958103,1.353858765,-0.695647445,-0.689296075,-0.106050260,0.172333676
1718187409936749312.000000000,-0.070475960,-0.030158371,1.353500732,-0.702793133,-0.683700728,-0.130573396,0.146920778
1718187409946749440.000000000,-0.069326775,-0.032449165,1.353116455,-0.721774583,-0.664443522,-0.160459429,0.108669359
1718187409956749312.000000000,-0.068173492,-0.034537979,1.352715332,-0.727478798,-0.655536516,-0.186335528,0.079533295
1718187409966749184.000000000,-0.067294533,-0.036836071,1.352278931,-0.742157932,-0.635867688,-0.206626355,0.046684435
1718187409976749312.000000000,-0.066439949,-0.039034142,1.351772705,-0.758270156,-0.610815270,-0.227704024,0.009052849
1718187409986749440.000000000,-0.065682480,-0.041290154,1.351344482,-0.767513142,-0.589771448,-0.249628876,-0.027904127
1718187409996749312.000000000,-0.064947807,-0.043486366,1.350825317,-0.785654986,-0.556565001,-0.261791805,-0.066683537
1718187410006749184.000000000,-0.064212433,-0.045662663,1.350323120,-0.797485254,-0.526875668,-0.274914649,-0.104121252
1718187410016749312.000000000,-0.063455551,-0.047780350,1.349855469,-0.813130533,-0.492035465,-0.278376033,-0.138660096
1718187410026749440.000000000,-0.062669537,-0.049768192,1.349334839,-0.830674629,-0.445846403,-0.279940959,-0.181200732
1718187410036749312.000000000,-0.061852810,-0.051702229,1.348885620,-0.837448650,-0.417456295,-0.282842726,-0.210736783
1718187410046749184.000000000,-0.061041706,-0.053492554,1.348404785,-0.846486635,-0.374594254,-0.283163058,-0.250914735
1718187410056749312.000000000,-0.060164104,-0.055252232,1.347969849,-0.847201958,-0.343836797,-0.287562344,-0.285189406
1718187410066749440.000000000,-0.059311096,-0.056845501,1.347485229,-0.852831231,-0.308112637,-0.281617407,-0.313746922
1718187410076749312.000000000,-0.058478230,-0.058389538,1.347020142,-0.854868367,-0.269161258,-0.276048838,-0.347202149
1718187410086749184.000000000,-0.057727146,-0.059857780,1.346597046,-0.853423877,-0.239151272,-0.272288576,-0.374610846
1718187410096749312.000000000,-0.056969894,-0.061244202,1.346177246,-0.849064059,-0.198825408,-0.265802347,-0.410983933
1718187410106749440.000000000,-0.056336117,-0.062530487,1.345785767,-0.854882001,-0.168293476,-0.247957484,-0.423522321
1718187410116749312.000000000,-0.055695808,-0.063750519,1.345462524,-0.851429854,-0.140816330,-0.238920357,-0.445146074
1718187410126749184.000000000,-0.055101467,-0.064808052,1.345161987,-0.848727076,-0.118734952,-0.230596271,-0.460857595
1718187410136749312.000000000,-0.054516327,-0.065765556,1.344941895,-0.851903251,-0.116415712,-0.226481057,-0.457618360
1718187410146749440.000000000,-0.053916866,-0.066616959,1.344807251,-0.847645268,-0.115342079,-0.229354208,-0.464317081
1718187410156749312.000000000,-0.053272182,-0.067298622,1.344708008,-0.842522602,-0.121211170,-0.237035915,-0.468270748
1718187410166749184.000000000,-0.052593540,-0.067853767,1.344649536,-0.843343529,-0.147350470,-0.249655131,-0.452473035
1718187410176749312.000000000,-0.051844482,-0.068312080,1.344647095,-0.836663101,-0.177260068,-0.270580718,-0.441995248
1718187410186749440.000000000,-0.051094402,-0.068631546,1.344688232,-0.826792126,-0.209022296,-0.294734853,-0.431109993
1718187410196749312.000000000,-0.050309879,-0.068837059,1.344730347,-0.818098167,-0.242948221,-0.317745396,-0.413194161
1718187410206749184.000000000,-0.049572586,-0.069213943,1.344746704,-0.802278368,-0.248003552,-0.340574068,-0.422910111
1718187410216749312.000000000,-0.048815464,-0.069269615,1.344744263,-0.790937449,-0.266781420,-0.361824357,-0.415124993
1718187410226749440.000000000,-0.048158924,-0.069324707,1.344753418,-0.774658448,-0.272500294,-0.386402837,-0.419929431
1718187410236749312.000000000,-0.047555660,-0.069385399,1.344696533,-0.758108805,-0.271134931,-0.410228083,-0.428333760
1718187410246749184.000000000,-0.047026814,-0.069432396,1.344533691,-0.749265421,-0.245557073,-0.415219965,-0.453757020
1718187410256749312.000000000,-0.046666328,-0.069513306,1.344372925,-0.733129097,-0.224122163,-0.429200213,-0.477575292
1718187410266749440.000000000,-0.046390232,-0.069590225,1.344116699,-0.722472684,-0.200992499,-0.432848062,-0.500277714
1718187410276749312.000000000,-0.046256199,-0.069742126,1.343864258,-0.706191599,-0.173836462,-0.439771840,-0.526948801
1718187410286749184.000000000,-0.046174160,-0.069861565,1.343518188,-0.697005947,-0.152420553,-0.437878698,-0.547003592
1718187410296749312.000000000,-0.046123043,-0.069972786,1.343140015,-0.685841102,-0.138054518,-0.442470832,-0.561054806
1718187410306749440.000000000,-0.045954788,-0.069812393,1.342739136,-0.676350331,-0.134256426,-0.452868304,-0.565186465
1718187410316749312.000000000,-0.045816006,-0.069824684,1.342291870,-0.674646043,-0.130394375,-0.451228107,-0.569423586
1718187410326749184.000000000,-0.045599598,-0.069845558,1.341840088,-0.677167991,-0.132837971,-0.448592035,-0.567946099
1718187410336749312.000000000,-0.045340935,-0.069836594,1.341415649,-0.678698591,-0.140869748,-0.452216919,-0.561269806
1718187410346749440.000000000,-0.044983273,-0.069767075,1.340951294,-0.688490738,-0.151065932,-0.445452307,-0.552025208
1718187410356749312.000000000,-0.044547585,-0.069684952,1.340466797,-0.703335572,-0.162457937,-0.432197089,-0.540492523
1718187410366749184.000000000,-0.044051739,-0.069539864,1.339975708,-0.716471463,-0.157561679,-0.410645192,-0.541491907
1718187410376749312.000000000,-0.043605328,-0.069389847,1.339544922,-0.725184375,-0.161780429,-0.402159730,-0.534978753
1718187410386749440.000000000,-0.043083176,-0.069157829,1.338987183,-0.742382416,-0.159358605,-0.379231405,-0.528825798
1718187410396749312.000000000,-0.042584087,-0.068863602,1.338395752,-0.753773324,-0.139248183,-0.352593869,-0.536761850
1718187410406749184.000000000,-0.042199585,-0.068512970,1.337837036,-0.757761607,-0.129878096,-0.342388554,-0.540091756
1718187410416749312.000000000,-0.041792816,-0.068119980,1.337219849,-0.754471759,-0.120026658,-0.340067109,-0.548379730
1718187410426749440.000000000,-0.041403633,-0.067660736,1.336544189,-0.750056654,-0.098749598,-0.329860861,-0.564672777
1718187410436749312.000000000,-0.041127323,-0.067154060,1.335880371,-0.743408132,-0.092491454,-0.332812774,-0.572734964
1718187410446749184.000000000,-0.040821079,-0.066603729,1.335166260,-0.731369060,-0.078091830,-0.334873044,-0.588949071
1718187410456749312.000000000,-0.040535595,-0.066022125,1.334399292,-0.734569839,-0.072669853,-0.326955212,-0.590107222
1718187410466749440.000000000,-0.040287079,-0.065387154,1.333600830,-0.727077965,-0.066741221,-0.329490355,-0.598614524
1718187410476749312.000000000,-0.040002796,-0.064769852,1.332812622,-0.720316671,-0.072203268,-0.341609745,-0.599360796
1718187410486749184.000000000,-0.039664089,-0.064113274,1.331972046,-0.720270708,-0.072843832,-0.341246393,-0.599545480
1718187410496749312.000000000,-0.039343578,-0.063411259,1.331147461,-0.729541428,-0.096961940,-0.350977226,-0.578949630
1718187410506749440.000000000,-0.038993385,-0.062647453,1.330329956,-0.726958603,-0.119339051,-0.371778848,-0.564862699
1718187410516749312.000000000,-0.038523277,-0.061837021,1.329494019,-0.733429122,-0.147020826,-0.383341533,-0.541771048
1718187410526749184.000000000,-0.038045849,-0.060908905,1.328667603,-0.732884370,-0.176956329,-0.403366037,-0.518519815
1718187410536749312.000000000,-0.037488758,-0.059992588,1.327925903,-0.726020018,-0.209442304,-0.431387615,-0.492882928
1718187410546749440.000000000,-0.036877026,-0.059068829,1.327194702,-0.720225301,-0.233494691,-0.451223137,-0.472391179
1718187410556749312.000000000,-0.036239048,-0.058101135,1.326495850,-0.709261126,-0.269215195,-0.481862222,-0.438498155
1718187410566749184.000000000,-0.035567631,-0.057130703,1.325787964,-0.699574674,-0.287533896,-0.502084478,-0.419321728
1718187410576749312.000000000,-0.034865974,-0.056239029,1.325132202,-0.691018006,-0.298275364,-0.518603286,-0.405680360
1718187410586749440.000000000,-0.034224121,-0.055351707,1.324510376,-0.684147309,-0.313846684,-0.532823372,-0.386706572
1718187410596749312.000000000,-0.033528889,-0.054536419,1.323869263,-0.678073929,-0.318392416,-0.543213665,-0.379158188
1718187410606749184.000000000,-0.032866982,-0.053801891,1.323275513,-0.678824501,-0.315808368,-0.542046901,-0.381637955
1718187410616749312.000000000,-0.032250248,-0.053099712,1.322698608,-0.679110720,-0.305243410,-0.539757033,-0.392807123
1718187410626749440.000000000,-0.031570498,-0.052469097,1.322110718,-0.683141285,-0.292968060,-0.530602192,-0.407368401
1718187410636749312.000000000,-0.030965290,-0.051966770,1.321579468,-0.680356313,-0.266316338,-0.527537920,-0.433468151
1718187410646749184.000000000,-0.030266127,-0.051277393,1.321054565,-0.695356331,-0.271184056,-0.504737022,-0.433796404
1718187410656749312.000000000,-0.029537022,-0.050680408,1.320529541,-0.704257429,-0.262059214,-0.487738635,-0.444361865
1718187410666749440.000000000,-0.028821388,-0.050110218,1.320096802,-0.705945854,-0.260491533,-0.484613662,-0.446020415
1718187410676749312.000000000,-0.028054758,-0.049474400,1.319601563,-0.713100098,-0.246455565,-0.468584917,-0.459538986
1718187410686749184.000000000,-0.027287781,-0.048871902,1.319141846,-0.715828037,-0.239575483,-0.462095937,-0.465468748
1718187410696749312.000000000,-0.026552038,-0.048229588,1.318702148,-0.719748108,-0.248100432,-0.460184080,-0.456770675
1718187410706749440.000000000,-0.025776052,-0.047619656,1.318249512,-0.724315882,-0.246298034,-0.453255312,-0.457453172
1718187410716749312.000000000,-0.024999796,-0.047014977,1.317782104,-0.721309051,-0.236501802,-0.454602357,-0.465957990
1718187410726749184.000000000,-0.024278244,-0.046416203,1.317315186,-0.723657525,-0.245120080,-0.455214248,-0.457182591
1718187410736749312.000000000,-0.023517567,-0.045824291,1.316758057,-0.728800767,-0.234506549,-0.444251351,-0.465292228
1718187410746749440.000000000,-0.022884508,-0.045350636,1.316235474,-0.723920536,-0.237627001,-0.453350624,-0.462542622
1718187410756749312.000000000,-0.022130579,-0.044715748,1.315628296,-0.726522876,-0.242487409,-0.451554599,-0.457671073
1718187410766749184.000000000,-0.021489429,-0.044038998,1.314869141,-0.734520663,-0.246165592,-0.442610828,-0.451638740
1718187410776749312.000000000,-0.020934546,-0.043424408,1.314127930,-0.734676817,-0.254690764,-0.445753062,-0.443493853
1718187410786749440.000000000,-0.020334400,-0.042855900,1.313272339,-0.735542917,-0.261662730,-0.447546160,-0.436132627
1718187410796749312.000000000,-0.019884665,-0.042272141,1.312359619,-0.731258185,-0.269916809,-0.456652253,-0.428806603
1718187410806749184.000000000,-0.019451542,-0.041712002,1.311290894,-0.734393950,-0.275440488,-0.454355301,-0.422326089
1718187410816749312.000000000,-0.019139393,-0.041195938,1.310184082,-0.731127036,-0.291239325,-0.463212866,-0.407512887
1718187410826749440.000000000,-0.018856558,-0.040744087,1.309026245,-0.721353993,-0.304467471,-0.480323226,-0.395268991
1718187410836749312.000000000,-0.018662022,-0.040191803,1.307640991,-0.728552766,-0.311227502,-0.471095176,-0.387837137
1718187410846749184.000000000,-0.018535658,-0.039762135,1.306245361,-0.723823455,-0.322786410,-0.479489427,-0.376800251
1718187410856749312.000000000,-0.018474098,-0.039464035,1.304813843,-0.716723730,-0.333949022,-0.491211587,-0.365371485
1718187410866749440.000000000,-0.018415020,-0.038939384,1.303227295,-0.713896018,-0.349603819,-0.495679158,-0.349902584
1718187410876749312.000000000,-0.018392878,-0.038599964,1.301654663,-0.701253376,-0.351019368,-0.514422828,-0.346984524
1718187410886749184.000000000,-0.018524780,-0.038242378,1.299976440,-0.694317074,-0.360422186,-0.524624297,-0.335840730
1718187410896749312.000000000,-0.018607397,-0.037984890,1.298270874,-0.681473088,-0.356205942,-0.544234358,-0.335441084
1718187410906749440.000000000,-0.018792084,-0.037787010,1.296497559,-0.666176425,-0.355973628,-0.567909825,-0.327062956
1718187410916749312.000000000,-0.018935141,-0.037629623,1.294649170,-0.655758918,-0.365485363,-0.583438490,-0.309839021
1718187410926749184.000000000,-0.019154257,-0.037550102,1.292747192,-0.646011871,-0.360656640,-0.598932560,-0.306390664
1718187410936749312.000000000,-0.019349415,-0.037527729,1.290751953,-0.639405108,-0.372259881,-0.607882012,-0.288206783
1718187410946749440.000000000,-0.019572630,-0.037579613,1.288713623,-0.633860847,-0.366647869,-0.616987783,-0.288298182
1718187410956749312.000000000,-0.019792278,-0.037675121,1.286605225,-0.630517678,-0.383326512,-0.619103577,-0.268735937
1718187410966749184.000000000,-0.020032366,-0.037885468,1.284441284,-0.628555558,-0.392655691,-0.619606804,-0.258508853
1718187410976749312.000000000,-0.020296043,-0.038146286,1.282179565,-0.629439592,-0.396533973,-0.616905085,-0.256894384
1718187410986749440.000000000,-0.020582603,-0.038407024,1.279795654,-0.632799747,-0.388655991,-0.613506552,-0.268552995
1718187410996749312.000000000,-0.020956520,-0.038755386,1.277345459,-0.634620254,-0.374475300,-0.613173742,-0.284681129
1718187411006749184.000000000,-0.021355385,-0.039098843,1.274726318,-0.644899695,-0.358303282,-0.598559619,-0.312169064
1718187411016749312.000000000,-0.021803398,-0.039541241,1.272013916,-0.643458916,-0.332002470,-0.601890425,-0.336842545
1718187411026749440.000000000,-0.022390762,-0.039951591,1.269202515,-0.653008997,-0.317462199,-0.585003325,-0.361342099
1718187411036749312.000000000,-0.023007561,-0.040475578,1.266280518,-0.655608480,-0.282906845,-0.574919183,-0.399511165
1718187411046749184.000000000,-0.023735033,-0.040993294,1.263193115,-0.663589229,-0.259781048,-0.554401409,-0.429886288
1718187411056749312.000000000,-0.024579607,-0.041584305,1.260042480,-0.670143761,-0.234934029,-0.532939241,-0.460096846
1718187411066749440.000000000,-0.025539825,-0.042252110,1.256763794,-0.679528157,-0.213734159,-0.505903702,-0.486436673
1718187411076749312.000000000,-0.026550421,-0.042900070,1.253333496,-0.697647378,-0.203401713,-0.470922553,-0.500147806
1718187411086749184.000000000,-0.027651045,-0.043577610,1.249813843,-0.712967825,-0.192931288,-0.440561698,-0.510254631
1718187411096749312.000000000,-0.028814718,-0.044273247,1.246190674,-0.732036369,-0.199540139,-0.416451787,-0.500873633
1718187411106749440.000000000,-0.030024475,-0.044877537,1.242412231,-0.751751558,-0.205881466,-0.392494572,-0.488293383
1718187411116749312.000000000,-0.031196507,-0.045431847,1.238484619,-0.769479086,-0.215807531,-0.374067882,-0.470534021
1718187411126749184.000000000,-0.032475704,-0.046057205,1.234494995,-0.774598721,-0.228285261,-0.372448140,-0.457345651
1718187411136749312.000000000,-0.033707653,-0.046439430,1.230380371,-0.782554900,-0.241084416,-0.366507917,-0.441766998
1718187411146749440.000000000,-0.034983269,-0.046923286,1.226158447,-0.779355722,-0.262402086,-0.377538642,-0.425692822
1718187411156749312.000000000,-0.036266567,-0.047334518,1.221784912,-0.765929194,-0.269791761,-0.397685354,-0.427096283
1718187411166749184.000000000,-0.037588917,-0.047767311,1.217315308,-0.747448972,-0.281418179,-0.426874390,-0.424148673
1718187411176749312.000000000,-0.038917671,-0.048131111,1.212710083,-0.724986143,-0.284973767,-0.460764924,-0.425300753
1718187411186749440.000000000,-0.040277607,-0.048544842,1.207991821,-0.696397503,-0.289642951,-0.506186812,-0.418225286
1718187411196749312.000000000,-0.041634480,-0.048956635,1.203155518,-0.675549288,-0.283538785,-0.539527489,-0.414908430
1718187411206749184.000000000,-0.043020660,-0.049393009,1.198213989,-0.653235955,-0.275758179,-0.576201528,-0.406487409
1718187411216749312.000000000,-0.044414909,-0.049851326,1.193166870,-0.641999395,-0.275617951,-0.597474620,-0.393567784
1718187411226749440.000000000,-0.045839443,-0.050372997,1.188016479,-0.631508431,-0.276108643,-0.617713250,-0.378670648
1718187411236749312.000000000,-0.047317585,-0.050921074,1.182789795,-0.625789982,-0.275793418,-0.628782116,-0.370078287
1718187411246749184.000000000,-0.048822525,-0.051525036,1.177484863,-0.625220293,-0.281163569,-0.631043285,-0.363085396
1718187411256749312.000000000,-0.050379448,-0.052212807,1.172126709,-0.621787803,-0.291086462,-0.638783366,-0.347281458
1718187411266749440.000000000,-0.051938576,-0.052879864,1.166643066,-0.624791305,-0.284615522,-0.631979905,-0.359487454
1718187411276749312.000000000,-0.053494781,-0.053614162,1.161055786,-0.625253602,-0.271600581,-0.628407652,-0.374693048
1718187411286749184.000000000,-0.055074112,-0.054375107,1.155332397,-0.627556957,-0.245589777,-0.616416481,-0.407294302
1718187411296749312.000000000,-0.056640530,-0.055205387,1.149442261,-0.629868974,-0.212574785,-0.597883880,-0.447897201
1718187411306749440.000000000,-0.058190849,-0.055995724,1.143371094,-0.630353522,-0.167575868,-0.568584019,-0.501283333
1718187411316749312.000000000,-0.059782490,-0.056809414,1.137157715,-0.628141305,-0.109486690,-0.522428116,-0.566144883
1718187411326749184.000000000,-0.061365646,-0.057583565,1.130744873,-0.614053404,-0.044392189,-0.475394166,-0.628464905
1718187411336749312.000000000,-0.062914917,-0.058363773,1.124281006,-0.584876744,0.029346714,-0.422121776,-0.692005181
1718187411346749440.000000000,-0.064482002,-0.059098812,1.117717529,-0.552437389,0.093037801,-0.367312480,-0.742454336
1718187411356749312.000000000,-0.066017052,-0.059732452,1.111014771,-0.507467264,0.156726013,-0.311457086,-0.787977422
1718187411366749184.000000000,-0.067532913,-0.060361553,1.104245239,-0.474998436,0.199374062,-0.262961100,-0.815768306
1718187411376749312.000000000,-0.068953362,-0.060964214,1.097369141,-0.446509581,0.232211517,-0.222041149,-0.835107618
1718187411386749440.000000000,-0.070355347,-0.061506012,1.090392090,-0.422984723,0.261290257,-0.175319093,-0.849749693
1718187411396749312.000000000,-0.071629074,-0.062085941,1.083295288,-0.414807396,0.277893282,-0.137264943,-0.855493123
1718187411406749184.000000000,-0.072881340,-0.062634388,1.076124023,-0.412181981,0.292532271,-0.098294633,-0.857245035
1718187411416749312.000000000,-0.074118790,-0.063146358,1.068856934,-0.418915145,0.301873348,-0.066820561,-0.853766711
1718187411426749440.000000000,-0.075256508,-0.063625954,1.061459961,-0.433256452,0.306173900,-0.044758942,-0.846488646
1718187411436749312.000000000,-0.076453819,-0.064010742,1.053934448,-0.432374956,0.317474474,-0.019187643,-0.843737928
1718187411446749184.000000000,-0.077649727,-0.064323967,1.046340088,-0.427270989,0.325324026,-0.003302579,-0.843559644
1718187411456749312.000000000,-0.078860687,-0.064539978,1.038682251,-0.407995567,0.330553613,0.000011191,-0.851042846
1718187411466749440.000000000,-0.080001717,-0.064665001,1.030978149,-0.389259414,0.330844233,-0.007561390,-0.859629006
1718187411476749312.000000000,-0.081112846,-0.064703758,1.023155090,-0.365563201,0.334521343,-0.012376293,-0.868507826
1718187411486749184.000000000,-0.082118813,-0.064733978,1.015244141,-0.345825921,0.333489142,-0.030753999,-0.876495075
1718187411496749312.000000000,-0.083069626,-0.064721336,1.007197510,-0.326500400,0.333895764,-0.049705171,-0.882859277
1718187411506749440.000000000,-0.083894882,-0.064726135,0.999053345,-0.321266699,0.331882345,-0.061710774,-0.884778841
1718187411516749312.000000000,-0.084602959,-0.064709663,0.990793274,-0.327245981,0.326673199,-0.069757350,-0.883927939
1718187411526749184.000000000,-0.085212723,-0.064670891,0.982410889,-0.334500443,0.322870032,-0.069861898,-0.882600539
1718187411536749312.000000000,-0.085629349,-0.064619171,0.973988464,-0.371542704,0.302235048,-0.087034141,-0.873518777
1718187411546749440.000000000,-0.085955322,-0.064491158,0.965481262,-0.393918105,0.289764341,-0.094296044,-0.867164003
1718187411556749312.000000000,-0.086112022,-0.064335846,0.956885498,-0.437245344,0.268290809,-0.102627274,-0.852234823
1718187411566749184.000000000,-0.086203613,-0.064095123,0.948226990,-0.481839340,0.242411507,-0.118348180,-0.833703316
1718187411576749312.000000000,-0.086246635,-0.063777729,0.939500061,-0.519433356,0.218327181,-0.132683436,-0.815424636
1718187411586749440.000000000,-0.086230934,-0.063404224,0.930669922,-0.553381582,0.190944515,-0.152687041,-0.796238459
1718187411596749312.000000000,-0.086187531,-0.062938847,0.921697998,-0.576443705,0.171779818,-0.164712490,-0.781712316
1718187411606749184.000000000,-0.086173538,-0.062366783,0.912659546,-0.596651596,0.147651504,-0.184869917,-0.766830503
1718187411616749312.000000000,-0.086080116,-0.061726067,0.903474792,-0.607059938,0.127779774,-0.204772119,-0.757112237
1718187411626749440.000000000,-0.085988976,-0.060972603,0.894221436,-0.608097938,0.115507471,-0.221642466,-0.753491566
1718187411636749312.000000000,-0.085836632,-0.060136974,0.884857910,-0.606449186,0.097988039,-0.249059182,-0.748723750
1718187411646749184.000000000,-0.085666969,-0.059225975,0.875413696,-0.598310193,0.092042008,-0.267006266,-0.749840540
1718187411656749312.000000000,-0.085468048,-0.058242958,0.865893677,-0.582254111,0.086210100,-0.295908512,-0.752320491
1718187411666749440.000000000,-0.085203560,-0.057212746,0.856314514,-0.563865177,0.086957451,-0.320881649,-0.755995656
1718187411676749312.000000000,-0.084911812,-0.056135525,0.846665466,-0.547776023,0.090090042,-0.340138944,-0.759032747
1718187411686749184.000000000,-0.084563942,-0.055021042,0.836992371,-0.531672970,0.086148885,-0.378363458,-0.752823563
1718187411696749312.000000000,-0.084101410,-0.053856606,0.827270691,-0.523136094,0.081921071,-0.406575962,-0.744522365
1718187411706749440.000000000,-0.083636917,-0.052662235,0.817585876,-0.523562005,0.059302636,-0.458644323,-0.715549726
1718187411716749312.000000000,-0.083031487,-0.051407249,0.807929199,-0.537303321,0.022129935,-0.503519049,-0.676227753
1718187411726749184.000000000,-0.082401237,-0.050086826,0.798355591,-0.552921241,-0.037058064,-0.573337118,-0.603481027
1718187411736749312.000000000,-0.081228310,-0.048628380,0.788993164,-0.542611617,-0.044103361,-0.621140181,-0.563748528
1718187411746749440.000000000,-0.080133369,-0.047239403,0.779632324,-0.555624973,-0.105272143,-0.669296520,-0.481913720
1718187411756749312.000000000,-0.079009781,-0.045849583,0.770352539,-0.560560582,-0.159318816,-0.711156924,-0.393249512
1718187411766749184.000000000,-0.077736130,-0.044525700,0.761137329,-0.564506599,-0.210565665,-0.727471053,-0.328299053
1718187411776749312.000000000,-0.076479477,-0.043238491,0.752002258,-0.563673709,-0.247947691,-0.740332896,-0.269631407
1718187411786749440.000000000,-0.075228119,-0.042070107,0.742946899,-0.563097203,-0.282392750,-0.742164137,-0.228841144
1718187411796749312.000000000,-0.074057503,-0.040960934,0.733905029,-0.563946686,-0.301952533,-0.737504760,-0.216507577
1718187411806749184.000000000,-0.073026390,-0.039951389,0.724913757,-0.565554416,-0.302610684,-0.733421676,-0.225094696
1718187411816749312.000000000,-0.072154724,-0.039047501,0.715981506,-0.570139045,-0.286169170,-0.724033829,-0.262342697
1718187411826749440.000000000,-0.071385941,-0.038224304,0.707097717,-0.574016833,-0.259058405,-0.711456886,-0.311805256
1718187411836749312.000000000,-0.070754463,-0.037469181,0.698324829,-0.573933581,-0.220842301,-0.699812916,-0.363442989
1718187411846749184.000000000,-0.070147812,-0.036733040,0.689610352,-0.574295603,-0.181783211,-0.675352400,-0.425486263
1718187411856749312.000000000,-0.069515785,-0.036037254,0.680991333,-0.575622203,-0.150227388,-0.642100942,-0.483525792
1718187411866749440.000000000,-0.068908363,-0.035357536,0.672522400,-0.575714697,-0.123056881,-0.610018573,-0.530364905
1718187411876749312.000000000,-0.068219833,-0.034659332,0.664147217,-0.578399030,-0.107260472,-0.580818951,-0.562671395
1718187411886749184.000000000,-0.067466255,-0.033982868,0.655898926,-0.586254208,-0.096831286,-0.544411169,-0.592069409
1718187411896749312.000000000,-0.066656387,-0.033284672,0.647813904,-0.600683860,-0.105953539,-0.519124918,-0.598717018
1718187411906749440.000000000,-0.065790199,-0.032598537,0.639962830,-0.614877207,-0.110146096,-0.492099781,-0.606326367
1718187411916749312.000000000,-0.064885727,-0.031838377,0.632278564,-0.627792425,-0.139626426,-0.495087707,-0.584182587
1718187411926749184.000000000,-0.063876926,-0.031088186,0.624850708,-0.635669167,-0.158158300,-0.495416641,-0.570502422
1718187411936749312.000000000,-0.062827572,-0.030266518,0.617605896,-0.642928730,-0.192329137,-0.508216096,-0.539785653
1718187411946749440.000000000,-0.061692581,-0.029447990,0.610566101,-0.642892691,-0.214235562,-0.522323178,-0.517658777
1718187411956749312.000000000,-0.060514687,-0.028587914,0.603640930,-0.643330932,-0.247254347,-0.539974710,-0.483133431
1718187411966749184.000000000,-0.059236992,-0.027717201,0.596870850,-0.641808048,-0.271752522,-0.553730784,-0.455648127
1718187411976749312.000000000,-0.057926449,-0.026923119,0.590181519,-0.636633331,-0.294784408,-0.571239489,-0.426011269
1718187411986749440.000000000,-0.056626648,-0.026168955,0.583558594,-0.641246366,-0.305311406,-0.566750348,-0.417590811
1718187411996749312.000000000,-0.055086628,-0.025378334,0.577053101,-0.645155466,-0.331970202,-0.563911156,-0.394429229
1718187412006749184.000000000,-0.053911140,-0.024783092,0.570480896,-0.653705338,-0.309918652,-0.545253837,-0.423459577
1718187412016749312.000000000,-0.052885807,-0.024254641,0.563934692,-0.668765765,-0.286839193,-0.513093466,-0.455204046
1718187412026749440.000000000,-0.051969856,-0.023824009,0.557383179,-0.697391593,-0.243810596,-0.448899706,-0.502683214
1718187412036749312.000000000,-0.051145668,-0.023413244,0.550816711,-0.728117360,-0.197251456,-0.377883382,-0.536787782
1718187412046749184.000000000,-0.050325871,-0.022994759,0.544247498,-0.761004827,-0.134705072,-0.294342718,-0.562217539
1718187412056749312.000000000,-0.049495728,-0.022571077,0.537712036,-0.782024648,-0.065713620,-0.221490978,-0.578844466
1718187412066749440.000000000,-0.048612713,-0.022108435,0.531245544,-0.801034439,-0.008377184,-0.161861394,-0.576259091
1718187412076749312.000000000,-0.047661812,-0.021535593,0.524833557,-0.818419005,0.039923193,-0.115531183,-0.561470406
1718187412086749184.000000000,-0.046648315,-0.020939751,0.518472900,-0.833498896,0.059404543,-0.095653863,-0.540926085
1718187412096749312.000000000,-0.045629959,-0.020311354,0.512173584,-0.839051641,0.057947423,-0.095724530,-0.532420186
1718187412106749440.000000000,-0.044613541,-0.019675375,0.505917603,-0.844669164,0.061348781,-0.091625478,-0.523808268
1718187412116749312.000000000,-0.043637722,-0.019064484,0.499675720,-0.867200668,0.033341265,-0.099924002,-0.486689382
1718187412126749184.000000000,-0.042711544,-0.018453173,0.493452179,-0.895573767,0.015284900,-0.097900026,-0.433739074
1718187412136749312.000000000,-0.041885151,-0.017854733,0.487229828,-0.929058366,-0.020467567,-0.097808819,-0.356181226
1718187412146749440.000000000,-0.041087326,-0.017302763,0.480985657,-0.951753030,-0.052649618,-0.096505412,-0.286497632
1718187412156749312.000000000,-0.040423302,-0.016752319,0.474710114,-0.977806964,-0.043441529,-0.078215952,-0.189442970
1718187412166749184.000000000,-0.039862862,-0.016205942,0.468433685,-0.990955355,-0.041605749,-0.068772542,-0.107455961
1718187412176749312.000000000,-0.039417492,-0.015654275,0.462175049,-0.995944656,-0.014621207,-0.063007264,-0.062534374
1718187412186749440.000000000,-0.038966194,-0.015072536,0.455910126,-0.997484940,0.013571897,-0.060307629,-0.034678355
1718187412196749312.000000000,-0.038650169,-0.014420073,0.449805115,-0.996380262,0.052589269,-0.059298001,-0.030732548
1718187412206749184.000000000,-0.038263504,-0.013730913,0.443740631,-0.992849835,0.096656896,-0.058334128,-0.038778593
1718187412216749312.000000000,-0.037928181,-0.012979015,0.437829651,-0.989803140,0.114546046,-0.055349771,-0.064073009
1718187412226749440.000000000,-0.037591438,-0.012153581,0.432026031,-0.985256686,0.120194135,-0.050747938,-0.110667423
1718187412236749312.000000000,-0.037231567,-0.011262622,0.426316071,-0.981508208,0.123130991,-0.047779027,-0.138555266
1718187412246749184.000000000,-0.036910885,-0.010333889,0.420783508,-0.981089149,0.100124411,-0.048691830,-0.158329687
1718187412256749312.000000000,-0.036588673,-0.009385898,0.415428284,-0.981450656,0.066547872,-0.052717647,-0.171891946
1718187412266749440.000000000,-0.036201874,-0.008383695,0.410232025,-0.985955729,-0.001752514,-0.062976061,-0.154668174
1718187412276749312.000000000,-0.035739285,-0.007370229,0.405247375,-0.985477901,-0.076640618,-0.073442611,-0.132535676
1718187412286749184.000000000,-0.035256783,-0.006339686,0.400433990,-0.980160426,-0.153763258,-0.080449244,-0.095761783
1718187412296749312.000000000,-0.034725140,-0.005321235,0.395862183,-0.961847168,-0.258359252,-0.082882379,-0.035086091
1718187412306749440.000000000,-0.034134663,-0.004293364,0.391466248,-0.931121994,-0.355396511,-0.079120296,0.021098114
1718187412316749312.000000000,-0.033514122,-0.003249753,0.387265778,-0.904875342,-0.414416857,-0.069005257,0.068538743
1718187412326749184.000000000,-0.032884151,-0.002243779,0.383212067,-0.877209059,-0.464540067,-0.058091949,0.106452420
1718187412336749312.000000000,-0.032238697,-0.001258716,0.379284088,-0.853856213,-0.501604219,-0.052024675,0.128903869
1718187412346749440.000000000,-0.031640913,-0.000320485,0.375517761,-0.846562550,-0.509528438,-0.044272820,0.147487415
1718187412356749312.000000000,-0.031108355,0.000608784,0.371894653,-0.854696188,-0.495669739,-0.043966513,0.147894833
1718187412366749184.000000000,-0.030672050,0.001489863,0.368350739,-0.856623930,-0.491557061,-0.043674247,0.150531256
1718187412376749312.000000000,-0.030300823,0.002316743,0.364919617,-0.874309879,-0.461703136,-0.046386659,0.142340181
1718187412386749440.000000000,-0.029976810,0.003073100,0.361542969,-0.888219480,-0.434300557,-0.045562961,0.142734712
1718187412396749312.000000000,-0.029664698,0.003787961,0.358254364,-0.910904937,-0.382192657,-0.042144863,0.149682259
1718187412406749184.000000000,-0.029334114,0.004472350,0.355067780,-0.924450922,-0.337348297,-0.036091520,0.174023048
1718187412416749312.000000000,-0.028970900,0.005119928,0.351958191,-0.949562319,-0.260295359,-0.043523859,0.169361747
1718187412426749440.000000000,-0.028618973,0.005705922,0.349008942,-0.962376924,-0.210530714,-0.050134781,0.164298443
1718187412436749312.000000000,-0.028318687,0.006303003,0.346117249,-0.976256193,-0.141989516,-0.059407742,0.152425536
1718187412446749184.000000000,-0.028082169,0.006880727,0.343389130,-0.983580225,-0.098841712,-0.065706637,0.135951807
1718187412456749312.000000000,-0.027939932,0.007421022,0.340723846,-0.989509430,-0.072679103,-0.070304721,0.103179850
1718187412466749440.000000000,-0.027895361,0.007914801,0.338213531,-0.994240317,-0.027743137,-0.073913681,0.072479507
1718187412476749312.000000000,-0.027907671,0.008400553,0.335748352,-0.995855382,-0.030242548,-0.074514840,0.042485120
1718187412486749184.000000000,-0.027952024,0.008876985,0.333403473,-0.996731860,-0.014536427,-0.074581157,0.027421555
1718187412496749312.000000000,-0.027949486,0.009290151,0.331171570,-0.996468283,-0.036931316,-0.075394238,-0.001657529
1718187412506749440.000000000,-0.027893555,0.009739726,0.329042297,-0.995204202,-0.058200807,-0.076612199,-0.017658789
1718187412516749312.000000000,-0.027712980,0.010160676,0.327035614,-0.991683768,-0.085453242,-0.082168967,-0.050092997
1718187412526749184.000000000,-0.027469744,0.010556840,0.325132843,-0.984030886,-0.116435518,-0.093100091,-0.097254096
1718187412536749312.000000000,-0.027136221,0.010918892,0.323334473,-0.976838426,-0.138880073,-0.103686312,-0.125491687
1718187412546749440.000000000,-0.026751211,0.011220625,0.321661499,-0.966634928,-0.152570159,-0.117829400,-0.168687569
1718187412556749312.000000000,-0.026365240,0.011468982,0.319982117,-0.952523084,-0.169850051,-0.136330491,-0.212755100
1718187412566749184.000000000,-0.025998411,0.011671261,0.318412201,-0.938963654,-0.186595576,-0.154360043,-0.244340591
1718187412576749312.000000000,-0.025651539,0.011787900,0.316878540,-0.923805540,-0.197625410,-0.173930597,-0.277985017
1718187412586749440.000000000,-0.025343172,0.011893438,0.315351898,-0.908143388,-0.214678842,-0.194046440,-0.302546791
1718187412596749312.000000000,-0.025119320,0.011945195,0.313799896,-0.889362119,-0.256007220,-0.221777428,-0.307099490
1718187412606749184.000000000,-0.024923439,0.011960371,0.312209137,-0.871556945,-0.303014677,-0.247078620,-0.295842447
1718187412616749312.000000000,-0.024709753,0.011939787,0.310606506,-0.851201780,-0.357948946,-0.271432182,-0.271390221
1718187412626749440.000000000,-0.024501869,0.011862061,0.309029083,-0.822865728,-0.421769615,-0.297915839,-0.237167745
1718187412636749312.000000000,-0.024232840,0.011712359,0.307374878,-0.802712290,-0.468874369,-0.308529691,-0.201542141
1718187412646749184.000000000,-0.023955355,0.011515203,0.305714111,-0.776704782,-0.518862947,-0.318468721,-0.161519653
1718187412656749312.000000000,-0.023685637,0.011206792,0.304030914,-0.749090806,-0.570785538,-0.316842422,-0.112595350
1718187412666749440.000000000,-0.023382639,0.010791250,0.302332275,-0.729110794,-0.606139856,-0.308837510,-0.074908725
1718187412676749312.000000000,-0.023126814,0.010297469,0.300587677,-0.721452559,-0.624982038,-0.294005740,-0.049641534
1718187412686749184.000000000,-0.022850578,0.009762510,0.298856537,-0.724239865,-0.637824643,-0.261315428,-0.019250705
1718187412696749312.000000000,-0.022581802,0.009141423,0.297083557,-0.736499475,-0.634133103,-0.235429305,-0.004095467
1718187412706749440.000000000,-0.022336849,0.008490189,0.295256531,-0.760284028,-0.619149722,-0.195781889,0.017066655
1718187412716749312.000000000,-0.022087894,0.007840319,0.293391632,-0.785547861,-0.596157845,-0.161901834,0.036030235
1718187412726749184.000000000,-0.021871685,0.007167558,0.291522614,-0.825671278,-0.543860590,-0.148178008,0.022932011
1718187412736749312.000000000,-0.021646313,0.006521345,0.289606720,-0.865656869,-0.483475029,-0.128588694,0.018842228
1718187412746749440.000000000,-0.021415844,0.005912780,0.287717682,-0.895445758,-0.427349849,-0.124677754,-0.002111749
1718187412756749312.000000000,-0.021177038,0.005327809,0.285756348,-0.935225792,-0.332806081,-0.116336368,-0.032537357
1718187412766749184.000000000,-0.020996384,0.004802692,0.283888702,-0.958487990,-0.254785720,-0.111137214,-0.063510082
1718187412776749312.000000000,-0.020837093,0.004307630,0.281970490,-0.972854524,-0.186871444,-0.104896514,-0.087349069
1718187412786749440.000000000,-0.020764563,0.003899438,0.280120026,-0.983766270,-0.114877456,-0.095022098,-0.099889425
1718187412796749312.000000000,-0.020701334,0.003527632,0.278310791,-0.987599294,-0.081218512,-0.089899143,-0.099846544
1718187412806749184.000000000,-0.020653011,0.003250016,0.276522369,-0.989369436,-0.055869638,-0.086690900,-0.102525073
1718187412816749312.000000000,-0.020650591,0.003140277,0.274827576,-0.989707579,-0.072795390,-0.087283457,-0.086955946
1718187412826749440.000000000,-0.020619371,0.003149582,0.273167938,-0.986937023,-0.111843933,-0.090358060,-0.072675091
1718187412836749312.000000000,-0.020606485,0.003191428,0.271533905,-0.977456792,-0.174861825,-0.098144000,-0.066100811
1718187412846749184.000000000,-0.020609995,0.003348459,0.270029083,-0.964295252,-0.234764189,-0.106970995,-0.059813459
1718187412856749312.000000000,-0.020600599,0.003539992,0.268520142,-0.940502330,-0.316224566,-0.117332539,-0.041115287
1718187412866749440.000000000,-0.020607300,0.003674237,0.267028900,-0.920579882,-0.366890865,-0.128586295,-0.037273829
1718187412876749312.000000000,-0.020613426,0.003775063,0.265610809,-0.911607960,-0.388674404,-0.130622776,-0.028996975
1718187412886749184.000000000,-0.020648417,0.003839310,0.264162903,-0.890981738,-0.431026375,-0.140755501,-0.023573194
1718187412896749312.000000000,-0.020790567,0.003896344,0.262726990,-0.874700792,-0.459101394,-0.152832767,-0.027687171
1718187412906749440.000000000,-0.020951248,0.003901750,0.261344513,-0.870864827,-0.465176603,-0.155995323,-0.029506610
1718187412916749312.000000000,-0.021151199,0.003960578,0.259916534,-0.853737352,-0.493010513,-0.165201088,-0.027960121
1718187412926749184.000000000,-0.021419222,0.004057550,0.258483704,-0.823591479,-0.537020758,-0.181211091,-0.021640729
1718187412936749312.000000000,-0.021691069,0.004177657,0.257023468,-0.801422666,-0.563153297,-0.199822996,-0.025511659
1718187412946749440.000000000,-0.021945194,0.004289825,0.255559143,-0.749092896,-0.621509604,-0.229038411,-0.011271707
1718187412956749312.000000000,-0.022156490,0.004462409,0.254083130,-0.707441880,-0.667975196,-0.229702491,0.023914205
1718187412966749184.000000000,-0.022327394,0.004611654,0.252569763,-0.653985119,-0.717427677,-0.231402823,0.063668880
1718187412976749312.000000000,-0.022491549,0.004704552,0.251050018,-0.603784417,-0.755778543,-0.233765619,0.097963293
1718187412986749440.000000000,-0.022641739,0.004830032,0.249529282,-0.543677457,-0.795805622,-0.224659801,0.143653082
1718187412996749312.000000000,-0.022793041,0.004933423,0.247979156,-0.480341178,-0.831360620,-0.202227360,0.192914406
1718187413006749184.000000000,-0.023249977,0.004921983,0.246319382,-0.455127931,-0.839960567,-0.213144120,0.204681207
1718187413016749312.000000000,-0.023490122,0.005029317,0.244782623,-0.389317403,-0.864668529,-0.196945296,0.248983624
1718187413026749440.000000000,-0.023779778,0.005108417,0.243209839,-0.306291881,-0.885765849,-0.171820519,0.303449919
1718187413036749312.000000000,-0.024080545,0.005206735,0.241702835,-0.244969543,-0.894741371,-0.150028494,0.341934575
1718187413046749184.000000000,-0.024372097,0.005329738,0.240234818,-0.164516328,-0.897266043,-0.117266513,0.392551387
1718187413056749312.000000000,-0.024582020,0.005440173,0.238818420,-0.100036058,-0.890515735,-0.090096919,0.434576873
1718187413066749440.000000000,-0.024722391,0.005535195,0.237482254,-0.070445157,-0.883535195,-0.080491683,0.455986982
1718187413076749312.000000000,-0.024783884,0.005644221,0.236231812,-0.040497435,-0.873673745,-0.070515955,0.479668265
1718187413086749184.000000000,-0.024810650,0.005707950,0.235088425,-0.035708896,-0.866743885,-0.080280191,0.490953158
1718187413096749312.000000000,-0.024767153,0.005705779,0.234006470,-0.056507463,-0.868759962,-0.102969345,0.481103262
1718187413106749440.000000000,-0.024753490,0.005617884,0.232967392,-0.101346885,-0.872857842,-0.146107409,0.454423395
1718187413116749312.000000000,-0.024780973,0.005492841,0.231926605,-0.146714320,-0.876054437,-0.181419381,0.422007748
1718187413126749184.000000000,-0.024893703,0.005342686,0.230905487,-0.211870112,-0.873636486,-0.230494921,0.372481460
1718187413136749312.000000000,-0.025094788,0.005179427,0.229868408,-0.274556391,-0.862124312,-0.279551186,0.321265612
1718187413146749440.000000000,-0.025394793,0.005037033,0.228817520,-0.327245476,-0.848275615,-0.313950048,0.273448803
1718187413156749312.000000000,-0.025741903,0.004928496,0.227733917,-0.375756528,-0.827840448,-0.349939150,0.225897799
1718187413166749184.000000000,-0.026183926,0.004842668,0.226629608,-0.425413750,-0.798925725,-0.389051425,0.171405413
1718187413176749312.000000000,-0.026700525,0.004834971,0.225462708,-0.438722475,-0.782594065,-0.414627978,0.152160305
1718187413186749440.000000000,-0.027245222,0.004906662,0.224284561,-0.447270784,-0.771606300,-0.430455370,0.138855097
1718187413196749312.000000000,-0.027822905,0.005023377,0.223144989,-0.428831012,-0.768651554,-0.447888613,0.157081325
1718187413206749184.000000000,-0.028374762,0.005176723,0.222015045,-0.385495818,-0.777926439,-0.449396295,0.210395819
1718187413216749312.000000000,-0.028918539,0.005411440,0.220881790,-0.346945736,-0.780832689,-0.448378139,0.262461449
1718187413226749440.000000000,-0.029406450,0.005674350,0.219803223,-0.277752352,-0.798339460,-0.403135452,0.350698654
1718187413236749312.000000000,-0.029852125,0.005912682,0.218744308,-0.195982048,-0.806578779,-0.332139976,0.448000833
1718187413246749184.000000000,-0.030235878,0.006118089,0.217741684,-0.121616099,-0.796071417,-0.250971989,0.537115335
1718187413256749312.000000000,-0.030547812,0.006277553,0.216783264,-0.055033048,-0.780047933,-0.159566498,0.602523957
1718187413266749440.000000000,-0.030736067,0.006339736,0.215960449,0.002276147,-0.765560550,-0.076413048,0.638805846
1718187413276749312.000000000,-0.030788342,0.006259268,0.215281998,0.051940445,-0.751058564,-0.005899360,0.658162914
1718187413286749184.000000000,-0.030735416,0.006063982,0.214708984,0.073249317,-0.751818713,0.016801427,0.655073181
1718187413296749312.000000000,-0.030612766,0.005736884,0.214199509,0.078166323,-0.765164618,0.012936260,0.638941145
1718187413306749440.000000000,-0.030455248,0.005312704,0.213725677,0.078252884,-0.785981571,0.004750230,0.613259237
1718187413316749312.000000000,-0.030317066,0.004778746,0.213291870,0.075910253,-0.806865552,0.001849187,0.585834614
1718187413326749184.000000000,-0.030206211,0.004108322,0.212868698,0.062826538,-0.832873861,-0.001176022,0.549884146
1718187413336749312.000000000,-0.030133657,0.003347700,0.212457275,0.054321602,-0.853076934,0.013600772,0.518771556
1718187413346749440.000000000,-0.030063223,0.002540650,0.212037918,0.041036471,-0.872177022,0.041841312,0.485667124
1718187413356749312.000000000,-0.029991718,0.001683928,0.211663223,0.017657343,-0.886489550,0.071859152,0.456794000
1718187413366749184.000000000,-0.029926941,0.000857656,0.211309311,-0.000834513,-0.891460345,0.123815961,0.435852457
1718187413376749312.000000000,-0.029844500,0.000048218,0.210948486,-0.017748304,-0.885839797,0.185460567,0.424943796
1718187413386749440.000000000,-0.029740683,-0.000717091,0.210556061,-0.054389555,-0.874478364,0.236170358,0.420182019
1718187413396749312.000000000,-0.029628256,-0.001428632,0.210175644,-0.090302049,-0.856891999,0.277668035,0.424831854
1718187413406749184.000000000,-0.029517593,-0.002151796,0.209745270,-0.132081485,-0.834432923,0.309565096,0.436400767
1718187413416749312.000000000,-0.029443081,-0.002870031,0.209233932,-0.180898713,-0.806484056,0.332284504,0.454363435
1718187413426749440.000000000,-0.029432213,-0.003593658,0.208667877,-0.233946131,-0.766301454,0.351850731,0.483996233
1718187413436749312.000000000,-0.029440601,-0.004300089,0.208047913,-0.250285235,-0.720655379,0.379334607,0.523563159
1718187413446749184.000000000,-0.029509285,-0.004950155,0.207366440,-0.240331125,-0.671917889,0.407875101,0.569565802
1718187413456749312.000000000,-0.029608366,-0.005556538,0.206657104,-0.216570596,-0.622295208,0.429632790,0.617463778
1718187413466749440.000000000,-0.029718910,-0.006106636,0.205941544,-0.165710171,-0.587655964,0.453401297,0.649328785
1718187413476749312.000000000,-0.029871061,-0.006574297,0.205156860,-0.122044470,-0.559265183,0.468001755,0.673277030
1718187413486749184.000000000,-0.030012844,-0.006968614,0.204350418,-0.050935481,-0.546651569,0.500407857,0.669454715
1718187413496749312.000000000,-0.030147900,-0.007272523,0.203502975,0.004055499,-0.530416808,0.521889583,0.668036545
1718187413506749440.000000000,-0.030274071,-0.007559822,0.202582123,0.040134927,-0.515155592,0.532450582,0.670447822
1718187413516749312.000000000,-0.030392776,-0.007821884,0.201667969,0.058225908,-0.509419677,0.539343960,0.667989093
1718187413526749184.000000000,-0.030473969,-0.008057249,0.200756256,0.061529576,-0.506391269,0.539701968,0.669704248
1718187413536749312.000000000,-0.030513527,-0.008272709,0.199896362,0.071371062,-0.507236399,0.547286937,0.661887012
1718187413546749440.000000000,-0.030529625,-0.008482035,0.199094437,0.064954729,-0.511249175,0.547876420,0.658966306
1718187413556749312.000000000,-0.030490669,-0.008690166,0.198369019,0.061678326,-0.515332807,0.549509526,0.654726785
1718187413566749184.000000000,-0.030400049,-0.008918945,0.197784027,0.051716902,-0.510995362,0.541048939,0.665939298
1718187413576749312.000000000,-0.030259094,-0.009150484,0.197299667,0.033748982,-0.513094258,0.532228833,0.672553164
1718187413586749440.000000000,-0.030043667,-0.009425449,0.196914291,-0.001410937,-0.513002869,0.511191130,0.689572110
1718187413596749312.000000000,-0.029815523,-0.009741847,0.196622192,-0.056376610,-0.509503470,0.476401614,0.714331432
1718187413606749184.000000000,-0.029602179,-0.010118295,0.196398682,-0.120921871,-0.500434685,0.432095978,0.740429668
1718187413616749312.000000000,-0.029408857,-0.010528464,0.196230408,-0.180994947,-0.484120281,0.384158077,0.765043106
1718187413626749440.000000000,-0.029273071,-0.010973536,0.196110733,-0.242559301,-0.463160812,0.332826242,0.784776236
1718187413636749312.000000000,-0.029223576,-0.011424464,0.195977783,-0.306838853,-0.434014663,0.274115991,0.801462173
1718187413646749184.000000000,-0.029250105,-0.011882511,0.195813782,-0.354987267,-0.395968078,0.210809295,0.820215071
1718187413656749312.000000000,-0.029318178,-0.012316665,0.195642136,-0.397018977,-0.366846183,0.164012802,0.825166414
1718187413666749440.000000000,-0.029396709,-0.012695710,0.195411682,-0.425625949,-0.334140862,0.113670074,0.833229591
1718187413676749312.000000000,-0.029502310,-0.013054638,0.195154846,-0.437463294,-0.317292561,0.087552818,0.836830808
1718187413686749184.000000000,-0.029609806,-0.013358480,0.194834457,-0.428034779,-0.309394892,0.071730858,0.846118025
1718187413696749312.000000000,-0.029694319,-0.013634132,0.194470840,-0.397529185,-0.302343067,0.047077350,0.865068171
1718187413706749440.000000000,-0.029776352,-0.013834407,0.194067825,-0.347820133,-0.318412086,0.059516467,0.879825374
1718187413716749312.000000000,-0.029847485,-0.013978705,0.193664383,-0.286641242,-0.337232388,0.074804285,0.893596908
1718187413726749184.000000000,-0.029894470,-0.014073471,0.193223221,-0.229575340,-0.356357662,0.096826290,0.900515991
1718187413736749312.000000000,-0.029907890,-0.014112377,0.192750961,-0.167256097,-0.378914002,0.138995848,0.899516387
1718187413746749440.000000000,-0.029899616,-0.014140765,0.192294266,-0.097478236,-0.398986077,0.180624053,0.893690693
1718187413756749312.000000000,-0.029845287,-0.014136442,0.191816498,-0.032983435,-0.414504022,0.223140700,0.881650008
1718187413766749184.000000000,-0.029747440,-0.014117895,0.191377090,0.016074576,-0.424266873,0.259547619,0.867395101
1718187413776749312.000000000,-0.029605799,-0.014156543,0.190986786,0.056359895,-0.430820076,0.286371171,0.853937455
1718187413786749440.000000000,-0.029444000,-0.014208058,0.190669205,0.080478549,-0.433964351,0.306046718,0.843524482
1718187413796749312.000000000,-0.029274216,-0.014293221,0.190403198,0.095120816,-0.436388719,0.306680878,0.840513983
1718187413806749184.000000000,-0.029099314,-0.014438520,0.190162979,0.091044012,-0.436591914,0.298045250,0.843959429
1718187413816749312.000000000,-0.028945257,-0.014628592,0.189936737,0.083784954,-0.436440219,0.283857109,0.849661791
1718187413826749440.000000000,-0.028870647,-0.014859836,0.189720627,0.084570011,-0.437469336,0.272706601,0.852701356
1718187413836749312.000000000,-0.028855345,-0.015110830,0.189435654,0.094661557,-0.440967463,0.260285284,0.853720362
1718187413846749184.000000000,-0.028922363,-0.015354011,0.189102188,0.117114665,-0.447159414,0.257470921,0.848552496
1718187413856749312.000000000,-0.029014282,-0.015580552,0.188708313,0.122021007,-0.449015867,0.254128606,0.847888128
1718187413866749440.000000000,-0.029136906,-0.015762817,0.188261536,0.136526445,-0.451273909,0.263303284,0.841655375
1718187413876749312.000000000,-0.029397161,-0.016071260,0.187593079,0.051531568,-0.431287967,0.293537377,0.851569724
1718187413886749184.000000000,-0.029452917,-0.016171106,0.187243912,0.033535613,-0.427785807,0.274139495,0.860652197
1718187413896749312.000000000,-0.029422028,-0.016284622,0.187059219,-0.038160132,-0.414158792,0.228916494,0.880121320
1718187413906749440.000000000,-0.029368452,-0.016383865,0.187030823,-0.124062020,-0.394068532,0.181996866,0.892298015
1718187413916749312.000000000,-0.029294086,-0.016486048,0.187028564,-0.226231494,-0.365246915,0.132629984,0.893209544
1718187413926749184.000000000,-0.029255432,-0.016563696,0.186988724,-0.318435726,-0.329907683,0.078408847,0.885218426
1718187413936749312.000000000,-0.029249479,-0.016608932,0.186891861,-0.389318201,-0.296878135,0.036294687,0.871193094
1718187413946749440.000000000,-0.029215616,-0.016577526,0.186774612,-0.420566475,-0.280859613,0.018936765,0.862486590
1718187413956749312.000000000,-0.029096537,-0.016452269,0.186680313,-0.446016677,-0.278969309,0.027223245,0.850002437
1718187413966749184.000000000,-0.028937153,-0.016216944,0.186632019,-0.455284406,-0.293963864,0.057722354,0.838432756
1718187413976749312.000000000,-0.028758284,-0.015886743,0.186579071,-0.474779155,-0.312491303,0.091155922,0.817694649
1718187413986749440.000000000,-0.028615963,-0.015448411,0.186569702,-0.498818009,-0.352439562,0.144643632,0.778489029
1718187413996749312.000000000,-0.028504595,-0.014967599,0.186575851,-0.534963406,-0.406015761,0.189654114,0.716237861
1718187414006749184.000000000,-0.028446442,-0.014445968,0.186594543,-0.561395455,-0.460020350,0.214182771,0.653714128
1718187414016749312.000000000,-0.028448235,-0.013933494,0.186588943,-0.576479042,-0.528891702,0.227633974,0.579765690
1718187414026749440.000000000,-0.028511463,-0.013428814,0.186559387,-0.574726232,-0.594918713,0.226331972,0.514329973
1718187414036749312.000000000,-0.028624769,-0.012888962,0.186523163,-0.553692306,-0.666159209,0.213489993,0.451750774
1718187414046749184.000000000,-0.028753319,-0.012321570,0.186472153,-0.501253486,-0.734497249,0.202711177,0.410081592
1718187414056749312.000000000,-0.028939095,-0.011741822,0.186449417,-0.450975780,-0.794289807,0.170558349,0.369640904
1718187414066749440.000000000,-0.029175154,-0.011150151,0.186400055,-0.398265194,-0.850761354,0.103434906,0.326942156
1718187414076749312.000000000,-0.029420242,-0.010561563,0.186370819,-0.352542702,-0.888724611,0.001547040,0.293052583
1718187414086749184.000000000,-0.029682852,-0.010009371,0.186328278,-0.317559917,-0.899521672,-0.117272024,0.276158891
1718187414096749312.000000000,-0.029932875,-0.009536264,0.186260544,-0.310252836,-0.875109815,-0.260923754,0.264281636
1718187414106749440.000000000,-0.030185263,-0.009136366,0.186170792,-0.309771345,-0.835005843,-0.366199953,0.269637813
1718187414116749312.000000000,-0.030407631,-0.008890680,0.186081055,-0.318887943,-0.788980919,-0.445380129,0.278309414
1718187414126749184.000000000,-0.030620115,-0.008742284,0.186009445,-0.333685827,-0.756171515,-0.490843146,0.275556554
1718187414136749312.000000000,-0.030766439,-0.008715864,0.185964981,-0.332744048,-0.743988396,-0.503765650,0.286326448
1718187414146749440.000000000,-0.030867443,-0.008793941,0.185929810,-0.331759148,-0.748576948,-0.498999456,0.283844963
1718187414156749312.000000000,-0.030896749,-0.008970263,0.185917618,-0.330572833,-0.768262975,-0.476508457,0.270985782
1718187414166749184.000000000,-0.030875755,-0.009181800,0.185877457,-0.337904506,-0.782217821,-0.459012257,0.251522512
1718187414176749312.000000000,-0.030799829,-0.009389890,0.185834991,-0.348631632,-0.789252474,-0.448606179,0.233000031
1718187414186749440.000000000,-0.030716846,-0.009584571,0.185816681,-0.383447777,-0.772702396,-0.469524886,0.188268931
1718187414196749312.000000000,-0.030636187,-0.009725464,0.185784744,-0.410164303,-0.741272214,-0.508741875,0.153174586
1718187414206749184.000000000,-0.030541632,-0.009834405,0.185767517,-0.442741996,-0.693145207,-0.559234609,0.103855182
1718187414216749312.000000000,-0.030467644,-0.009918887,0.185730011,-0.476884006,-0.626999328,-0.614715700,0.039725261
1718187414226749440.000000000,-0.030450468,-0.009980105,0.185693436,-0.494118441,-0.570937820,-0.655649338,-0.000957391
1718187414236749312.000000000,-0.030451960,-0.010052091,0.185636826,-0.504368141,-0.525948945,-0.684151880,-0.030441583
1718187414246749184.000000000,-0.030530586,-0.010141410,0.185596237,-0.511824047,-0.504211951,-0.693426239,-0.054465621
1718187414256749312.000000000,-0.030665808,-0.010229957,0.185539459,-0.514664714,-0.504016998,-0.690630921,-0.064156284
1718187414266749440.000000000,-0.030875292,-0.010335692,0.185497177,-0.510912409,-0.527843841,-0.676557037,-0.051185595
1718187414276749312.000000000,-0.031127573,-0.010419881,0.185419952,-0.504545651,-0.563264136,-0.653598913,-0.031235546
1718187414286749184.000000000,-0.031420290,-0.010465607,0.185350983,-0.495299807,-0.597706321,-0.630383085,-0.006513141
1718187414296749312.000000000,-0.031723492,-0.010473240,0.185276123,-0.477717089,-0.630566847,-0.610874608,0.031686719
1718187414306749440.000000000,-0.032038433,-0.010411695,0.185196930,-0.440059324,-0.668819877,-0.590104117,0.103946600
1718187414316749312.000000000,-0.032335979,-0.010307897,0.185134644,-0.415002968,-0.688798212,-0.575631699,0.148248800
1718187414326749184.000000000,-0.032612240,-0.010179636,0.185095016,-0.386631645,-0.702329302,-0.563304713,0.199843245
1718187414336749312.000000000,-0.032855824,-0.010039531,0.185042831,-0.364047931,-0.708688660,-0.553247595,0.243200710
1718187414346749440.000000000,-0.033083790,-0.009938387,0.184992157,-0.345698696,-0.712587126,-0.542648660,0.279722062
1718187414356749312.000000000,-0.033291866,-0.009861523,0.184947464,-0.327629882,-0.719288131,-0.527214848,0.311973955
1718187414366749184.000000000,-0.033463112,-0.009856897,0.184909470,-0.308165597,-0.731474784,-0.505494199,0.338310834
1718187414376749312.000000000,-0.033621437,-0.009914922,0.184869141,-0.301307767,-0.743709317,-0.492673824,0.336723306
1718187414386749440.000000000,-0.033770538,-0.010012322,0.184831085,-0.284665506,-0.764271232,-0.465650985,0.343546495
1718187414396749312.000000000,-0.033881588,-0.010177217,0.184789352,-0.277974151,-0.785342595,-0.441944731,0.332644307
1718187414406749184.000000000,-0.033934120,-0.010383093,0.184749908,-0.282715482,-0.800239466,-0.426856146,0.312222011
1718187414416749312.000000000,-0.033969486,-0.010580849,0.184714279,-0.286982691,-0.815212555,-0.407103982,0.295526266
1718187414426749440.000000000,-0.033976994,-0.010779069,0.184686325,-0.301863140,-0.820994657,-0.400703086,0.272549911
1718187414436749312.000000000,-0.033969646,-0.010959167,0.184667053,-0.315263167,-0.829772945,-0.385155842,0.252469745
1718187414446749184.000000000,-0.033944180,-0.011098155,0.184654282,-0.322469183,-0.831435378,-0.381455686,0.243352416
1718187414456749312.000000000,-0.033914505,-0.011208665,0.184629166,-0.345710517,-0.828576337,-0.382878052,0.217600296
1718187414466749440.000000000,-0.033901039,-0.011295575,0.184600433,-0.341567041,-0.836348017,-0.367203068,0.221395254
1718187414476749312.000000000,-0.033905350,-0.011351606,0.184571579,-0.354766112,-0.837882586,-0.359022234,0.207838430
1718187414486749184.000000000,-0.033971565,-0.011382157,0.184547516,-0.340015555,-0.850268642,-0.334306198,0.222872217
1718187414496749312.000000000,-0.034063637,-0.011388575,0.184489563,-0.325503719,-0.863163338,-0.304794358,0.236847589
1718187414506749440.000000000,-0.034244530,-0.011378189,0.184463562,-0.288836735,-0.878912888,-0.268075914,0.268739242
1718187414516749312.000000000,-0.034484421,-0.011342267,0.184405457,-0.258042522,-0.889341062,-0.238313402,0.292734101
1718187414526749184.000000000,-0.034800610,-0.011285417,0.184369690,-0.197206584,-0.898835886,-0.197372126,0.338005706
1718187414536749312.000000000,-0.035133343,-0.011193139,0.184303787,-0.144712212,-0.897196198,-0.176052603,0.378289359
1718187414546749440.000000000,-0.035481892,-0.011086871,0.184233185,-0.100964144,-0.890504429,-0.159175873,0.414090746
1718187414556749312.000000000,-0.035779861,-0.010985145,0.184156998,-0.063371025,-0.877171289,-0.149539163,0.451876844
1718187414566749184.000000000,-0.036064358,-0.010917859,0.184079178,-0.037801450,-0.861245444,-0.144386940,0.485777467
1718187414576749312.000000000,-0.036279564,-0.010887259,0.184020691,-0.013123683,-0.845900412,-0.129425315,0.517232394
1718187414586749440.000000000,-0.036460579,-0.010885346,0.183972198,-0.004061081,-0.841489518,-0.121239619,0.526478730
1718187414596749312.000000000,-0.036593361,-0.010953985,0.183939377,0.027954376,-0.838944969,-0.080865336,0.537448312
1718187414606749184.000000000,-0.036696358,-0.011049084,0.183901016,0.035911849,-0.845706404,-0.065401170,0.528406760
1718187414616749312.000000000,-0.036771950,-0.011185637,0.183886642,0.053650616,-0.854095143,-0.031616797,0.516375325
1718187414626749440.000000000,-0.036775089,-0.011316442,0.183854218,0.040718676,-0.866803524,-0.031892377,0.495960196
1718187414636749312.000000000,-0.036715012,-0.011433686,0.183854462,0.001432310,-0.882982060,-0.056987475,0.465932460
1718187414646749184.000000000,-0.036580761,-0.011553611,0.183851105,-0.031319731,-0.887719966,-0.090858046,0.450241216
1718187414656749312.000000000,-0.036402218,-0.011667457,0.183879486,-0.093486927,-0.891659411,-0.153032083,0.415673996
1718187414666749440.000000000,-0.036186996,-0.011813120,0.183908829,-0.143733610,-0.895416849,-0.185954864,0.378140323
1718187414676749312.000000000,-0.035959648,-0.011969028,0.183914810,-0.200608051,-0.899564350,-0.201466928,0.331589305
1718187414686749184.000000000,-0.035759365,-0.012158851,0.183951279,-0.253914564,-0.900746511,-0.199755543,0.290311625
1718187414696749312.000000000,-0.035586109,-0.012372300,0.183955490,-0.289484289,-0.902277963,-0.175392365,0.267078343
1718187414706749440.000000000,-0.035460217,-0.012587303,0.183963394,-0.336088998,-0.898771169,-0.139138511,0.244734646
1718187414716749312.000000000,-0.035376350,-0.012767289,0.183976471,-0.377529178,-0.890022549,-0.109436648,0.230987449
1718187414726749184.000000000,-0.035332565,-0.012908864,0.183957947,-0.420936788,-0.876082876,-0.083306524,0.219888696
1718187414736749312.000000000,-0.035337044,-0.013001179,0.183956879,-0.421034277,-0.875999474,-0.073725358,0.223427013
1718187414746749440.000000000,-0.035359779,-0.013041835,0.183942505,-0.429039792,-0.873073371,-0.089324614,0.213749523
1718187414756749312.000000000,-0.035387409,-0.013029411,0.183932709,-0.440364403,-0.868451156,-0.103135869,0.203063476
1718187414766749184.000000000,-0.035468254,-0.012995263,0.183925751,-0.422143820,-0.874253347,-0.129201462,0.201947178
1718187414776749312.000000000,-0.035557606,-0.012936827,0.183901520,-0.423558045,-0.872575647,-0.144582178,0.195719997
1718187414786749440.000000000,-0.035666702,-0.012878993,0.183881851,-0.374068753,-0.887774983,-0.154081514,0.219515456
1718187414796749312.000000000,-0.035791992,-0.012843225,0.183867371,-0.356689795,-0.893491275,-0.144878201,0.231205618
1718187414806749184.000000000,-0.035905704,-0.012827834,0.183845367,-0.317643075,-0.904613721,-0.121556412,0.256906463
1718187414816749312.000000000,-0.036007484,-0.012825553,0.183832382,-0.295445181,-0.909790764,-0.108675195,0.270522852
1718187414826749440.000000000,-0.036106556,-0.012823318,0.183812195,-0.273189837,-0.914868467,-0.082244435,0.285690138
1718187414836749312.000000000,-0.036162045,-0.012842647,0.183789505,-0.278889291,-0.913692746,-0.089923178,0.281602827
1718187414846749184.000000000,-0.036194000,-0.012865096,0.183783524,-0.289330492,-0.912317208,-0.084159507,0.277276677
1718187414856749312.000000000,-0.036219681,-0.012883662,0.183795975,-0.286365451,-0.912248617,-0.096876655,0.276427573
1718187414866749440.000000000,-0.036197464,-0.012912161,0.183788742,-0.302510850,-0.908453649,-0.112168624,0.265739257
1718187414876749312.000000000,-0.036139465,-0.012967772,0.183797653,-0.339036870,-0.898568210,-0.140233978,0.240756316
1718187414886749184.000000000,-0.036086914,-0.013037165,0.183815292,-0.354507304,-0.894607964,-0.142092316,0.231971843
1718187414896749312.000000000,-0.036000946,-0.013169985,0.183813232,-0.400427532,-0.880983626,-0.144557550,0.206467329
1718187414906749440.000000000,-0.035912949,-0.013310682,0.183819138,-0.450186334,-0.862808487,-0.140837696,0.181820029
1718187414916749312.000000000,-0.035841831,-0.013486721,0.183839996,-0.492413237,-0.844206556,-0.136828542,0.161624393
1718187414926749184.000000000,-0.035770000,-0.013680122,0.183828903,-0.550483427,-0.814402871,-0.108855339,0.147873175
1718187414936749312.000000000,-0.035719894,-0.013872323,0.183825958,-0.596209831,-0.785587451,-0.085031140,0.141971472
1718187414946749440.000000000,-0.035683807,-0.014047786,0.183827103,-0.646572956,-0.748306132,-0.074173383,0.128373103
1718187414956749312.000000000,-0.035646912,-0.014191548,0.183819885,-0.672143352,-0.726874826,-0.066107456,0.124523512
1718187414966749184.000000000,-0.035615669,-0.014303672,0.183815826,-0.713635724,-0.689517810,-0.074697058,0.098537270
1718187414976749312.000000000,-0.035557137,-0.014394923,0.183827484,-0.733840325,-0.669369180,-0.088224481,0.075098060
1718187414986749440.000000000,-0.035511154,-0.014449091,0.183823471,-0.758788218,-0.641900209,-0.098327606,0.050361140
1718187414996749312.000000000,-0.035459625,-0.014487764,0.183830475,-0.766428748,-0.631672464,-0.112651906,0.029772822
1718187415006749184.000000000,-0.035412083,-0.014530869,0.183854813,-0.780496221,-0.613745144,-0.118104990,0.013919721
1718187415016749312.000000000,-0.035366512,-0.014553555,0.183856827,-0.793311557,-0.597928388,-0.114220559,0.009595919
1718187415026749440.000000000,-0.035345352,-0.014573625,0.183865540,-0.796607681,-0.595648238,-0.099878069,0.025372229
1718187415036749312.000000000,-0.035338543,-0.014604773,0.183869385,-0.779920386,-0.617606285,-0.087591294,0.051131528
1718187415046749184.000000000,-0.035365131,-0.014601113,0.183865524,-0.780883338,-0.616666943,-0.075605458,0.065014676
1718187415056749312.000000000,-0.035395569,-0.014602342,0.183865677,-0.780302464,-0.616540193,-0.056471063,0.088415349
1718187415066749440.000000000,-0.035438160,-0.014570987,0.183871384,-0.767192327,-0.630578974,-0.044175698,0.108786945
1718187415076749312.000000000,-0.035472187,-0.014542857,0.183884476,-0.748140593,-0.650551617,-0.035575088,0.125708627
1718187415086749184.000000000,-0.035490959,-0.014491956,0.183890854,-0.733307180,-0.665515768,-0.031372889,0.135517837
1718187415096749312.000000000,-0.035475605,-0.014438896,0.183906662,-0.732885677,-0.665446965,-0.028810237,0.138668278
1718187415106749440.000000000,-0.035452686,-0.014396909,0.183910690,-0.720267460,-0.675035884,-0.013641489,0.159233323
1718187415116749312.000000000,-0.035396549,-0.014372938,0.183916107,-0.716931400,-0.675656246,-0.002822059,0.171726648
1718187415126749184.000000000,-0.035342129,-0.014392914,0.183940323,-0.699040560,-0.688823083,0.011729276,0.191644150
1718187415136749312.000000000,-0.035289810,-0.014452263,0.183952789,-0.711794005,-0.666547841,0.037324711,0.218334918
1718187415146749440.000000000,-0.035258556,-0.014531009,0.183967010,-0.702112827,-0.657168440,0.074059780,0.263974182
1718187415156749312.000000000,-0.035241680,-0.014617865,0.183967850,-0.695440645,-0.643968566,0.102580820,0.301900598
1718187415166749184.000000000,-0.035218079,-0.014720018,0.183990402,-0.676122637,-0.637745100,0.133772114,0.343866819
1718187415176749312.000000000,-0.035182541,-0.014792984,0.183983795,-0.685490021,-0.604847097,0.149030888,0.376899476
1718187415186749440.000000000,-0.035159492,-0.014828550,0.184002731,-0.672184595,-0.599946576,0.164845783,0.401320126
1718187415196749312.000000000,-0.035123032,-0.014846812,0.184001984,-0.687256660,-0.589458018,0.156199108,0.394739619
1718187415206749184.000000000,-0.035065742,-0.014845011,0.184024673,-0.682124179,-0.598797674,0.155870111,0.389682509
1718187415216749312.000000000,-0.035001347,-0.014826179,0.184018539,-0.691152983,-0.599706621,0.146022430,0.375948098
1718187415226749440.000000000,-0.034938354,-0.014821103,0.184011734,-0.707305230,-0.590508798,0.135078718,0.364379487
1718187415236749312.000000000,-0.034891369,-0.014842970,0.184023743,-0.704916198,-0.598724141,0.131963774,0.356662473
1718187415246749184.000000000,-0.034872887,-0.014872458,0.184005478,-0.711795850,-0.586434047,0.132842535,0.363035311
1718187415256749312.000000000,-0.034881592,-0.014925278,0.184005554,-0.707348499,-0.577971585,0.142373496,0.381230555
1718187415266749440.000000000,-0.034920525,-0.014986744,0.183973373,-0.699510503,-0.560080049,0.157879482,0.414812565
1718187415276749312.000000000,-0.034971542,-0.015046490,0.183965363,-0.687535948,-0.549897721,0.171239780,0.442248522
1718187415286749184.000000000,-0.035061062,-0.015064919,0.183942871,-0.658122182,-0.558749950,0.192013358,0.466695359
1718187415296749312.000000000,-0.035166851,-0.015054362,0.183924484,-0.641831356,-0.560970300,0.203693221,0.481532869
1718187415306749440.000000000,-0.035252266,-0.015011033,0.183892731,-0.626117139,-0.572760147,0.212924528,0.484341087
1718187415316749312.000000000,-0.035358585,-0.014938778,0.183881821,-0.619961579,-0.590457181,0.213211313,0.470689807
1718187415326749184.000000000,-0.035452351,-0.014857866,0.183860153,-0.604639384,-0.620125387,0.214408102,0.451536141
1718187415336749312.000000000,-0.035527920,-0.014796885,0.183839584,-0.610520504,-0.632794872,0.203221731,0.430739240
1718187415346749440.000000000,-0.035600620,-0.014759259,0.183823669,-0.621349190,-0.631750320,0.194442634,0.420724114
1718187415356749312.000000000,-0.035667892,-0.014761492,0.183800552,-0.594607545,-0.657588497,0.202249400,0.416070205
1718187415366749184.000000000,-0.035732529,-0.014805614,0.183791077,-0.598494589,-0.641503952,0.209282195,0.431830836
1718187415376749312.000000000,-0.035812016,-0.014867487,0.183771530,-0.594441236,-0.629132987,0.219193983,0.450316888
1718187415386749440.000000000,-0.035853363,-0.014958360,0.183750122,-0.598675471,-0.615829073,0.221967874,0.461597764
1718187415396749312.000000000,-0.035888885,-0.015033673,0.183735382,-0.608937281,-0.595182645,0.221415946,0.475318824
1718187415406749184.000000000,-0.035883747,-0.015104172,0.183711456,-0.626178016,-0.583695740,0.211818409,0.471522361
1718187415416749312.000000000,-0.035847614,-0.015164209,0.183715012,-0.643811366,-0.573267685,0.201325884,0.465122537
1718187415426749440.000000000,-0.035812790,-0.015197780,0.183718719,-0.668170654,-0.555014038,0.187243686,0.458745242
1718187415436749312.000000000,-0.035749844,-0.015239630,0.183727448,-0.688006806,-0.545390429,0.174127793,0.445954512
1718187415446749184.000000000,-0.035662365,-0.015278092,0.183720291,-0.692580132,-0.544191859,0.170685323,0.441649749
1718187415456749312.000000000,-0.035575817,-0.015330714,0.183734528,-0.695678172,-0.527745253,0.171681446,0.456116554
1718187415466749440.000000000,-0.035491364,-0.015379918,0.183742844,-0.703615917,-0.513118978,0.167794736,0.462037316
1718187415476749312.000000000,-0.035414799,-0.015429524,0.183750717,-0.697212123,-0.500821059,0.173072330,0.482824493
1718187415486749184.000000000,-0.035348316,-0.015470247,0.183752350,-0.686850986,-0.494313320,0.179595647,0.501632802
1718187415496749312.000000000,-0.035312168,-0.015503965,0.183745438,-0.672874057,-0.481042140,0.187004902,0.529969933
1718187415506749440.000000000,-0.035302505,-0.015513249,0.183752258,-0.659713905,-0.485153593,0.194761737,0.539880932
1718187415516749312.000000000,-0.035318073,-0.015500035,0.183737122,-0.643058388,-0.484781399,0.204131808,0.556590612
1718187415526749184.000000000,-0.035374371,-0.015471986,0.183740799,-0.634661040,-0.488314464,0.209390780,0.561168290
1718187415536749312.000000000,-0.035460842,-0.015417321,0.183726685,-0.611166909,-0.506221290,0.225324021,0.565193861
1718187415546749440.000000000,-0.035553936,-0.015364618,0.183708755,-0.602021424,-0.515772978,0.231943978,0.563693561
1718187415556749312.000000000,-0.035658726,-0.015313571,0.183683411,-0.572459870,-0.530251162,0.251119236,0.572767433
1718187415566749184.000000000,-0.035745693,-0.015266418,0.183656464,-0.564768658,-0.541179341,0.256650158,0.567707654
1718187415576749312.000000000,-0.035845779,-0.015236979,0.183653595,-0.548764985,-0.545937056,0.266716124,0.574170908
1718187415586749440.000000000,-0.035927250,-0.015242930,0.183630127,-0.524265589,-0.548511293,0.281366892,0.587463723
1718187415596749312.000000000,-0.036012852,-0.015258396,0.183605957,-0.499870963,-0.551260218,0.295842542,0.598931033
1718187415606749184.000000000,-0.036094524,-0.015290550,0.183583466,-0.486444881,-0.538039772,0.301238062,0.618983208
1718187415616749312.000000000,-0.036161663,-0.015336200,0.183544952,-0.452541998,-0.521995674,0.315094422,0.650724029
1718187415626749440.000000000,-0.036242992,-0.015396890,0.183536560,-0.430826617,-0.512987277,0.322933160,0.668540690
1718187415636749312.000000000,-0.036293163,-0.015428340,0.183513748,-0.424628631,-0.502257222,0.321272629,0.681331128
1718187415646749184.000000000,-0.036334579,-0.015476200,0.183501923,-0.414339657,-0.493124294,0.321397272,0.694157671
1718187415656749312.000000000,-0.036327396,-0.015511006,0.183483780,-0.425205255,-0.479748196,0.308878968,0.702592302
1718187415666749440.000000000,-0.036309216,-0.015552657,0.183473007,-0.428599985,-0.476240907,0.305255580,0.704496759
1718187415676749312.000000000,-0.036285244,-0.015594671,0.183459839,-0.445947707,-0.470963485,0.294376376,0.701902121
1718187415686749184.000000000,-0.036257092,-0.015647855,0.183450806,-0.449968594,-0.458285931,0.284598640,0.711692268
1718187415696749312.000000000,-0.036241879,-0.015697104,0.183440125,-0.452808811,-0.455180964,0.281287230,0.713198405
1718187415706749440.000000000,-0.036241116,-0.015747948,0.183432281,-0.434360838,-0.443415635,0.279958738,0.732349876
1718187415716749312.000000000,-0.036242451,-0.015794799,0.183433411,-0.426591631,-0.435787844,0.276436385,0.742759355
1718187415726749184.000000000,-0.036243252,-0.015808405,0.183402069,-0.416724961,-0.431181358,0.275770858,0.751247880
1718187415736749312.000000000,-0.036249416,-0.015808735,0.183408905,-0.400505573,-0.433063328,0.282960236,0.756296863
1718187415746749440.000000000,-0.036245323,-0.015792560,0.183414474,-0.407095641,-0.434497428,0.282033864,0.752291183
1718187415756749312.000000000,-0.036226051,-0.015761997,0.183413300,-0.408667480,-0.445696964,0.291160938,0.741330166
1718187415766749184.000000000,-0.036199177,-0.015750315,0.183423660,-0.436274172,-0.438814616,0.275285035,0.735747735
1718187415776749312.000000000,-0.036171951,-0.015730973,0.183414001,-0.443834301,-0.448364275,0.279691752,0.723707893
1718187415786749440.000000000,-0.036157593,-0.015738394,0.183427719,-0.437062949,-0.459402753,0.290495642,0.716615218
1718187415796749312.000000000,-0.036157700,-0.015769361,0.183421707,-0.455393674,-0.442736650,0.271344010,0.723168921
1718187415806749184.000000000,-0.036168945,-0.015814828,0.183413284,-0.457662629,-0.431591703,0.261937411,0.731889550
1718187415816749312.000000000,-0.036164448,-0.015874333,0.183402390,-0.459553753,-0.418176835,0.250252030,0.742504144
1718187415826749440.000000000,-0.036174404,-0.015932180,0.183418823,-0.453953908,-0.407168325,0.242007908,0.754699925
1718187415836749312.000000000,-0.036154949,-0.015968462,0.183391922,-0.461947071,-0.401498107,0.234267024,0.755329818
1718187415846749184.000000000,-0.036150513,-0.015995542,0.183405594,-0.456725266,-0.395291760,0.229745651,0.763127375
1718187415856749312.000000000,-0.036129105,-0.016016628,0.183418411,-0.458450583,-0.392885464,0.226640213,0.764263233
1718187415866749440.000000000,-0.036090206,-0.016033821,0.183434525,-0.462816849,-0.399381416,0.231954650,0.756632070
1718187415876749312.000000000,-0.036055676,-0.016020487,0.183431824,-0.466390013,-0.400360587,0.231812042,0.753959504
1718187415886749184.000000000,-0.036033142,-0.016006174,0.183441284,-0.452695964,-0.402670587,0.237463665,0.759298210
1718187415896749312.000000000,-0.036002598,-0.015997265,0.183443985,-0.442635274,-0.399731602,0.237108310,0.766856121
1718187415906749440.000000000,-0.035966499,-0.015969459,0.183436996,-0.423942531,-0.407933119,0.250242989,0.768922458
1718187415916749312.000000000,-0.035941948,-0.015942953,0.183457413,-0.415752612,-0.413380386,0.257689194,0.768025196
1718187415926749184.000000000,-0.035902069,-0.015909369,0.183473297,-0.393242300,-0.417737270,0.268570083,0.773773983
1718187415936749312.000000000,-0.035846710,-0.015875453,0.183490891,-0.381969764,-0.422829521,0.277024780,0.773674070
1718187415946749440.000000000,-0.035799606,-0.015851544,0.183482346,-0.363017850,-0.426615000,0.286694118,0.777189916
1718187415956749312.000000000,-0.035785847,-0.015833959,0.183476074,-0.343761782,-0.434222825,0.301231472,0.776233197
1718187415966749184.000000000,-0.035791973,-0.015848504,0.183485794,-0.338176287,-0.427567358,0.295600826,0.784501819
1718187415976749312.000000000,-0.035826275,-0.015876074,0.183453354,-0.320061606,-0.428113161,0.301929593,0.789378369
1718187415986749440.000000000,-0.035904388,-0.015918100,0.183439880,-0.310812109,-0.418164059,0.292726594,0.801776648
1718187415996749312.000000000,-0.036001282,-0.015975371,0.183419952,-0.286871109,-0.417437644,0.298780444,0.808814581
1718187416006749184.000000000,-0.036123337,-0.016040358,0.183393906,-0.267000197,-0.409308994,0.292283527,0.822038553
1718187416016749312.000000000,-0.036277851,-0.016107395,0.183362595,-0.262379093,-0.391203644,0.262214026,0.842235552
1718187416026749440.000000000,-0.036416309,-0.016181028,0.183319626,-0.234287952,-0.395155743,0.274469451,0.844764828
1718187416036749312.000000000,-0.036558590,-0.016236712,0.183289780,-0.229895001,-0.384633732,0.253141240,0.857394129
1718187416046749184.000000000,-0.036708420,-0.016294220,0.183256729,-0.224644178,-0.379311721,0.241895435,0.864375040
1718187416056749312.000000000,-0.036837387,-0.016342224,0.183212540,-0.233245304,-0.372185085,0.225488515,0.869614754
1718187416066749440.000000000,-0.036958229,-0.016391977,0.183187866,-0.238369253,-0.364548537,0.207373617,0.875945573
1718187416076749312.000000000,-0.037062286,-0.016429605,0.183167755,-0.229745058,-0.365509453,0.209842473,0.877260614
1718187416086749184.000000000,-0.037138424,-0.016448278,0.183147812,-0.248785066,-0.363667312,0.207819076,0.873305965
1718187416096749312.000000000,-0.037184162,-0.016457836,0.183136719,-0.256580609,-0.358007610,0.195113287,0.876314868
1718187416106749440.000000000,-0.037202358,-0.016470028,0.183129913,-0.246461199,-0.357762338,0.192717472,0.879842579
1718187416116749312.000000000,-0.037202209,-0.016474739,0.183125534,-0.241716668,-0.357271740,0.190576485,0.881822295
1718187416126749184.000000000,-0.037170670,-0.016497356,0.183122147,-0.246165463,-0.356156783,0.188326317,0.881526012
1718187416136749312.000000000,-0.037141254,-0.016516615,0.183118103,-0.256232028,-0.351486265,0.177724099,0.882732518
1718187416146749440.000000000,-0.037108669,-0.016534328,0.183129318,-0.246748993,-0.354627109,0.183477998,0.883000777
1718187416156749312.000000000,-0.037076992,-0.016553925,0.183123871,-0.244950874,-0.351235269,0.172951894,0.886972659
1718187416166749184.000000000,-0.037061363,-0.016572569,0.183127960,-0.225659011,-0.355208754,0.178343019,0.889437193
1718187416176749312.000000000,-0.037053772,-0.016584618,0.183122162,-0.221332251,-0.354560221,0.174046724,0.891631551
1718187416186749440.000000000,-0.037062874,-0.016588350,0.183125671,-0.203216642,-0.360228284,0.185808243,0.891298983
1718187416196749312.000000000,-0.037090210,-0.016601999,0.183116257,-0.184781904,-0.357783132,0.166841058,0.900006078
1718187416206749184.000000000,-0.037108959,-0.016605021,0.183106415,-0.172573137,-0.363074651,0.182041294,0.897360729
1718187416216749312.000000000,-0.037142834,-0.016601862,0.183107697,-0.168759970,-0.367032130,0.196327668,0.893455614
1718187416226749440.000000000,-0.037167850,-0.016600609,0.183092697,-0.169958818,-0.362076812,0.176402648,0.899386729
1718187416236749312.000000000,-0.037213928,-0.016612751,0.183091446,-0.172954331,-0.362635180,0.181170407,0.897641248
1718187416246749184.000000000,-0.037255527,-0.016626621,0.183072556,-0.176519948,-0.357609071,0.162380635,0.902545838
1718187416256749312.000000000,-0.037302315,-0.016658611,0.183066666,-0.172357039,-0.359526965,0.168099246,0.901540934
1718187416266749440.000000000,-0.037341957,-0.016691051,0.183048553,-0.177364779,-0.356462473,0.158952048,0.903443682
1718187416276749312.000000000,-0.037385273,-0.016722179,0.183023865,-0.177354130,-0.353026780,0.143064938,0.907441474
1718187416286749184.000000000,-0.037422897,-0.016762119,0.183003174,-0.181586384,-0.351643757,0.140654465,0.907518250
1718187416296749312.000000000,-0.037441856,-0.016776978,0.183001450,-0.188452232,-0.348141039,0.131066906,0.908903207
1718187416306749440.000000000,-0.037441807,-0.016799683,0.183007355,-0.205170913,-0.341390829,0.116543889,0.909821257
