1718187011038618368.000000000,-0.038705978,-0.013332723,0.181669724,0.999556289,0.020273460,0.001708697,-0.021755265
1718187011048618496.000000000,-0.038697205,-0.013311217,0.181661514,0.999555727,0.020242157,0.001758870,-0.021806205
1718187011058618368.000000000,-0.038688198,-0.013325931,0.181651062,0.999555441,0.020222753,0.001760167,-0.021837187
1718187011068618240.000000000,-0.038703590,-0.013357700,0.181654938,0.999555290,0.020412467,0.001787558,-0.021664666
1718187011078618368.000000000,-0.038676922,-0.013405831,0.181626007,0.999559033,0.020448174,0.001653741,-0.021468033
1718187011088618496.000000000,-0.038687916,-0.013455148,0.181615601,0.999558218,0.020589547,0.001775967,-0.021360833
1718187011098618368.000000000,-0.038681309,-0.013487498,0.181633896,0.999558377,0.020629373,0.001677356,-0.021322900
1718187011108618240.000000000,-0.038670048,-0.013505631,0.181638016,0.999554120,0.020684895,0.001758344,-0.021461679
1718187011118618368.000000000,-0.038634575,-0.013496602,0.181636841,0.999549885,0.020798944,0.001845788,-0.021541235
1718187011128618496.000000000,-0.038587795,-0.013495044,0.181637543,0.999548634,0.020697430,0.002109878,-0.021672426
1718187011138618368.000000000,-0.038547054,-0.013500525,0.181659866,0.999546951,0.020798154,0.002216859,-0.021642893
1718187011148618240.000000000,-0.038501122,-0.013528113,0.181653656,0.999549639,0.020769564,0.002509780,-0.021513854
1718187011158618368.000000000,-0.038476700,-0.013561953,0.181647064,0.999554035,0.020803021,0.002373113,-0.021291640
1718187011168618496.000000000,-0.038486637,-0.013592711,0.181634262,0.999555300,0.020723326,0.002217513,-0.021326716
1718187011178618368.000000000,-0.038519405,-0.013609240,0.181626892,0.999552571,0.020918528,0.002235215,-0.021262104
1718187011188618240.000000000,-0.038551552,-0.013630232,0.181628220,0.999551009,0.021031589,0.002267202,-0.021220575
1718187011198618368.000000000,-0.038602722,-0.013636923,0.181623276,0.999548213,0.021059461,0.002056389,-0.021345742
1718187011208618496.000000000,-0.038644859,-0.013606456,0.181603882,0.999547387,0.021009290,0.001942842,-0.021444245
1718187011218618368.000000000,-0.038673473,-0.013593462,0.181601028,0.999547797,0.020909864,0.001819564,-0.021532945
1718187011228618240.000000000,-0.038695885,-0.013549947,0.181590652,0.999546664,0.020887213,0.001687216,-0.021618145
1718187011238618368.000000000,-0.038708195,-0.013515464,0.181592987,0.999547366,0.020757524,0.001692614,-0.021709977
1718187011248618496.000000000,-0.038695454,-0.013499949,0.181598541,0.999545172,0.020892012,0.001694788,-0.021681811
1718187011258618368.000000000,-0.038689201,-0.013509693,0.181595978,0.999547334,0.020832614,0.001680428,-0.021640387
1718187011268618240.000000000,-0.038690506,-0.013538805,0.181609497,0.999550122,0.020839458,0.001875528,-0.021488445
1718187011278618368.000000000,-0.038691002,-0.013567204,0.181600815,0.999550444,0.020843034,0.001810189,-0.021475601
1718187011288618496.000000000,-0.038689480,-0.013605946,0.181585052,0.999551664,0.020862057,0.001748217,-0.021405361
1718187011298618368.000000000,-0.038695415,-0.013637306,0.181585251,0.999548835,0.021007466,0.001792418,-0.021391603
1718187011308618240.000000000,-0.038699463,-0.013658961,0.181592224,0.999548895,0.021011776,0.001689251,-0.021392958
1718187011318618368.000000000,-0.038695393,-0.013665401,0.181583282,0.999545179,0.021132104,0.001864907,-0.021433403
1718187011328618240.000000000,-0.038692726,-0.013665246,0.181567276,0.999544886,0.021136568,0.001743847,-0.021452871
1718187011338618368.000000000,-0.038705135,-0.013678346,0.181566360,0.999544761,0.021073183,0.001789372,-0.021517184
1718187011348618240.000000000,-0.038714172,-0.013693998,0.181556900,0.999542332,0.021183459,0.001801934,-0.021520696
1718187011358618368.000000000,-0.038752827,-0.013720984,0.181549271,0.999541776,0.021298606,0.001605411,-0.021448296
1718187011368618496.000000000,-0.038804745,-0.013728568,0.181560120,0.999542670,0.021268280,0.001425955,-0.021449438
1718187011378618368.000000000,-0.038843056,-0.013744246,0.181549805,0.999541463,0.021463924,0.001303022,-0.021318181
1718187011388618240.000000000,-0.038879189,-0.013736512,0.181543213,0.999546866,0.021237208,0.001223771,-0.021296608
1718187011398618368.000000000,-0.038906574,-0.013703548,0.181555847,0.999546262,0.021211654,0.001122512,-0.021355926
1718187011408618496.000000000,-0.038929722,-0.013649143,0.181551102,0.999546389,0.021010440,0.001121771,-0.021548092
1718187011418618368.000000000,-0.038924095,-0.013605969,0.181572754,0.999545447,0.020890257,0.001008855,-0.021713551
1718187011428618240.000000000,-0.038920414,-0.013568369,0.181573334,0.999542971,0.020827854,0.001162833,-0.021879149
1718187011438618368.000000000,-0.038919594,-0.013554144,0.181572006,0.999541164,0.020762187,0.000984510,-0.022032352
1718187011448618496.000000000,-0.038932415,-0.013566416,0.181575867,0.999538876,0.020918602,0.001052088,-0.021984986
1718187011458618368.000000000,-0.038967522,-0.013604185,0.181558197,0.999536281,0.021018132,0.001028884,-0.022009151
1718187011468618240.000000000,-0.039004822,-0.013672240,0.181542557,0.999536791,0.021183468,0.000895423,-0.021832585
1718187011478618368.000000000,-0.039060295,-0.013734434,0.181521439,0.999531267,0.021462735,0.000747569,-0.021818302
1718187011488618496.000000000,-0.039123074,-0.013790313,0.181512665,0.999530415,0.021408390,0.000589103,-0.021915353
1718187011498618368.000000000,-0.039187164,-0.013822927,0.181518539,0.999518570,0.021797812,0.000327936,-0.022076586
1718187011508618240.000000000,-0.039210335,-0.013857948,0.181511948,0.999516243,0.021833458,0.000354643,-0.022146196
1718187011518618368.000000000,-0.039237511,-0.013877087,0.181514389,0.999510047,0.021918481,0.000168854,-0.022343201
1718187011528618496.000000000,-0.039271591,-0.013877439,0.181512512,0.999507436,0.021939997,0.000055211,-0.022439224
1718187011538618368.000000000,-0.039292240,-0.013879489,0.181517212,0.999504536,0.022000184,0.000017297,-0.022509423
1718187011548618240.000000000,-0.039327763,-0.013902119,0.181519577,0.999511858,0.021959088,-0.000070520,-0.022222478
1718187011558618368.000000000,-0.039400414,-0.013913731,0.181529190,0.999510063,0.022101193,-0.000312920,-0.022160182
1718187011568618496.000000000,-0.039498077,-0.013917526,0.181516190,0.999511093,0.022117745,-0.000558904,-0.022092243
1718187011578618368.000000000,-0.039627853,-0.013927208,0.181499741,0.999508329,0.022223203,-0.000877090,-0.022101156
1718187011588618240.000000000,-0.039772243,-0.013946138,0.181485504,0.999506451,0.022293283,-0.001483536,-0.022083075
1718187011598618368.000000000,-0.039961689,-0.013959103,0.181461975,0.999496439,0.022512067,-0.001909045,-0.022280743
1718187011608618496.000000000,-0.040175259,-0.013990402,0.181456436,0.999489654,0.022722976,-0.002692863,-0.022290033
1718187011618618368.000000000,-0.040389622,-0.014015572,0.181458191,0.999485117,0.022505828,-0.003191279,-0.022645200
1718187011628618240.000000000,-0.040597466,-0.014026315,0.181458801,0.999474074,0.022642676,-0.003684877,-0.022919548
1718187011638618368.000000000,-0.040777275,-0.014031213,0.181446793,0.999466211,0.022760336,-0.004085401,-0.023077459
1718187011648618240.000000000,-0.040954662,-0.014061506,0.181459106,0.999464009,0.022725520,-0.004452695,-0.023139133
1718187011658618368.000000000,-0.041107708,-0.014087238,0.181462418,0.999459720,0.022903389,-0.005100811,-0.023014895
1718187011668618240.000000000,-0.041239742,-0.014132047,0.181488312,0.999460310,0.023020580,-0.005370424,-0.022810068
1718187011678618368.000000000,-0.041381874,-0.014189223,0.181502930,0.999470032,0.022967982,-0.005505845,-0.022401175
1718187011688618496.000000000,-0.041492863,-0.014251100,0.181514832,0.999474109,0.023130230,-0.006126316,-0.021885296
1718187011698618368.000000000,-0.041601780,-0.014308414,0.181541519,0.999479099,0.023414809,-0.006296354,-0.021298655
1718187011708618240.000000000,-0.041726715,-0.014353535,0.181557648,0.999488631,0.023375828,-0.006571553,-0.020805339
1718187011718618368.000000000,-0.041851768,-0.014387119,0.181586029,0.999494565,0.023379962,-0.006843808,-0.020424337
1718187011728618496.000000000,-0.041982903,-0.014419529,0.181638443,0.999495958,0.023635485,-0.007133110,-0.019957749
1718187011738618368.000000000,-0.042107765,-0.014454556,0.181666443,0.999499379,0.023559162,-0.007576943,-0.019711609
1718187011748618240.000000000,-0.042248028,-0.014527619,0.181728882,0.999496567,0.023683990,-0.008023727,-0.019526937
1718187011758618368.000000000,-0.042358765,-0.014639632,0.181750565,0.999493276,0.024107949,-0.008275519,-0.019066040
1718187011768618496.000000000,-0.042476376,-0.014810727,0.181833099,0.999489506,0.024527885,-0.008539377,-0.018606152
1718187011778618368.000000000,-0.042571835,-0.015027344,0.181886444,0.999494432,0.024633371,-0.008828926,-0.018059010
1718187011788618240.000000000,-0.042685917,-0.015270279,0.181965530,0.999492473,0.025107644,-0.009101694,-0.017365523
1718187011798618368.000000000,-0.042777962,-0.015565954,0.182067169,0.999496229,0.025503826,-0.009408523,-0.016380556
1718187011808618496.000000000,-0.042913437,-0.015873702,0.182174057,0.999485990,0.026282845,-0.009759107,-0.015547604
1718187011818618368.000000000,-0.043084724,-0.016208927,0.182295090,0.999470814,0.027074048,-0.010365248,-0.014752932
1718187011828618240.000000000,-0.043331646,-0.016568975,0.182425934,0.999446820,0.028052634,-0.011115122,-0.013984198
1718187011838618368.000000000,-0.043655659,-0.016937851,0.182571655,0.999419161,0.028932879,-0.012015942,-0.013410683
1718187011848618496.000000000,-0.044035519,-0.017305870,0.182803711,0.999394750,0.029518600,-0.012988014,-0.013042134
1718187011858618368.000000000,-0.044492195,-0.017648636,0.183145996,0.999375425,0.029739629,-0.014164583,-0.012793688
1718187011868618240.000000000,-0.044964268,-0.017954517,0.183647034,0.999343941,0.030178972,-0.015547163,-0.012617574
1718187011878618368.000000000,-0.045501808,-0.018241701,0.184374466,0.999318340,0.030438643,-0.016759522,-0.012468449
1718187011888618496.000000000,-0.046056805,-0.018509306,0.185307190,0.999304424,0.030398375,-0.017319722,-0.012908681
1718187011898618368.000000000,-0.046593124,-0.018770639,0.186520493,0.999276592,0.030933742,-0.018173605,-0.012614098
1718187011908618240.000000000,-0.047168346,-0.018954746,0.187971542,0.999264624,0.031342003,-0.018221426,-0.012484810
1718187011918618368.000000000,-0.047731247,-0.019061172,0.189722916,0.999273548,0.030956346,-0.018422975,-0.012436805
1718187011928618496.000000000,-0.048291233,-0.019094999,0.191732025,0.999289939,0.030840327,-0.017751078,-0.012385109
1718187011938618368.000000000,-0.048935879,-0.019047428,0.194025772,0.999309481,0.030467044,-0.017432897,-0.012182520
1718187011948618240.000000000,-0.049711746,-0.018908007,0.196606689,0.999378308,0.028605890,-0.016537711,-0.012296497
1718187011958618368.000000000,-0.050587654,-0.018657011,0.199476761,0.999425997,0.026941560,-0.016217668,-0.012602258
1718187011968618496.000000000,-0.051519665,-0.018359921,0.202544846,0.999480227,0.025244006,-0.015816324,-0.012323153
1718187011978618368.000000000,-0.052559517,-0.017988710,0.205903702,0.999546323,0.022824268,-0.015322544,-0.012305283
1718187011988618240.000000000,-0.053671623,-0.017609211,0.209488297,0.999593993,0.020726604,-0.014862743,-0.012702591
1718187011998618368.000000000,-0.054851223,-0.017233921,0.213347198,0.999645736,0.018638262,-0.014048166,-0.012793238
1718187012008618496.000000000,-0.056055500,-0.016919096,0.217400650,0.999694088,0.016870325,-0.013022823,-0.012551061
1718187012018618368.000000000,-0.057258541,-0.016673038,0.221644409,0.999736602,0.015763680,-0.011680773,-0.011907632
1718187012028618240.000000000,-0.058512661,-0.016457527,0.226078094,0.999772610,0.014483409,-0.010280571,-0.011801206
1718187012038618368.000000000,-0.059760025,-0.016320736,0.230710571,0.999810891,0.013865597,-0.007940883,-0.011084699
1718187012048618496.000000000,-0.060999805,-0.016273237,0.235531128,0.999837609,0.013420044,-0.006364827,-0.010205217
1718187012058618368.000000000,-0.062281818,-0.016217808,0.240447357,0.999864940,0.012666690,-0.004383998,-0.009509823
1718187012068618240.000000000,-0.063519253,-0.016265167,0.245481171,0.999886393,0.012425896,-0.002198185,-0.008244172
1718187012078618368.000000000,-0.064828056,-0.016373398,0.250655380,0.999903510,0.011707045,-0.000269510,-0.007472787
1718187012088618496.000000000,-0.066145599,-0.016566238,0.255917877,0.999913262,0.011406873,0.001385696,-0.006436661
1718187012098618368.000000000,-0.067462898,-0.016787466,0.261230988,0.999918857,0.011158080,0.003060757,-0.005329883
1718187012108618240.000000000,-0.068819771,-0.017103113,0.266637817,0.999922633,0.010865418,0.004188252,-0.004373636
1718187012118618368.000000000,-0.070116226,-0.017464924,0.272103516,0.999920958,0.010635522,0.005600098,-0.003688089
1718187012128618496.000000000,-0.071394241,-0.017872150,0.277676453,0.999912708,0.010668329,0.007334718,-0.002639191
1718187012138618368.000000000,-0.072597328,-0.018357992,0.283294373,0.999904076,0.010482585,0.008960888,-0.001286863
1718187012148618240.000000000,-0.073722305,-0.018894085,0.288998810,0.999880650,0.010704904,0.011139272,0.000080715
1718187012158618368.000000000,-0.074820602,-0.019461643,0.294782623,0.999844114,0.011237691,0.013525329,0.001589615
1718187012168618496.000000000,-0.075779602,-0.020138912,0.300550323,0.999801728,0.012163275,0.015427159,0.003249844
1718187012178618368.000000000,-0.076760170,-0.020879343,0.306348816,0.999736879,0.013634398,0.017862242,0.004606021
1718187012188618240.000000000,-0.077680206,-0.021701103,0.312171356,0.999669826,0.015164455,0.019854970,0.006004798
1718187012198618368.000000000,-0.078602173,-0.022547295,0.318003906,0.999585086,0.017502945,0.021759338,0.007059335
1718187012208618496.000000000,-0.079539055,-0.023424223,0.323864075,0.999508042,0.019387091,0.023243105,0.008220250
1718187012218618368.000000000,-0.080453590,-0.024271683,0.329756256,0.999431145,0.021615831,0.024267811,0.009011925
1718187012228618240.000000000,-0.081271004,-0.025078768,0.335687103,0.999346934,0.023277799,0.025840875,0.009802979
1718187012238618368.000000000,-0.082109558,-0.025807180,0.341727997,0.999298756,0.024124333,0.026601695,0.010600129
1718187012248618496.000000000,-0.082854515,-0.026452633,0.347849152,0.999255255,0.024550987,0.027680791,0.010952532
1718187012258618368.000000000,-0.083531128,-0.027023598,0.354053680,0.999224176,0.024686185,0.028290746,0.011885769
1718187012268618240.000000000,-0.084097839,-0.027473185,0.360284302,0.999218944,0.024097839,0.028689782,0.012557537
1718187012278618368.000000000,-0.084648926,-0.027882870,0.366660645,0.999217671,0.023445413,0.028854209,0.013483085
1718187012288618496.000000000,-0.085140701,-0.028284225,0.373108276,0.999218636,0.022421732,0.029155718,0.014468127
1718187012298618368.000000000,-0.085639610,-0.028690453,0.379703979,0.999224047,0.021586225,0.029046334,0.015545067
1718187012308618240.000000000,-0.086060272,-0.029146088,0.386385101,0.999218919,0.020833426,0.029145748,0.016674697
1718187012318618368.000000000,-0.086476799,-0.029612797,0.393211792,0.999220091,0.020996031,0.028536472,0.017436896
1718187012328618240.000000000,-0.086813332,-0.030081995,0.400141541,0.999220328,0.021483909,0.028012559,0.017676967
1718187012338618368.000000000,-0.087072525,-0.030540421,0.407248352,0.999236567,0.021984017,0.027095817,0.017572813
1718187012348618240.000000000,-0.087203842,-0.031047884,0.414527252,0.999221946,0.022356844,0.027297243,0.017621991
1718187012358618368.000000000,-0.087190758,-0.031527445,0.421972290,0.999223061,0.023227126,0.026876050,0.017071996
1718187012368618496.000000000,-0.087063889,-0.031979319,0.429675110,0.999225509,0.023522996,0.026812380,0.016617657
1718187012378618368.000000000,-0.086719482,-0.032492325,0.437497620,0.999212483,0.024250772,0.027010773,0.016022851
1718187012388618240.000000000,-0.086337532,-0.032977463,0.445577545,0.999209793,0.024911296,0.026967220,0.015231081
1718187012398618368.000000000,-0.085800713,-0.033588806,0.453845917,0.999154904,0.026125355,0.028009273,0.014913927
1718187012408618496.000000000,-0.085196335,-0.034226654,0.462237396,0.999091436,0.027922772,0.028745885,0.014501537
1718187012418618368.000000000,-0.084585220,-0.034940357,0.470895477,0.999044487,0.028938432,0.029384959,0.014463874
1718187012428618240.000000000,-0.083934265,-0.035685139,0.479651672,0.998976774,0.030206122,0.030481896,0.014277582
1718187012438618368.000000000,-0.083285378,-0.036468342,0.488598358,0.998916943,0.031316967,0.031427713,0.014017401
1718187012448618496.000000000,-0.082594536,-0.037242992,0.497603790,0.998859880,0.032728565,0.031912077,0.013762283
1718187012458618368.000000000,-0.081963661,-0.038019524,0.506791351,0.998852761,0.033065577,0.031971532,0.013328550
1718187012468618240.000000000,-0.081358734,-0.038754993,0.516088440,0.998842292,0.033358386,0.032272059,0.012641543
1718187012478618368.000000000,-0.080743530,-0.039456264,0.525507263,0.998843525,0.033321322,0.032546162,0.011918461
1718187012488618496.000000000,-0.080117767,-0.040128372,0.535045959,0.998867578,0.032580776,0.032863310,0.011048006
1718187012498618368.000000000,-0.079518478,-0.040741161,0.544615234,0.998902591,0.031953885,0.032692771,0.010185540
1718187012508618240.000000000,-0.078906227,-0.041421490,0.554399597,0.998955532,0.029800193,0.033261020,0.009669418
1718187012518618368.000000000,-0.078325539,-0.042081741,0.564196533,0.998984852,0.028300369,0.033754250,0.009434258
1718187012528618496.000000000,-0.077721466,-0.042820972,0.574089783,0.999018688,0.026771904,0.034007490,0.009403031
1718187012538618368.000000000,-0.077158577,-0.043627594,0.584017212,0.999032282,0.025876651,0.034281917,0.009468309
1718187012548618240.000000000,-0.076623856,-0.044526360,0.594079834,0.999032423,0.025030501,0.034849278,0.009655030
1718187012558618368.000000000,-0.076162491,-0.045505043,0.604196777,0.999024655,0.024916882,0.035181296,0.009547967
1718187012568618496.000000000,-0.075745445,-0.046505219,0.614424805,0.999010876,0.025673879,0.035118412,0.009209667
1718187012578618368.000000000,-0.075405518,-0.047512608,0.624721741,0.998999491,0.026258224,0.035053420,0.009043272
1718187012588618240.000000000,-0.075088425,-0.048566608,0.635167969,0.998990067,0.027153548,0.034854308,0.008167446
1718187012598618368.000000000,-0.074848785,-0.049569122,0.645755737,0.998991414,0.028573915,0.033964162,0.006791335
1718187012608618496.000000000,-0.074556671,-0.050488220,0.656530396,0.998981608,0.029145916,0.034028824,0.005319956
1718187012618618368.000000000,-0.074240707,-0.051321285,0.667460388,0.999007051,0.028749174,0.033817159,0.003846573
1718187012628618240.000000000,-0.073823425,-0.052090210,0.678549438,0.999015509,0.028156687,0.034194055,0.002445645
1718187012638618368.000000000,-0.073316330,-0.052844727,0.689783081,0.999028452,0.027593301,0.034341716,0.001187015
1718187012648618240.000000000,-0.072749817,-0.053558472,0.701171326,0.999000731,0.027303660,0.035381039,0.000481820
1718187012658618368.000000000,-0.072103958,-0.054335686,0.712680542,0.998978504,0.027036520,0.036204885,0.000424895
1718187012668618240.000000000,-0.071467369,-0.055121670,0.724332764,0.998933382,0.026735212,0.037635498,0.000946279
1718187012678618368.000000000,-0.070842529,-0.055918171,0.736066895,0.998892568,0.026653396,0.038748162,0.001347068
1718187012688618496.000000000,-0.070229599,-0.056742859,0.747883301,0.998842798,0.027105942,0.039676447,0.002028099
1718187012698618368.000000000,-0.069700554,-0.057523975,0.759706421,0.998802790,0.027363374,0.040475047,0.002450232
1718187012708618240.000000000,-0.069254707,-0.058346825,0.771658447,0.998783197,0.028204555,0.040398731,0.002137966
1718187012718618368.000000000,-0.068903542,-0.059138062,0.783623657,0.998758434,0.028865720,0.040563054,0.001731708
1718187012728618496.000000000,-0.068540390,-0.059912090,0.795612915,0.998742334,0.030106568,0.040082696,0.000850198
1718187012738618368.000000000,-0.068199287,-0.060652515,0.807657898,0.998697341,0.031830943,0.039878739,-0.000312339
1718187012748618240.000000000,-0.067819054,-0.061315193,0.819808716,0.998686472,0.032583713,0.039493065,-0.001982261
1718187012758618368.000000000,-0.067255280,-0.061875961,0.831975769,0.998637660,0.033117272,0.040211917,-0.003011850
1718187012768618496.000000000,-0.066661301,-0.062378933,0.844218018,0.998613170,0.032880618,0.040834598,-0.004810152
1718187012778618368.000000000,-0.065929604,-0.062811836,0.856557434,0.998562491,0.032635581,0.042141591,-0.005653053
1718187012788618240.000000000,-0.065093925,-0.063223900,0.868928223,0.998527029,0.031772101,0.043516434,-0.006373816
1718187012798618368.000000000,-0.064313873,-0.063542538,0.881300476,0.998489692,0.030963249,0.044789351,-0.007316174
1718187012808618496.000000000,-0.063491718,-0.063975090,0.893686523,0.998466017,0.030044731,0.045914044,-0.007404500
1718187012818618368.000000000,-0.062801792,-0.064342117,0.905921509,0.998455619,0.029730160,0.046190249,-0.008303907
1718187012828618240.000000000,-0.062152302,-0.064840454,0.918099548,0.998463487,0.029582598,0.046045305,-0.008681284
1718187012838618368.000000000,-0.061613426,-0.065323822,0.930140259,0.998475951,0.029841280,0.045368919,-0.009845497
1718187012848618496.000000000,-0.061176647,-0.065849876,0.942096558,0.998482676,0.030548326,0.044374365,-0.011404437
1718187012858618368.000000000,-0.060720161,-0.066428734,0.953931213,0.998490941,0.031412165,0.043144334,-0.012949227
1718187012868618240.000000000,-0.060260738,-0.067007050,0.965695923,0.998488579,0.032019878,0.042311361,-0.014319016
1718187012878618368.000000000,-0.059791073,-0.067583733,0.977404724,0.998448045,0.033323961,0.041422220,-0.016589617
1718187012888618496.000000000,-0.059187401,-0.068186630,0.989042908,0.998400232,0.034593705,0.040778024,-0.018368596
1718187012898618368.000000000,-0.058498592,-0.068789558,1.000584106,0.998338463,0.035720814,0.040536732,-0.020027744
1718187012908618240.000000000,-0.057693207,-0.069417305,1.012060425,0.998244223,0.036963466,0.040900278,-0.021664286
1718187012918618368.000000000,-0.056742500,-0.070040802,1.023427979,0.998158211,0.038208289,0.041311728,-0.022663907
1718187012928618496.000000000,-0.055739616,-0.070613617,1.034664917,0.998023056,0.039922192,0.042278272,-0.023848394
1718187012938618368.000000000,-0.054620087,-0.071219948,1.045806885,0.997896129,0.040917232,0.043729186,-0.024836565
1718187012948618240.000000000,-0.053552658,-0.071821274,1.056881836,0.997756769,0.041405043,0.045511119,-0.026377836
1718187012958618368.000000000,-0.052586079,-0.072327606,1.067782104,0.997585004,0.042940998,0.046804347,-0.028099533
1718187012968618496.000000000,-0.051659500,-0.072893700,1.078552734,0.997430504,0.043846072,0.048122798,-0.029901638
1718187012978618368.000000000,-0.050886814,-0.073458977,1.089206299,0.997303610,0.044759924,0.048629726,-0.031893694
1718187012988618240.000000000,-0.050246334,-0.074031235,1.099725220,0.997158398,0.045890884,0.049177791,-0.033921993
1718187012998618368.000000000,-0.049740719,-0.074605499,1.110126587,0.997050287,0.046563483,0.049198981,-0.036083612
1718187013008618496.000000000,-0.049343243,-0.075185547,1.120328247,0.996981399,0.047200063,0.048152749,-0.038490995
1718187013018618368.000000000,-0.049034771,-0.075759407,1.130429932,0.996921853,0.047304414,0.047552750,-0.040593687
1718187013028618240.000000000,-0.048808170,-0.076369331,1.140380859,0.996915644,0.047420560,0.046092830,-0.042260394
1718187013038618368.000000000,-0.048590458,-0.076979118,1.150200439,0.996910709,0.047503563,0.044719154,-0.043733817
1718187013048618496.000000000,-0.048316978,-0.077587814,1.159896362,0.996903075,0.047564655,0.043646945,-0.044908877
1718187013058618368.000000000,-0.047959499,-0.078217140,1.169428345,0.996906485,0.047628750,0.042610588,-0.045752601
1718187013068618240.000000000,-0.047500130,-0.078810226,1.178853882,0.996885646,0.047412080,0.042269858,-0.046737167
1718187013078618368.000000000,-0.046858192,-0.079352638,1.188134766,0.996830778,0.047316332,0.042371451,-0.047898075
1718187013088618496.000000000,-0.046128147,-0.079868042,1.197297729,0.996788869,0.046969507,0.042292236,-0.049164853
1718187013098618368.000000000,-0.045236198,-0.080262390,1.206232056,0.996649648,0.047346048,0.042272603,-0.051583510
1718187013108618240.000000000,-0.044300724,-0.080675240,1.215066162,0.996513454,0.046604475,0.043196116,-0.054065289
1718187013118618368.000000000,-0.043367371,-0.081027748,1.223755371,0.996316835,0.046349271,0.043805159,-0.057320309
1718187013128618496.000000000,-0.042434280,-0.081418022,1.232338135,0.996161726,0.045738079,0.043816511,-0.060414880
1718187013138618368.000000000,-0.041474190,-0.081851608,1.240703491,0.995938098,0.045927005,0.043873247,-0.063821267
1718187013148618240.000000000,-0.040535511,-0.082314972,1.248886719,0.995667945,0.046952080,0.043752863,-0.067279508
1718187013158618368.000000000,-0.039606766,-0.082847023,1.256935791,0.995440856,0.047659993,0.043683180,-0.070127074
1718187013168618496.000000000,-0.038641739,-0.083482307,1.264825806,0.995198133,0.048712154,0.043486180,-0.072916074
1718187013178618368.000000000,-0.037557980,-0.084167412,1.272535645,0.994995939,0.049539476,0.043596711,-0.075021660
1718187013188618240.000000000,-0.036410213,-0.084842903,1.280129395,0.994782339,0.050745145,0.043906457,-0.076845633
1718187013198618368.000000000,-0.035132221,-0.085477692,1.287500732,0.994537275,0.051954463,0.044797736,-0.078673408
1718187013208618496.000000000,-0.033765625,-0.086121078,1.294776978,0.994275777,0.052602067,0.046344239,-0.080628241
1718187013218618368.000000000,-0.032308430,-0.086720856,1.301893433,0.994023234,0.053237770,0.047950083,-0.082367101
1718187013228618240.000000000,-0.030786394,-0.087215912,1.308748535,0.993729350,0.053632822,0.049811362,-0.084524121
1718187013238618368.000000000,-0.029293753,-0.087664680,1.315474487,0.993395929,0.054335860,0.051708562,-0.086823771
1718187013248618496.000000000,-0.027814207,-0.088058434,1.321957886,0.993003503,0.054955636,0.053569038,-0.089745634
1718187013258618368.000000000,-0.026505320,-0.088444679,1.328318848,0.992664725,0.054360084,0.055480369,-0.092648008
1718187013268618240.000000000,-0.025260406,-0.088925514,1.334294922,0.992284772,0.054333507,0.055151753,-0.096835355
1718187013278618368.000000000,-0.024116793,-0.089261971,1.340332275,0.991974504,0.054626853,0.056637920,-0.098967854
1718187013288618496.000000000,-0.022992197,-0.089507881,1.346055054,0.991790352,0.053836459,0.056347559,-0.101382867
1718187013298618368.000000000,-0.021902569,-0.089837273,1.351673218,0.991660074,0.052936340,0.056266001,-0.103160931
1718187013308618240.000000000,-0.020784718,-0.090113319,1.357070679,0.991511560,0.053168119,0.056212586,-0.104489819
1718187013318618368.000000000,-0.019593349,-0.090407364,1.362364990,0.991404390,0.052560861,0.057085550,-0.105337228
1718187013328618240.000000000,-0.018173334,-0.090878960,1.367639648,0.991392165,0.051057718,0.057257454,-0.106095567
1718187013338618368.000000000,-0.016760132,-0.091272026,1.372571533,0.991359868,0.050253715,0.059348151,-0.105631312
1718187013348618240.000000000,-0.015019669,-0.091474159,1.377410522,0.991146510,0.049876819,0.062210430,-0.106163837
1718187013358618368.000000000,-0.013234947,-0.091682419,1.382218506,0.990974522,0.048792415,0.065435231,-0.106334506
1718187013368618496.000000000,-0.011290925,-0.091938812,1.386886841,0.990631141,0.048357244,0.068380533,-0.107868545
1718187013378618368.000000000,-0.009465412,-0.092126633,1.391447632,0.990240169,0.048017998,0.071711125,-0.109435796
1718187013388618240.000000000,-0.007580194,-0.092354576,1.395795166,0.989827724,0.048480683,0.074285641,-0.111231041
1718187013398618368.000000000,-0.005699335,-0.092682129,1.400017090,0.989469408,0.048251029,0.076160231,-0.113233158
1718187013408618496.000000000,-0.004051352,-0.092852585,1.403993774,0.988893376,0.050371800,0.079103751,-0.115304683
1718187013418618368.000000000,-0.002549831,-0.093158417,1.407980713,0.988477551,0.051450292,0.080517984,-0.117396133
1718187013428618240.000000000,-0.000928827,-0.093636047,1.411802612,0.988156799,0.052410202,0.080435193,-0.119705850
1718187013438618368.000000000,0.000529454,-0.093869545,1.415370483,0.987693910,0.055451289,0.081761278,-0.121247635
1718187013448618496.000000000,0.002009207,-0.094185471,1.418996704,0.987359966,0.056765953,0.082947525,-0.122546446
1718187013458618368.000000000,0.003781674,-0.094694496,1.422542969,0.987096915,0.057658003,0.083688283,-0.123739671
1718187013468618240.000000000,0.005536674,-0.094963089,1.425966309,0.986775479,0.059102508,0.084999331,-0.124724345
1718187013478618368.000000000,0.007282740,-0.095050758,1.429217285,0.986245257,0.061251063,0.088341476,-0.125556297
1718187013488618496.000000000,0.009337192,-0.095145309,1.432363647,0.986022323,0.063200764,0.089488242,-0.125528871
1718187013498618368.000000000,0.011184485,-0.095406563,1.435718506,0.985572472,0.062206669,0.092724072,-0.127198584
1718187013508618240.000000000,0.013094849,-0.095368156,1.438749634,0.985191450,0.062805020,0.095442826,-0.127843668
1718187013518618368.000000000,0.014938169,-0.095317001,1.441729248,0.984779605,0.063480575,0.098225077,-0.128573636
1718187013528618496.000000000,0.016551579,-0.095084152,1.444622559,0.984446973,0.063639136,0.099737757,-0.129871467
1718187013538618368.000000000,0.018096390,-0.094957207,1.447382690,0.984154354,0.064631815,0.101342335,-0.130355925
1718187013548618240.000000000,0.019273335,-0.094904427,1.450103882,0.983920566,0.064969431,0.101806522,-0.131585425
1718187013558618368.000000000,0.020307203,-0.094887428,1.452825562,0.983824199,0.065836384,0.101112173,-0.132407875
1718187013568618496.000000000,0.021311066,-0.094836578,1.455386230,0.983868037,0.066787540,0.100404590,-0.132143966
1718187013578618368.000000000,0.022249521,-0.094576889,1.457755615,0.983840139,0.068145516,0.100014869,-0.131953760
1718187013588618240.000000000,0.023177303,-0.094653618,1.460376099,0.984174267,0.067933434,0.098234722,-0.130904544
1718187013598618368.000000000,0.024329853,-0.094337349,1.462766479,0.984221843,0.068844754,0.097441781,-0.130663164
1718187013608618496.000000000,0.025409500,-0.094123024,1.465163696,0.984201320,0.068643407,0.098199691,-0.130355914
1718187013618618368.000000000,0.026739286,-0.093859581,1.467575317,0.984407937,0.067767013,0.097995709,-0.129404351
1718187013628618240.000000000,0.028126505,-0.093406853,1.469879395,0.984307860,0.067879719,0.100193082,-0.128420120
1718187013638618368.000000000,0.029451447,-0.093259483,1.472312134,0.984219050,0.066942929,0.099916875,-0.129800324
1718187013648618240.000000000,0.030823793,-0.092895531,1.474678833,0.984176109,0.065852768,0.101631437,-0.129351656
1718187013658618368.000000000,0.032133907,-0.092506035,1.476818970,0.983942313,0.066308342,0.102511002,-0.130200705
1718187013668618240.000000000,0.033360394,-0.092201714,1.479109863,0.983912936,0.066016724,0.101626592,-0.131259901
1718187013678618368.000000000,0.034493389,-0.091779305,1.481173218,0.983814427,0.066202994,0.102200185,-0.131458965
1718187013688618496.000000000,0.035561501,-0.091585144,1.483376587,0.983668368,0.066839520,0.102927837,-0.131661993
1718187013698618368.000000000,0.036378284,-0.091516167,1.485621582,0.983724564,0.066702959,0.101420764,-0.132478397
1718187013708618240.000000000,0.037393871,-0.091262039,1.487554688,0.983691556,0.067173633,0.101010422,-0.132798799
1718187013718618368.000000000,0.038226128,-0.091095802,1.489695801,0.983601747,0.067002739,0.099984704,-0.134317891
1718187013728618496.000000000,0.039211044,-0.091505363,1.491869629,0.983789572,0.066831008,0.096697641,-0.135429909
1718187013738618368.000000000,0.040154049,-0.091300690,1.493705444,0.983730821,0.066786498,0.095419122,-0.136778753
1718187013748618240.000000000,0.041142250,-0.091184761,1.495470337,0.983492643,0.067760137,0.095732080,-0.137790255
1718187013758618368.000000000,0.042388691,-0.091209770,1.497264038,0.983667772,0.067463986,0.094785184,-0.137339338
1718187013768618496.000000000,0.043411869,-0.091198921,1.498766479,0.983074732,0.068093425,0.098946178,-0.138336585
1718187013778618368.000000000,0.044647957,-0.091263031,1.500288208,0.982832675,0.068199003,0.099948574,-0.139280693
1718187013788618240.000000000,0.045949833,-0.091273788,1.501617798,0.982583562,0.068718518,0.104550136,-0.137392059
1718187013798618368.000000000,0.046946323,-0.091457268,1.503102905,0.982145382,0.069242721,0.104780277,-0.140060660
1718187013808618496.000000000,0.048323734,-0.091561501,1.504321655,0.981587284,0.069800480,0.107908362,-0.141315543
1718187013818618368.000000000,0.049529243,-0.092461708,1.505846802,0.981454304,0.068629921,0.112361132,-0.139328239
1718187013828618240.000000000,0.050747013,-0.092837585,1.506885132,0.980961235,0.069582268,0.112514834,-0.142175157
1718187013838618368.000000000,0.051784317,-0.093542343,1.508186035,0.980351056,0.070109173,0.112947124,-0.145737632
1718187013848618496.000000000,0.052785339,-0.094258980,1.509255371,0.979874891,0.071654422,0.110248803,-0.150186694
1718187013858618368.000000000,0.053712273,-0.094791107,1.510005371,0.979036716,0.074661092,0.111194221,-0.153455775
1718187013868618240.000000000,0.054520012,-0.095488358,1.510911011,0.978305410,0.075656450,0.111813460,-0.157138078
1718187013878618368.000000000,0.055035435,-0.095982391,1.511603027,0.977622848,0.081262916,0.103924422,-0.163858538
1718187013888618496.000000000,0.055634987,-0.097169083,1.512490845,0.976989866,0.082652808,0.105889791,-0.165670355
1718187013898618368.000000000,0.056039474,-0.098031593,1.513217163,0.976454038,0.083013104,0.103172180,-0.170299259
1718187013908618240.000000000,0.056512085,-0.098812958,1.513671509,0.975531211,0.085717892,0.101620773,-0.175112874
1718187013918618368.000000000,0.057000397,-0.099420151,1.513774048,0.974318826,0.090029866,0.102043964,-0.179400330
1718187013928618496.000000000,0.057397369,-0.100164810,1.514005493,0.973173782,0.094605953,0.100083371,-0.184298191
1718187013938618368.000000000,0.057757435,-0.100853195,1.513979004,0.972005577,0.095935462,0.103544932,-0.187829691
1718187013948618240.000000000,0.057982403,-0.101754990,1.514225708,0.971332540,0.096441508,0.101230792,-0.192261436
1718187013958618368.000000000,0.058328442,-0.102482552,1.514113525,0.970178209,0.099839792,0.101052554,-0.196404276
1718187013968618496.000000000,0.058446651,-0.103464592,1.514091553,0.969667975,0.099924269,0.098807220,-0.199990731
1718187013978618368.000000000,0.058628777,-0.104420021,1.513984131,0.968946776,0.101130474,0.097803227,-0.203345277
1718187013988618240.000000000,0.058885715,-0.105419937,1.513759155,0.968200967,0.101633801,0.096719729,-0.207129795
1718187013998618368.000000000,0.059170380,-0.106296478,1.513445435,0.967794146,0.101971452,0.093769408,-0.210198981
1718187014008618496.000000000,0.059368244,-0.107383415,1.512892212,0.966939193,0.102338356,0.096114733,-0.212878875
1718187014018618368.000000000,0.059513775,-0.108550850,1.512323364,0.966315077,0.102327231,0.095324682,-0.216049798
1718187014028618240.000000000,0.059473866,-0.109889633,1.511751831,0.965727451,0.103409423,0.094014269,-0.218719683
1718187014038618368.000000000,0.059556759,-0.110987671,1.511024414,0.965128375,0.103971086,0.091205532,-0.222258370
1718187014048618496.000000000,0.059211655,-0.112558098,1.510453125,0.964507691,0.102030565,0.090240207,-0.226210927
1718187014058618368.000000000,0.059235344,-0.113565353,1.509254028,0.963219488,0.104152955,0.089569297,-0.230949606
1718187014068618240.000000000,0.058889301,-0.115042557,1.508459229,0.962246779,0.104757076,0.088161411,-0.235233197
1718187014078618368.000000000,0.058913582,-0.116020996,1.507192627,0.960749415,0.105735987,0.085821316,-0.241692294
1718187014088618496.000000000,0.058396202,-0.117775505,1.506322144,0.959688706,0.105480152,0.084959563,-0.246279104
1718187014098618368.000000000,0.058130138,-0.119236351,1.505463867,0.958652067,0.103384730,0.082923015,-0.251836425
1718187014108618240.000000000,0.057430565,-0.121344589,1.504608276,0.957360023,0.101841684,0.082100287,-0.257584161
1718187014118618368.000000000,0.056809849,-0.123456200,1.503795288,0.956236147,0.101364613,0.082745956,-0.261707383
1718187014128618496.000000000,0.056525875,-0.125084702,1.502199219,0.954558857,0.103876779,0.081566340,-0.267159009
1718187014138618368.000000000,0.055538258,-0.127641502,1.501290894,0.953267374,0.103759600,0.082818191,-0.271397139
1718187014148618240.000000000,0.054954559,-0.129604675,1.499842163,0.951951351,0.105230885,0.081178711,-0.275907780
1718187014158618368.000000000,0.054110058,-0.132048187,1.498637207,0.949661269,0.110752406,0.079733455,-0.281992828
1718187014168618496.000000000,0.053390587,-0.133834274,1.497113159,0.948812622,0.108112490,0.079365664,-0.285949978
1718187014178618368.000000000,0.052773479,-0.135679352,1.495653442,0.947580998,0.109122584,0.081159788,-0.289129042
1718187014188618496.000000000,0.051277607,-0.138365204,1.494804810,0.946284522,0.106599617,0.077492688,-0.295257530
1718187014198618368.000000000,0.050288940,-0.140531281,1.493681274,0.945032962,0.105304405,0.078607731,-0.299406928
1718187014208618496.000000000,0.049284817,-0.142645309,1.492421387,0.944108552,0.106161945,0.077166165,-0.302380666
1718187014218618368.000000000,0.047862839,-0.145341187,1.491636841,0.942754449,0.103773625,0.075468478,-0.307814216
1718187014228618240.000000000,0.046695747,-0.147669052,1.490604004,0.941621796,0.102965863,0.074968338,-0.311650723
1718187014238618368.000000000,0.045349792,-0.150466080,1.489880981,0.940333740,0.103600035,0.074873245,-0.315330758
1718187014248618240.000000000,0.044209606,-0.153068527,1.489104004,0.939280716,0.104015007,0.076590504,-0.317909593
1718187014258618368.000000000,0.042655167,-0.156178009,1.488602539,0.937817148,0.103996926,0.076340376,-0.322266633
1718187014268618240.000000000,0.041522636,-0.158693878,1.487667358,0.936734288,0.106678280,0.076688014,-0.324449636
1718187014278618368.000000000,0.040157951,-0.161582870,1.486954956,0.935266978,0.108999509,0.074341332,-0.328432875
1718187014288618240.000000000,0.038562855,-0.164593262,1.486531006,0.933961107,0.107517779,0.075931510,-0.332251385
1718187014298618368.000000000,0.037326984,-0.167111038,1.485630005,0.932822764,0.110646809,0.073672352,-0.334919929
1718187014308618240.000000000,0.035657143,-0.170121567,1.485360962,0.931489244,0.109065278,0.075358286,-0.338753129
1718187014318618368.000000000,0.034280357,-0.172588409,1.484478149,0.930593183,0.109614662,0.073223102,-0.341495727
1718187014328618496.000000000,0.032891880,-0.175175049,1.484059448,0.929652539,0.110275373,0.075033206,-0.343446527
1718187014338618368.000000000,0.031428169,-0.177720978,1.483460449,0.928681149,0.107841431,0.074176901,-0.347014893
1718187014348618240.000000000,0.029849082,-0.180547975,1.483212572,0.927576460,0.108446288,0.073730107,-0.349864523
1718187014358618368.000000000,0.028425920,-0.183107422,1.482820801,0.927085970,0.108583900,0.074338061,-0.350991445
1718187014368618496.000000000,0.027364027,-0.184968872,1.481804565,0.927504528,0.104981365,0.074971595,-0.350846865
1718187014378618368.000000000,0.026232189,-0.187119781,1.481112549,0.927270275,0.103798675,0.075251327,-0.351756891
1718187014388618240.000000000,0.024739906,-0.189757721,1.480887329,0.927123335,0.100481898,0.076310103,-0.352877426
1718187014398618368.000000000,0.023567089,-0.192028900,1.480442749,0.927143407,0.098491288,0.077145747,-0.353204052
1718187014408618496.000000000,0.022720102,-0.193946213,1.479763184,0.927282214,0.097835625,0.078498712,-0.352723459
1718187014418618368.000000000,0.021479416,-0.196315125,1.479506836,0.926929562,0.094286116,0.078711298,-0.354564869
1718187014428618240.000000000,0.020574026,-0.198198105,1.479008301,0.927039384,0.094061359,0.079796717,-0.354094515
1718187014438618368.000000000,0.019185600,-0.200762772,1.479237793,0.925983377,0.095782233,0.080105175,-0.356319675
1718187014448618496.000000000,0.019191948,-0.202135239,1.480571289,0.935138115,0.069373601,0.042713273,-0.344789191
1718187014458618368.000000000,0.018131721,-0.203932327,1.480153931,0.934843757,0.068337758,0.043969822,-0.345635293
1718187014468618240.000000000,0.016996313,-0.205543121,1.479816528,0.934895771,0.066166102,0.043224545,-0.346010957
1718187014478618368.000000000,0.015911862,-0.207168930,1.479434692,0.934604671,0.065278450,0.044162017,-0.346846578
1718187014488618496.000000000,0.014667112,-0.208842667,1.479336914,0.934442142,0.063903679,0.042177025,-0.347786288
1718187014498618368.000000000,0.013572187,-0.210384598,1.479106812,0.934120843,0.062515766,0.041112174,-0.349026961
1718187014508618496.000000000,0.012505059,-0.211716400,1.478810303,0.934166236,0.060940999,0.041380057,-0.349152302
1718187014518618368.000000000,0.011502048,-0.213146149,1.478608398,0.933831259,0.059702684,0.041466082,-0.350250387
1718187014528618496.000000000,0.010527819,-0.214461029,1.478572632,0.933955191,0.057177791,0.039207339,-0.350601177
1718187014538618368.000000000,0.009740116,-0.215646790,1.478262329,0.933963082,0.056090260,0.040929813,-0.350558975
1718187014548618240.000000000,0.008885124,-0.216840698,1.478225708,0.934320303,0.055125521,0.040441771,-0.349815968
1718187014558618368.000000000,0.008155694,-0.218019699,1.478067139,0.934253170,0.054537776,0.041632071,-0.349947734
1718187014568618240.000000000,0.005274768,-0.221159058,1.476165894,0.927073704,0.053353573,0.090908767,-0.359754556
1718187014578618368.000000000,0.004824090,-0.222015549,1.476415283,0.928159869,0.050421253,0.083058973,-0.359274493
1718187014588618240.000000000,0.004698486,-0.222503815,1.476004150,0.927404822,0.057621466,0.084530299,-0.359798125
1718187014598618368.000000000,0.004046552,-0.223600372,1.476185791,0.927475553,0.054705829,0.081912393,-0.360675381
1718187014608618240.000000000,0.003547643,-0.224292816,1.475812256,0.927948897,0.054291438,0.085404872,-0.358705020
1718187014618618368.000000000,0.003069202,-0.225118134,1.475761353,0.927862923,0.054632078,0.085199499,-0.358924474
1718187014628618240.000000000,0.002529061,-0.225912949,1.475692017,0.927990163,0.053521497,0.085184335,-0.358766409
1718187014638618368.000000000,0.001873551,-0.226744415,1.475740967,0.928271852,0.051214584,0.083451668,-0.358781625
1718187014648618240.000000000,0.001866830,-0.227290573,1.475484131,0.925813927,0.057573900,0.074663602,-0.366031645
1718187014658618368.000000000,0.001077666,-0.228223846,1.475642090,0.926323475,0.053908392,0.078126306,-0.364575076
1718187014668618240.000000000,0.001017817,-0.227235229,1.474356323,0.927260768,0.067309668,0.081910180,-0.359092745
1718187014678618368.000000000,0.000319873,-0.227845917,1.474323975,0.927339350,0.065715118,0.084076913,-0.358684159
1718187014688618496.000000000,-0.000287239,-0.228397217,1.474157715,0.926945583,0.066705539,0.083197745,-0.359722662
1718187014698618368.000000000,-0.000627200,-0.228449615,1.473458252,0.926798307,0.068936745,0.080400647,-0.360317026
1718187014708618240.000000000,-0.001292913,-0.228860947,1.473209473,0.926414309,0.070337011,0.079229182,-0.361292083
1718187014718618368.000000000,-0.002035951,-0.229338715,1.473182007,0.926107898,0.069906271,0.080338888,-0.361915649
1718187014728618496.000000000,-0.002811055,-0.229698639,1.472914551,0.925674505,0.069044011,0.079354218,-0.363404106
1718187014738618368.000000000,-0.003436024,-0.229946457,1.472608765,0.925318819,0.069590314,0.078183821,-0.364457902
1718187014748618240.000000000,-0.003885356,-0.229912125,1.472092041,0.925246631,0.068552262,0.076999797,-0.365089429
1718187014758618368.000000000,-0.004222734,-0.229832489,1.471503418,0.925409067,0.071200505,0.075390909,-0.364506184
1718187014768618496.000000000,-0.004463240,-0.229680649,1.471016479,0.925378736,0.069911869,0.077612284,-0.364366379
1718187014778618368.000000000,-0.004934175,-0.230016266,1.470986084,0.925393884,0.069160883,0.077444087,-0.364506989
1718187014788618240.000000000,-0.005188690,-0.230090485,1.470753784,0.925447158,0.068121448,0.077888117,-0.364472863
1718187014798618368.000000000,-0.005541446,-0.230246567,1.470634033,0.925221985,0.066343352,0.078256597,-0.365292681
1718187014808618496.000000000,-0.005766997,-0.230480453,1.470720337,0.924623875,0.068016264,0.078253638,-0.366498085
1718187014818618368.000000000,-0.005888795,-0.230253052,1.470400635,0.924654339,0.066397874,0.078550839,-0.366654390
1718187014828618496.000000000,-0.005858710,-0.229704330,1.469687500,0.924577452,0.065377772,0.075565229,-0.367657692
1718187014838618368.000000000,-0.006025993,-0.229377792,1.469398315,0.924657593,0.063589300,0.075760782,-0.367729575
1718187014848618496.000000000,-0.006411304,-0.229311615,1.469534180,0.924752888,0.061268288,0.079014843,-0.367198784
1718187014858618368.000000000,-0.006253517,-0.228223709,1.468411255,0.925426368,0.058649982,0.076233847,-0.366516872
1718187014868618496.000000000,-0.006673807,-0.228037918,1.468350708,0.925376426,0.054668879,0.078288835,-0.366825084
1718187014878618368.000000000,-0.006845427,-0.227430649,1.467792969,0.925556944,0.054880939,0.075866220,-0.366847029
1718187014888618240.000000000,-0.007029911,-0.227031342,1.467495972,0.925332398,0.054558673,0.075377095,-0.367561692
1718187014898618368.000000000,-0.007030688,-0.226449585,1.467068359,0.925374095,0.054859335,0.075025533,-0.367483888
1718187014908618240.000000000,-0.007073033,-0.225887314,1.466652222,0.925351126,0.053426772,0.075460468,-0.367663694
1718187014918618368.000000000,-0.007331032,-0.225962814,1.466943115,0.924289444,0.054730850,0.072836392,-0.370659437
1718187014928618240.000000000,-0.007306854,-0.225442917,1.466611572,0.923991489,0.054536086,0.073314659,-0.371336108
1718187014938618368.000000000,-0.007268253,-0.224925125,1.466283936,0.923663713,0.054676328,0.073750175,-0.372044024
1718187014948618240.000000000,-0.007160572,-0.224329407,1.465915527,0.923264110,0.055886879,0.074154426,-0.372774947
1718187014958618368.000000000,-0.006832801,-0.223210327,1.464944458,0.923482176,0.054095055,0.076784859,-0.371965698
1718187014968618240.000000000,-0.006917820,-0.222667038,1.464665161,0.923366874,0.053840389,0.077268435,-0.372188684
1718187014978618368.000000000,-0.007169297,-0.222471024,1.464838745,0.922355971,0.055527760,0.074861538,-0.374929168
1718187014988618240.000000000,-0.006890193,-0.220889725,1.463504517,0.922351442,0.054347014,0.076053241,-0.374873476
1718187014998618368.000000000,-0.011646253,-0.218827889,1.461746431,0.906236185,0.075132856,0.103237463,-0.403029847
1718187015008618496.000000000,-0.018637316,-0.216742793,1.460532527,0.878796642,0.107094084,0.141006164,-0.443130434
1718187015018618368.000000000,-0.022368858,-0.214762512,1.460558594,0.860076978,0.122304874,0.168200353,-0.465851640
1718187015028618240.000000000,-0.021836370,-0.213280075,1.460986938,0.858814400,0.118437599,0.176147608,-0.466242835
1718187015038618368.000000000,-0.025098572,-0.213270386,1.458370361,0.847592901,0.150553182,0.170269429,-0.479508430
1718187015048618496.000000000,-0.017348690,-0.214018340,1.458882456,0.887476365,0.106796534,0.122882045,-0.431138266
1718187015058618368.000000000,-0.007810238,-0.214158051,1.460447510,0.924110802,0.052207516,0.072561780,-0.371521722
1718187015068618240.000000000,-0.008047433,-0.212877045,1.460047729,0.924308774,0.051247520,0.074838105,-0.370710453
1718187015078618368.000000000,-0.009226336,-0.211351242,1.460576172,0.921866021,0.045645293,0.076765817,-0.377076327
1718187015088618496.000000000,-0.009342113,-0.209811508,1.459981812,0.922253600,0.045653990,0.076601918,-0.376159750
1718187015098618368.000000000,-0.009559840,-0.208345856,1.459367310,0.922347860,0.046434630,0.073520661,-0.376447823
1718187015108618240.000000000,-0.010032259,-0.207074997,1.459152832,0.922486880,0.044145373,0.077093222,-0.375667109
1718187015118618368.000000000,-0.010202929,-0.205438843,1.458643311,0.922742843,0.044637087,0.076830273,-0.375033713
1718187015128618496.000000000,-0.010409069,-0.203582458,1.457824463,0.922762065,0.045397465,0.074357184,-0.375393461
1718187015138618368.000000000,-0.010892786,-0.202157074,1.457740356,0.922632620,0.044410025,0.076813732,-0.375335114
1718187015148618240.000000000,-0.011253643,-0.200325211,1.457199585,0.922419931,0.044205671,0.076553898,-0.375934608
1718187015158618368.000000000,-0.011764398,-0.198556274,1.456748047,0.921844535,0.043991785,0.076889700,-0.377300080
1718187015168618496.000000000,-0.012180315,-0.196457123,1.456198975,0.921888349,0.044903482,0.076424777,-0.377180068
1718187015178618368.000000000,-0.012705636,-0.194344742,1.455657959,0.921591348,0.044995450,0.075774830,-0.378025093
1718187015188618496.000000000,-0.013286183,-0.192148438,1.455112549,0.921213189,0.045010442,0.074963848,-0.379105186
1718187015198618368.000000000,-0.014033579,-0.189955826,1.454592651,0.920907634,0.044808274,0.075323746,-0.379799527
1718187015208618496.000000000,-0.014491751,-0.187235077,1.453615723,0.920881556,0.046184770,0.071307876,-0.380472488
1718187015218618368.000000000,-0.015427874,-0.185158234,1.453416260,0.920550585,0.044557236,0.074088394,-0.380935929
1718187015228618240.000000000,-0.016072086,-0.182386490,1.452448975,0.920478317,0.045658773,0.070766711,-0.381611082
1718187015238618368.000000000,-0.016959373,-0.179958435,1.452128418,0.920682452,0.043626006,0.073864109,-0.380768548
1718187015248618240.000000000,-0.017734838,-0.177234039,1.451472046,0.920674605,0.043128395,0.073642107,-0.380887192
1718187015258618368.000000000,-0.018403440,-0.174087479,1.450401245,0.920675779,0.043964401,0.070826948,-0.381322416
1718187015268618240.000000000,-0.019372244,-0.171357788,1.450065063,0.920828549,0.041981453,0.074116324,-0.380551062
1718187015278618368.000000000,-0.019729733,-0.167294647,1.448114136,0.920014200,0.047363300,0.066594357,-0.383269854
1718187015288618240.000000000,-0.020631617,-0.163982803,1.447324097,0.919891699,0.046267459,0.066775301,-0.383666058
1718187015298618368.000000000,-0.021624653,-0.160802887,1.446880615,0.919976642,0.045094112,0.068685436,-0.383264673
1718187015308618240.000000000,-0.022654509,-0.157239304,1.446018799,0.919520629,0.045126486,0.067332689,-0.384592931
1718187015318618368.000000000,-0.023730721,-0.153775208,1.445233398,0.919697427,0.044435257,0.067249406,-0.384265101
1718187015328618496.000000000,-0.024760889,-0.150075394,1.444544556,0.920241761,0.043941765,0.068944441,-0.382715151
1718187015338618368.000000000,-0.025978365,-0.146344742,1.443783447,0.919630633,0.042959748,0.068501460,-0.384371577
1718187015348618240.000000000,-0.027262030,-0.142631866,1.443089722,0.919841378,0.042699041,0.068361236,-0.383921049
1718187015358618368.000000000,-0.028594933,-0.138813141,1.442417480,0.919979168,0.041310345,0.069180687,-0.383595904
1718187015368618496.000000000,-0.029941845,-0.134760773,1.441636597,0.920333961,0.042206099,0.072370692,-0.382055662
1718187015378618368.000000000,-0.031385309,-0.130587708,1.440840576,0.920559511,0.042198164,0.072435808,-0.381500401
1718187015388618240.000000000,-0.032620480,-0.126151337,1.439980835,0.920781648,0.041591779,0.074602732,-0.380612286
1718187015398618368.000000000,-0.034174404,-0.122304611,1.439541748,0.920703726,0.040907339,0.073663379,-0.381057666
1718187015408618496.000000000,-0.035864128,-0.118303375,1.438899780,0.920940824,0.040215167,0.074370805,-0.380420454
1718187015418618368.000000000,-0.037376354,-0.114068275,1.438227661,0.921128845,0.039397044,0.076101654,-0.379707864
1718187015428618240.000000000,-0.038849808,-0.109962463,1.437681641,0.921330992,0.037876734,0.076005709,-0.379391207
1718187015438618368.000000000,-0.040375759,-0.105622368,1.437166382,0.921844642,0.037568269,0.078386720,-0.377685853
1718187015448618496.000000000,-0.042075226,-0.101558586,1.436749023,0.921570965,0.036040663,0.077901344,-0.378601913
1718187015458618368.000000000,-0.043604542,-0.097354774,1.436347168,0.921681065,0.034929239,0.078796880,-0.378252579
1718187015468618240.000000000,-0.045237484,-0.093078629,1.435959839,0.921742694,0.034579236,0.079550468,-0.377976726
1718187015478618368.000000000,-0.046923923,-0.088862373,1.435685303,0.921666774,0.034546962,0.079576235,-0.378159343
1718187015488618496.000000000,-0.048507477,-0.084523842,1.435349976,0.921834110,0.034402492,0.079788112,-0.377719736
1718187015498618368.000000000,-0.050246967,-0.080237617,1.435184692,0.921950095,0.034752589,0.079584007,-0.377447568
1718187015508618496.000000000,-0.051927765,-0.075912933,1.435051025,0.921832093,0.035384171,0.079330075,-0.377730448
1718187015518618368.000000000,-0.053530098,-0.071589378,1.434908569,0.922008351,0.036264117,0.080080954,-0.377057761
1718187015528618496.000000000,-0.055248837,-0.067255760,1.434953247,0.921963275,0.037607388,0.079258568,-0.377210131
1718187015538618368.000000000,-0.056783028,-0.062815853,1.434899658,0.922019059,0.039169640,0.080470645,-0.376657762
1718187015548618240.000000000,-0.058399750,-0.058429276,1.435063965,0.921981221,0.039860071,0.080223959,-0.376730566
1718187015558618368.000000000,-0.060033829,-0.054017105,1.435328857,0.921884392,0.040889956,0.079381135,-0.377035560
1718187015568618240.000000000,-0.061600670,-0.049580200,1.435675171,0.921715176,0.042232930,0.081433898,-0.376863416
1718187015578618368.000000000,-0.063180065,-0.044985718,1.435999634,0.921605875,0.043026074,0.081130823,-0.377106295
1718187015588618240.000000000,-0.064692940,-0.040407139,1.436423706,0.921266462,0.044005737,0.080892785,-0.377872940
1718187015598618368.000000000,-0.066200882,-0.035838047,1.436944092,0.921118390,0.044503106,0.080724354,-0.378211533
1718187015608618240.000000000,-0.067650116,-0.031168768,1.437492676,0.921124497,0.044696728,0.081292975,-0.378052000
1718187015618618368.000000000,-0.069081947,-0.026468575,1.438100464,0.920953552,0.044951545,0.081155425,-0.378467582
1718187015628618240.000000000,-0.070482574,-0.021812725,1.438744385,0.920924168,0.045000190,0.081595187,-0.378438747
1718187015638618368.000000000,-0.071846504,-0.017171612,1.439482300,0.921017902,0.044953535,0.081903486,-0.378149472
1718187015648618240.000000000,-0.072894798,-0.013002139,1.439673218,0.921018251,0.045116059,0.082061328,-0.378095041
1718187015658618368.000000000,-0.074239624,-0.008371835,1.440454102,0.921131380,0.044731073,0.082400039,-0.377791405
1718187015668618240.000000000,-0.075559456,-0.003720066,1.441272095,0.921279066,0.044064159,0.082624949,-0.377460395
1718187015678618368.000000000,-0.076911987,0.000923118,1.442128296,0.921476473,0.043140412,0.083221017,-0.376953944
1718187015688618496.000000000,-0.078316093,0.005529206,1.443020142,0.921656337,0.042005715,0.083099703,-0.376669026
1718187015698618368.000000000,-0.079760132,0.010106973,1.443913574,0.921860763,0.040955097,0.082992442,-0.376307943
1718187015708618240.000000000,-0.081248734,0.014663017,1.444806519,0.922083739,0.040189681,0.082494168,-0.375953560
1718187015718618368.000000000,-0.082764351,0.019205545,1.445697388,0.922423699,0.039436232,0.081761606,-0.375358953
1718187015728618496.000000000,-0.084304153,0.023652264,1.446547729,0.922739942,0.038957481,0.080947855,-0.374807630
1718187015738618368.000000000,-0.085850677,0.028098248,1.447277954,0.923026019,0.038956098,0.079048568,-0.374508630
1718187015748618240.000000000,-0.087362762,0.032460590,1.448080933,0.923308524,0.038712911,0.078201472,-0.374014986
1718187015758618368.000000000,-0.088838905,0.036770065,1.448841187,0.923540345,0.038695621,0.077316078,-0.373628296
1718187015768618496.000000000,-0.090227547,0.041020775,1.449606689,0.923670925,0.038571696,0.077290142,-0.373323559
1718187015778618368.000000000,-0.091538979,0.045290211,1.450258789,0.923687230,0.038902120,0.077118482,-0.373284430
1718187015788618240.000000000,-0.092791130,0.049487511,1.450945679,0.923668546,0.039012271,0.077504042,-0.373239312
1718187015798618368.000000000,-0.094009315,0.053639416,1.451607422,0.923598013,0.039034857,0.078472495,-0.373209135
1718187015808618496.000000000,-0.095221001,0.057736614,1.452257446,0.923612708,0.039211912,0.078901069,-0.373063820
1718187015818618368.000000000,-0.096456200,0.061739441,1.452857544,0.923672041,0.039577218,0.079744051,-0.372698929
1718187015828618496.000000000,-0.097753319,0.065694016,1.453426514,0.923751521,0.040207981,0.080187115,-0.372339190
1718187015838618368.000000000,-0.099119392,0.069577995,1.453987061,0.923980852,0.040481866,0.080630921,-0.371643993
1718187015848618496.000000000,-0.100502617,0.073440666,1.454470947,0.924175767,0.040593586,0.080657078,-0.371141144
1718187015858618368.000000000,-0.101945969,0.077227371,1.455083984,0.924340042,0.040117077,0.081213517,-0.370662207
1718187015868618496.000000000,-0.103387436,0.081074722,1.455544189,0.924381922,0.040034961,0.081001189,-0.370613103
1718187015878618368.000000000,-0.104820213,0.084983749,1.455835815,0.924352182,0.039823774,0.079933714,-0.370941655
1718187015888618240.000000000,-0.106208733,0.088845093,1.456224487,0.924270760,0.038822222,0.080178622,-0.371197773
1718187015898618368.000000000,-0.107562477,0.092655617,1.456611450,0.924168956,0.037389459,0.080262336,-0.371580042
1718187015908618240.000000000,-0.108893250,0.096422768,1.456989502,0.924015322,0.036398821,0.080662276,-0.371973665
1718187015918618368.000000000,-0.110197365,0.100086884,1.457293335,0.923933947,0.035460125,0.080892013,-0.372216501
1718187015928618240.000000000,-0.111554863,0.103657639,1.457621216,0.923903110,0.034425091,0.081418718,-0.372275367
1718187015938618368.000000000,-0.112937965,0.107102493,1.457891602,0.924087001,0.033965022,0.081508472,-0.371841312
1718187015948618240.000000000,-0.114344643,0.110459160,1.458197632,0.924235237,0.033588898,0.081819524,-0.371438525
1718187015958618368.000000000,-0.115852974,0.113723854,1.458476074,0.924445861,0.033801272,0.081774470,-0.370904650
1718187015968618240.000000000,-0.117409294,0.116865707,1.458769653,0.924727399,0.033924304,0.081844599,-0.370175419
1718187015978618368.000000000,-0.118971573,0.120022530,1.459033203,0.924982818,0.034230844,0.081423656,-0.369601440
1718187015988618240.000000000,-0.120599449,0.123150032,1.459354126,0.924994099,0.034694995,0.081426675,-0.369529256
1718187015998618368.000000000,-0.122210869,0.126259583,1.459600342,0.925053117,0.035583337,0.081187916,-0.369349534
1718187016008618496.000000000,-0.123900932,0.129364441,1.459934448,0.925029524,0.035820481,0.081237435,-0.369374813
1718187016018618368.000000000,-0.125580818,0.132515259,1.460207886,0.924943038,0.036247488,0.081217519,-0.369554070
1718187016028618240.000000000,-0.127322525,0.135681473,1.460497803,0.924727011,0.036914092,0.081135091,-0.370046485
1718187016038618368.000000000,-0.129125717,0.138825089,1.460797485,0.924545869,0.037503782,0.080975843,-0.370474445
1718187016048618496.000000000,-0.130974167,0.141947449,1.461057617,0.924507661,0.038454066,0.080610593,-0.370552024
1718187016058618368.000000000,-0.132933426,0.145028381,1.461345581,0.924461955,0.038900337,0.080706781,-0.370598532
1718187016068618240.000000000,-0.134936340,0.148133911,1.461621582,0.924438390,0.039947315,0.080112303,-0.370674917
1718187016078618368.000000000,-0.137034927,0.151192154,1.461830811,0.924551631,0.040889698,0.079674200,-0.370384038
1718187016088618496.000000000,-0.139197433,0.154228470,1.462104614,0.924748218,0.041542329,0.079432160,-0.369872276
1718187016098618368.000000000,-0.141286026,0.157344864,1.462315918,0.924796956,0.042380734,0.078986490,-0.369750723
1718187016108618240.000000000,-0.143616150,0.160365479,1.462488525,0.924938321,0.042879765,0.078505676,-0.369441859
1718187016118618368.000000000,-0.145862686,0.163442261,1.462672852,0.924986714,0.043493674,0.078242066,-0.369304831
1718187016128618496.000000000,-0.148137634,0.166535629,1.462816895,0.925032798,0.043912970,0.078160244,-0.369157081
1718187016138618368.000000000,-0.150419830,0.169693192,1.462874634,0.924932345,0.044485059,0.078070604,-0.369359199
1718187016148618240.000000000,-0.152741638,0.172867767,1.462963135,0.924761748,0.044375649,0.078352016,-0.369739736
1718187016158618368.000000000,-0.155113358,0.176034546,1.462994507,0.924573995,0.044828025,0.078261777,-0.370173569
1718187016168618496.000000000,-0.157505539,0.179216171,1.462963989,0.924544118,0.044886233,0.078278873,-0.370237517
1718187016178618368.000000000,-0.159986572,0.182367004,1.462922852,0.924487812,0.045083835,0.078608805,-0.370284201
1718187016188618496.000000000,-0.162546249,0.185507111,1.462857666,0.924473813,0.045244924,0.078691386,-0.370281962
1718187016198618368.000000000,-0.165140686,0.188630951,1.462743408,0.924602827,0.045405765,0.078709051,-0.369936229
1718187016208618496.000000000,-0.167845200,0.191752884,1.462586548,0.924663634,0.045495662,0.078733107,-0.369768045
1718187016218618368.000000000,-0.170561722,0.194951447,1.462459961,0.924449493,0.046034048,0.078846414,-0.370212431
1718187016228618240.000000000,-0.173399643,0.198071014,1.462247925,0.924587141,0.046266328,0.078560450,-0.369900394
1718187016238618368.000000000,-0.176323730,0.201174103,1.462041138,0.924717882,0.046636391,0.078207855,-0.369601701
1718187016248618240.000000000,-0.179263977,0.204297043,1.461772583,0.924765839,0.047131542,0.077498499,-0.369568320
1718187016258618368.000000000,-0.182337234,0.207433151,1.461543457,0.924837616,0.047280037,0.077456145,-0.369378570
1718187016268618240.000000000,-0.185574005,0.210663315,1.461501465,0.924119335,0.047066298,0.079314165,-0.370806530
1718187016278618368.000000000,-0.188729050,0.213928650,1.461238403,0.924021354,0.048381675,0.078853770,-0.370979561
1718187016288618240.000000000,-0.191962158,0.217050461,1.460958740,0.923912479,0.049227625,0.078452331,-0.371224465
1718187016298618368.000000000,-0.195310181,0.220071609,1.460522095,0.924036951,0.050767951,0.077206935,-0.370968216
1718187016308618240.000000000,-0.198801224,0.223261978,1.460287720,0.923710978,0.051444895,0.076514488,-0.371829242
1718187016318618368.000000000,-0.202348373,0.226356949,1.459989502,0.923644107,0.052710161,0.075663190,-0.371992317
1718187016328618496.000000000,-0.205930527,0.229444000,1.459651245,0.923633910,0.053945301,0.074461895,-0.372082962
1718187016338618368.000000000,-0.209592148,0.232505615,1.459313843,0.923621606,0.055351516,0.073155075,-0.372166192
1718187016348618240.000000000,-0.213232788,0.235582916,1.458991699,0.923558421,0.056916523,0.072458773,-0.372223157
1718187016358618368.000000000,-0.216846161,0.238783569,1.458718140,0.923285179,0.058394706,0.072145778,-0.372732510
1718187016368618496.000000000,-0.220504791,0.241910629,1.458399658,0.923091018,0.059786371,0.071855214,-0.373048777
1718187016378618368.000000000,-0.224156952,0.245100708,1.458124023,0.922899993,0.061060824,0.072133090,-0.373261297
1718187016388618240.000000000,-0.227843689,0.248345444,1.457857178,0.922603377,0.062493255,0.072088551,-0.373765760
1718187016398618368.000000000,-0.231534698,0.251659271,1.457578613,0.922259561,0.063693026,0.071985881,-0.374430946
1718187016408618240.000000000,-0.235191589,0.255110855,1.457410767,0.921912961,0.063940551,0.072732371,-0.375097454
1718187016418618368.000000000,-0.238923355,0.258492432,1.457210449,0.921470503,0.064676487,0.073309768,-0.375945132
1718187016428618240.000000000,-0.242662231,0.261906494,1.457022217,0.921115076,0.064789467,0.073950495,-0.376670502
1718187016438618368.000000000,-0.246490402,0.265305023,1.456863892,0.920802384,0.064669994,0.074616216,-0.377323709
1718187016448618496.000000000,-0.250409073,0.268584320,1.456723999,0.920490294,0.064740481,0.075400677,-0.377916692
1718187016458618368.000000000,-0.254289246,0.272111176,1.456640259,0.920485368,0.064243820,0.075601572,-0.377973308
1718187016468618240.000000000,-0.258341248,0.275295227,1.456599365,0.920374657,0.063666639,0.076418422,-0.378176247
1718187016478618368.000000000,-0.262350861,0.278809235,1.456597412,0.920894284,0.062784152,0.075816488,-0.377178641
1718187016488618496.000000000,-0.266499359,0.282024353,1.456625854,0.920938925,0.062627422,0.075721335,-0.377114812
1718187016498618368.000000000,-0.270704254,0.285223816,1.456695679,0.921003280,0.062083078,0.075775114,-0.377036845
1718187016508618240.000000000,-0.274951080,0.288354279,1.456741455,0.921006104,0.062054565,0.074929262,-0.377203650
1718187016518618368.000000000,-0.279200897,0.291438843,1.456800903,0.920858820,0.062363986,0.073844628,-0.377725744
1718187016528618496.000000000,-0.283494965,0.294512543,1.456871094,0.920680929,0.062663871,0.072717146,-0.378328011
1718187016538618368.000000000,-0.287758636,0.297568542,1.456917969,0.920386481,0.063269913,0.071292240,-0.379213739
1718187016548618240.000000000,-0.292026917,0.300592041,1.456940552,0.920004119,0.063909718,0.069737255,-0.380321816
1718187016558618368.000000000,-0.296306732,0.303612946,1.456924683,0.919693521,0.064025225,0.068185216,-0.381333679
1718187016568618240.000000000,-0.300562225,0.306646332,1.456886108,0.919349132,0.064430259,0.066665201,-0.382363265
1718187016578618368.000000000,-0.304859009,0.309670563,1.456800903,0.918985343,0.064683252,0.064872623,-0.383501706
1718187016588618240.000000000,-0.309132202,0.312677307,1.456678589,0.918744256,0.064816704,0.063482736,-0.384288601
1718187016598618368.000000000,-0.313327850,0.315693634,1.456514282,0.918595416,0.064735931,0.061813089,-0.384929687
1718187016608618496.000000000,-0.317457306,0.318676880,1.456390991,0.918482490,0.064679581,0.061052881,-0.385329746
1718187016618618368.000000000,-0.321452423,0.321638397,1.456257935,0.918444356,0.064791648,0.060611047,-0.385471541
1718187016628618240.000000000,-0.325304138,0.324558868,1.456128418,0.918382497,0.064990550,0.060592150,-0.385588392
1718187016638618368.000000000,-0.328982330,0.327456482,1.455990356,0.918350718,0.065236269,0.061161776,-0.385532651
1718187016648618496.000000000,-0.332489563,0.330380066,1.455841675,0.918230101,0.065607482,0.062131175,-0.385601942
1718187016658618368.000000000,-0.335865021,0.333308716,1.455699829,0.917981181,0.066029085,0.063312124,-0.385930417
1718187016668618240.000000000,-0.338956299,0.336385773,1.455530396,0.917551107,0.066354182,0.064322032,-0.386729575
1718187016678618368.000000000,-0.342320129,0.339343689,1.455409668,0.917335364,0.065808911,0.065844964,-0.387078104
1718187016688618496.000000000,-0.345433899,0.342463074,1.455265625,0.916861977,0.065470664,0.066792608,-0.388093358
1718187016698618368.000000000,-0.348544952,0.345652313,1.455111084,0.916480477,0.064697402,0.067504547,-0.388999894
1718187016708618240.000000000,-0.351664429,0.348873230,1.454944702,0.916019050,0.064075531,0.067931658,-0.390113721
1718187016718618368.000000000,-0.354811310,0.352126953,1.454766235,0.915760839,0.062867493,0.067951455,-0.390912221
1718187016728618240.000000000,-0.357990387,0.355424866,1.454573486,0.915562880,0.062106819,0.067632176,-0.391552351
1718187016738618368.000000000,-0.361164764,0.358701599,1.454358398,0.915516957,0.061088670,0.067262331,-0.391883471
1718187016748618240.000000000,-0.364356110,0.361991638,1.454129395,0.915554077,0.060602927,0.066627505,-0.391980602
1718187016758618368.000000000,-0.367501587,0.365303741,1.453918457,0.915699691,0.059995687,0.066051340,-0.391831360
1718187016768618496.000000000,-0.370621094,0.368641083,1.453676636,0.915861540,0.059418573,0.065722698,-0.391596220
1718187016778618368.000000000,-0.373681854,0.372009491,1.453439331,0.915937688,0.059296505,0.065455519,-0.391481356
1718187016788618240.000000000,-0.376680695,0.375434692,1.453198975,0.915984024,0.059101612,0.065557306,-0.391385370
1718187016798618368.000000000,-0.379637909,0.378931854,1.452960693,0.915856259,0.059027773,0.065509138,-0.391703444
1718187016808618496.000000000,-0.382556396,0.382513458,1.452710938,0.915713798,0.058815012,0.065937705,-0.391996497
1718187016818618368.000000000,-0.385469543,0.386175476,1.452432617,0.915509720,0.058536624,0.066176204,-0.392474363
1718187016828618240.000000000,-0.388377411,0.389908569,1.452162598,0.915335021,0.058340699,0.066094425,-0.392924535
1718187016838618368.000000000,-0.391331543,0.393713104,1.451850220,0.915131621,0.058139705,0.066038401,-0.393437187
1718187016848618496.000000000,-0.394325897,0.397599243,1.451527954,0.915028453,0.058024411,0.065794197,-0.393734963
1718187016858618368.000000000,-0.397326324,0.401561859,1.451164429,0.914991674,0.057746490,0.065359600,-0.393933625
1718187016868618240.000000000,-0.400352356,0.405593201,1.450789673,0.915053809,0.057338440,0.065024968,-0.393904282
1718187016878618368.000000000,-0.403371399,0.409721344,1.450381470,0.915165924,0.057069491,0.064584203,-0.393755363
1718187016888618240.000000000,-0.406365936,0.413930450,1.449963135,0.915293998,0.056517492,0.064301496,-0.393583520
1718187016898618368.000000000,-0.409331390,0.418225616,1.449501221,0.915569148,0.055548489,0.063956723,-0.393137429
1718187016908618240.000000000,-0.412213409,0.422597198,1.449034058,0.915790869,0.054772879,0.064094072,-0.392707226
1718187016918618368.000000000,-0.415043976,0.427035004,1.448541138,0.915988750,0.053851870,0.064278293,-0.392342819
1718187016928618496.000000000,-0.417826355,0.431544525,1.448020630,0.916218923,0.053005971,0.064644219,-0.391860150
1718187016938618368.000000000,-0.420555542,0.436133698,1.447513916,0.916299499,0.052340756,0.065240252,-0.391662334
1718187016948618240.000000000,-0.423261719,0.440775116,1.446963379,0.916440173,0.051598436,0.065801082,-0.391337743
1718187016958618368.000000000,-0.425961578,0.445499329,1.446407837,0.916500682,0.050960253,0.066251138,-0.391203705
1718187016968618496.000000000,-0.428438080,0.450361694,1.445834839,0.916418714,0.050820363,0.066139848,-0.391432692
1718187016978618368.000000000,-0.431380463,0.455093933,1.445289917,0.916590910,0.049988287,0.066604429,-0.391057700
1718187016988618240.000000000,-0.434149078,0.459968475,1.444745239,0.916742850,0.049188040,0.066537077,-0.390814408
1718187016998618368.000000000,-0.436954102,0.464870544,1.444210571,0.916802146,0.049274923,0.066322037,-0.390700902
1718187017008618496.000000000,-0.439781555,0.469836548,1.443712769,0.916913431,0.049115638,0.065947817,-0.390523110
1718187017018618368.000000000,-0.442702179,0.474834656,1.443365234,0.916927956,0.048786195,0.066261249,-0.390477243
1718187017028618240.000000000,-0.445435120,0.479886383,1.442790405,0.917130072,0.049323988,0.064903110,-0.390162994
1718187017038618368.000000000,-0.448241486,0.484991119,1.442371460,0.917203097,0.049632627,0.064552035,-0.390010405
1718187017048618496.000000000,-0.451005676,0.490133606,1.441993652,0.917276477,0.050017994,0.064393146,-0.389814811
1718187017058618368.000000000,-0.453798706,0.495312561,1.441781616,0.917223054,0.049811312,0.065048138,-0.389858234
1718187017068618240.000000000,-0.456362457,0.500572845,1.441347168,0.917264980,0.050513299,0.064541580,-0.389753445
1718187017078618368.000000000,-0.458983337,0.505853241,1.441078125,0.917290226,0.050833875,0.064849603,-0.389601191
1718187017088618496.000000000,-0.461636353,0.511138733,1.440979004,0.917187011,0.050694750,0.066179643,-0.389638658
1718187017098618368.000000000,-0.464058167,0.516494690,1.440653931,0.917277419,0.051369451,0.066204354,-0.389333147
1718187017108618240.000000000,-0.466512085,0.521868530,1.440473877,0.917360519,0.051691480,0.066911806,-0.388973622
1718187017118618368.000000000,-0.468800293,0.527292480,1.440409790,0.917493681,0.051579597,0.068184578,-0.388453026
1718187017128618496.000000000,-0.471371490,0.532695068,1.440240479,0.917702255,0.052054639,0.068400955,-0.387858473
1718187017138618368.000000000,-0.473847809,0.538153198,1.440278076,0.917835032,0.051508627,0.069933285,-0.387343584
1718187017148618240.000000000,-0.476095886,0.543741699,1.440082520,0.918069898,0.051670706,0.069741263,-0.386799633
1718187017158618368.000000000,-0.478432434,0.549326111,1.440040161,0.918213587,0.051403438,0.070282052,-0.386396078
1718187017168618496.000000000,-0.480721680,0.554962952,1.440030151,0.918378944,0.051136346,0.070707045,-0.385960754
1718187017178618368.000000000,-0.482982391,0.560652222,1.440044922,0.918563355,0.050488208,0.071165754,-0.385522684
1718187017188618240.000000000,-0.485190674,0.566324402,1.440130981,0.918787078,0.049949626,0.071688022,-0.384962553
1718187017198618368.000000000,-0.487348602,0.572017090,1.440243286,0.918963404,0.049486549,0.072465433,-0.384455594
1718187017208618496.000000000,-0.489486237,0.577719543,1.440413452,0.919185927,0.048785863,0.072939095,-0.383923248
1718187017218618368.000000000,-0.491459106,0.583499756,1.440643799,0.919532817,0.048016015,0.073452713,-0.383090798
1718187017228618240.000000000,-0.493701080,0.589186951,1.440870239,0.919461154,0.047600754,0.073779001,-0.383251893
1718187017238618368.000000000,-0.495795654,0.594936462,1.441194580,0.919490922,0.046738552,0.074454746,-0.383155898
1718187017248618496.000000000,-0.497887848,0.600685608,1.441554688,0.919518533,0.045957353,0.074192911,-0.383234917
1718187017258618368.000000000,-0.500016693,0.606405212,1.441909668,0.919554089,0.045434709,0.073683581,-0.383310181
1718187017268618240.000000000,-0.502097839,0.612057129,1.442390381,0.919613314,0.044659800,0.073597912,-0.383275623
1718187017278618368.000000000,-0.504210541,0.617645142,1.442878296,0.919702982,0.044272027,0.072776639,-0.383262278
1718187017288618496.000000000,-0.506347107,0.623153625,1.443381714,0.919997771,0.044061205,0.072272951,-0.382673925
1718187017298618368.000000000,-0.508460754,0.628590149,1.443954224,0.920312669,0.044315359,0.071223182,-0.382083759
1718187017308618240.000000000,-0.510526428,0.633957520,1.444516479,0.920576993,0.044824706,0.070679072,-0.381488157
1718187017318618368.000000000,-0.512569397,0.639264832,1.445109009,0.920889053,0.045705978,0.070380260,-0.380684824
1718187017328618496.000000000,-0.514577026,0.644532898,1.445700562,0.921089050,0.046814577,0.070127030,-0.380112559
1718187017338618368.000000000,-0.516536133,0.649809692,1.446252075,0.921127445,0.047977460,0.070523934,-0.379800959
1718187017348618240.000000000,-0.518459595,0.655084412,1.446818115,0.921093953,0.049231065,0.070890914,-0.379653409
1718187017358618368.000000000,-0.520406555,0.660367065,1.447332520,0.920963962,0.050402163,0.071748871,-0.379653925
1718187017368618496.000000000,-0.522416077,0.665658691,1.447802979,0.920837830,0.051394528,0.072440665,-0.379695463
1718187017378618368.000000000,-0.524519470,0.670987915,1.448242310,0.920670764,0.052380819,0.072893468,-0.379879108
1718187017388618240.000000000,-0.526742126,0.676319092,1.448624756,0.920636921,0.052914795,0.073039550,-0.379859064
1718187017398618368.000000000,-0.529053406,0.681698792,1.448962891,0.920617306,0.053410755,0.072949565,-0.379854483
1718187017408618240.000000000,-0.531438721,0.687081787,1.449281738,0.920593255,0.053306745,0.072976023,-0.379922295
1718187017418618368.000000000,-0.533858887,0.692455261,1.449665405,0.920715450,0.051823174,0.072554988,-0.379912085
1718187017428618240.000000000,-0.536291077,0.697891663,1.449816162,0.920588181,0.052069784,0.072765592,-0.380146428
1718187017438618368.000000000,-0.538721252,0.703313721,1.450046509,0.920547960,0.051117710,0.072842044,-0.380358343
1718187017448618496.000000000,-0.541124939,0.708735901,1.450266479,0.920473452,0.049672840,0.072975270,-0.380704403
1718187017458618368.000000000,-0.543360840,0.714114136,1.450547729,0.920582536,0.047179440,0.073328580,-0.380689920
1718187017468618240.000000000,-0.545807983,0.719443665,1.450713257,0.920167541,0.046284083,0.073833640,-0.381704170
1718187017478618368.000000000,-0.548087463,0.724697449,1.450976563,0.920102328,0.044166182,0.074573628,-0.381968361
1718187017488618496.000000000,-0.550509094,0.729777283,1.451254028,0.920006833,0.042796202,0.075695023,-0.382133715
1718187017498618368.000000000,-0.552741760,0.735041931,1.451416504,0.919730872,0.041748512,0.076010707,-0.382850569
1718187017508618240.000000000,-0.555103210,0.740066650,1.451692871,0.919711459,0.040318444,0.076281458,-0.382996599
1718187017518618368.000000000,-0.557581909,0.745010132,1.451920288,0.919582070,0.040165642,0.076777635,-0.383224128
1718187017528618496.000000000,-0.560167786,0.749845337,1.452201904,0.919522399,0.039838662,0.076787557,-0.383399413
1718187017538618368.000000000,-0.562805054,0.754658569,1.452439209,0.919457217,0.040011078,0.077077599,-0.383479573
1718187017548618240.000000000,-0.565685608,0.759239502,1.452817627,0.919542483,0.040358577,0.077440605,-0.383165448
1718187017558618368.000000000,-0.568436401,0.764044922,1.452971069,0.919338712,0.041548214,0.076896737,-0.383636508
1718187017568618240.000000000,-0.571424377,0.768701965,1.453234619,0.919125572,0.042717482,0.076843281,-0.384029308
1718187017578618368.000000000,-0.574492859,0.773284546,1.453484619,0.918938474,0.044152119,0.076634239,-0.384356430
1718187017588618240.000000000,-0.577682007,0.777705200,1.453677368,0.919037601,0.045946772,0.076488744,-0.383937826
1718187017598618368.000000000,-0.580906982,0.782492432,1.453889526,0.918492801,0.047326534,0.076162975,-0.385136827
1718187017608618496.000000000,-0.584287842,0.787116211,1.454022217,0.918226767,0.049114920,0.075584305,-0.385660917
1718187017618618368.000000000,-0.587736938,0.791792603,1.454153076,0.917977798,0.050596958,0.075377046,-0.386102332
1718187017628618240.000000000,-0.591389038,0.796379211,1.454289795,0.917911011,0.051381342,0.075090335,-0.386213380
1718187017638618368.000000000,-0.594997681,0.801231995,1.454208130,0.917498061,0.053024139,0.073667116,-0.387245277
1718187017648618496.000000000,-0.598762939,0.806030334,1.454169312,0.917339983,0.053825365,0.073150814,-0.387606946
1718187017658618368.000000000,-0.602695190,0.810716187,1.454114746,0.917355782,0.054570541,0.072848317,-0.387522319
1718187017668618240.000000000,-0.606543213,0.815563843,1.453943848,0.917319984,0.054842333,0.071976849,-0.387731478
1718187017678618368.000000000,-0.610310791,0.820583496,1.453703003,0.917109607,0.055076316,0.071156310,-0.388346943
1718187017688618496.000000000,-0.614244019,0.825403320,1.453520264,0.917299457,0.054643473,0.071682745,-0.387862581
1718187017698618368.000000000,-0.617990662,0.830512329,1.453146851,0.917180473,0.054124862,0.071465040,-0.388256651
1718187017708618240.000000000,-0.621824829,0.835492004,1.452798218,0.917161476,0.053480136,0.071945656,-0.388302104
1718187017718618368.000000000,-0.625664978,0.840560181,1.452422974,0.917113647,0.052377227,0.072851224,-0.388396555
1718187017728618240.000000000,-0.629572815,0.845606812,1.451972412,0.917089047,0.051308480,0.073470201,-0.388480694
1718187017738618368.000000000,-0.633551697,0.850682068,1.451509766,0.917076755,0.050042792,0.073982730,-0.388577535
1718187017748618240.000000000,-0.637622803,0.855710327,1.451001709,0.917174880,0.048751817,0.074078611,-0.388491776
1718187017758618368.000000000,-0.641852417,0.860574768,1.450488647,0.917582257,0.047596433,0.074393248,-0.387611953
1718187017768618496.000000000,-0.646125977,0.865548584,1.449905518,0.917530421,0.047278580,0.074008645,-0.387847113
1718187017778618368.000000000,-0.650413391,0.870449463,1.449333984,0.917634881,0.046491046,0.073316339,-0.387826666
1718187017788618240.000000000,-0.654664246,0.875463318,1.448686890,0.917495430,0.046406178,0.072091765,-0.388395906
1718187017798618368.000000000,-0.659008972,0.880225952,1.448065552,0.917276333,0.046951173,0.071250148,-0.389002741
1718187017808618496.000000000,-0.663456848,0.884806335,1.447555664,0.917339783,0.047450467,0.070740219,-0.388885584
1718187017818618368.000000000,-0.667715515,0.889606689,1.446946045,0.916934014,0.048581849,0.069978757,-0.389839442
1718187017828618240.000000000,-0.672106323,0.894038147,1.446422119,0.916738479,0.050089776,0.069591572,-0.390177638
1718187017838618368.000000000,-0.676332520,0.898734802,1.445870850,0.916136635,0.051602227,0.069173470,-0.391466356
1718187017848618496.000000000,-0.680733582,0.903072510,1.445411987,0.915902218,0.053554889,0.069319172,-0.391726758
1718187017858618368.000000000,-0.684985107,0.907715820,1.444848877,0.915191626,0.055383877,0.068906233,-0.393203314
1718187017868618240.000000000,-0.689494629,0.912077271,1.444423706,0.914772285,0.057269159,0.068727138,-0.393939705
1718187017878618368.000000000,-0.694035522,0.916565613,1.443978149,0.914209211,0.058964388,0.068186868,-0.395088941
1718187017888618240.000000000,-0.698535156,0.921211487,1.443504028,0.913453953,0.060439961,0.067160042,-0.396785100
1718187017898618368.000000000,-0.703340088,0.925603149,1.443121826,0.913074047,0.061984928,0.066192103,-0.397583021
1718187017908618240.000000000,-0.708156006,0.930146179,1.442757446,0.912621792,0.063027224,0.065029376,-0.398647983
1718187017918618368.000000000,-0.713007751,0.934666443,1.442406006,0.912191214,0.064145548,0.063610279,-0.399682711
1718187017928618496.000000000,-0.717947632,0.939227234,1.442021851,0.911746267,0.065920482,0.061669447,-0.400712009
1718187017938618368.000000000,-0.722911194,0.943761230,1.441778809,0.911576825,0.065909697,0.060204479,-0.401321597
1718187017948618240.000000000,-0.727821350,0.948342529,1.441470703,0.911252153,0.066833727,0.058309838,-0.402184944
1718187017958618368.000000000,-0.732788696,0.952971741,1.441122314,0.910972940,0.067258109,0.056259178,-0.403037908
1718187017968618496.000000000,-0.737714539,0.957595947,1.440875000,0.910864528,0.066724892,0.054693762,-0.403586660
1718187017978618368.000000000,-0.742566101,0.962305542,1.440542969,0.910739075,0.066796901,0.052907570,-0.404095657
1718187017988618240.000000000,-0.747321350,0.966994385,1.440320313,0.910685071,0.065552368,0.051782361,-0.404566651
1718187017998618368.000000000,-0.751976746,0.971753906,1.440077881,0.910640414,0.064644679,0.051235319,-0.404882754
1718187018008618496.000000000,-0.756542908,0.976505615,1.439888306,0.910770221,0.063286941,0.050998936,-0.404835123
1718187018018618368.000000000,-0.761045288,0.981262329,1.439712402,0.910889782,0.061419914,0.051132546,-0.404836833
1718187018028618240.000000000,-0.765462036,0.986010559,1.439541382,0.911094643,0.059836937,0.051574494,-0.404556751
1718187018038618368.000000000,-0.769782288,0.990733765,1.439374634,0.911463723,0.057982817,0.052092361,-0.403928533
1718187018048618496.000000000,-0.773977783,0.995417419,1.439269409,0.911816760,0.056306712,0.053101118,-0.403236931
1718187018058618368.000000000,-0.778081360,1.000075317,1.439148315,0.912030712,0.055040783,0.053966445,-0.402812755
1718187018068618240.000000000,-0.782035339,1.004666931,1.439038696,0.912166716,0.054151493,0.055191773,-0.402459148
1718187018078618368.000000000,-0.785918823,1.009229919,1.438932129,0.912117387,0.053608842,0.056174960,-0.402507562
1718187018088618496.000000000,-0.789723816,1.013776550,1.438857178,0.911999759,0.053373446,0.057095181,-0.402675869
1718187018098618368.000000000,-0.793465210,1.018321899,1.438792114,0.911618548,0.053562660,0.057707989,-0.403425895
1718187018108618240.000000000,-0.797177429,1.022883301,1.438749268,0.911132854,0.053783769,0.058019540,-0.404447724
1718187018118618368.000000000,-0.800873474,1.027452515,1.438706909,0.910577253,0.053805840,0.058079499,-0.405685555
1718187018128618496.000000000,-0.804609802,1.032034058,1.438619385,0.909987282,0.054137071,0.057787775,-0.407004787
1718187018138618368.000000000,-0.808267944,1.036613525,1.438569458,0.909567096,0.054141903,0.057128552,-0.408035146
1718187018148618240.000000000,-0.812035400,1.041234131,1.438482788,0.909190788,0.054553897,0.056113932,-0.408958689
1718187018158618368.000000000,-0.815776917,1.045839478,1.438422974,0.908999342,0.054990992,0.054944455,-0.409484180
1718187018168618496.000000000,-0.819537842,1.050508179,1.438338257,0.908912138,0.055209203,0.053466941,-0.409843818
1718187018178618368.000000000,-0.823273315,1.055236084,1.438213379,0.908869305,0.056086947,0.052155801,-0.409988553
1718187018188618240.000000000,-0.826908569,1.060032837,1.438096191,0.908932110,0.056424019,0.051491214,-0.409887062
1718187018198618368.000000000,-0.830500916,1.064905396,1.437936157,0.908925193,0.056919196,0.050995390,-0.409895924
1718187018208618496.000000000,-0.833987366,1.069872314,1.437756714,0.909066346,0.056882068,0.050923251,-0.409596914
1718187018218618368.000000000,-0.837388428,1.074943115,1.437548340,0.909187021,0.056868669,0.051301538,-0.409283602
1718187018228618240.000000000,-0.840773254,1.080144165,1.437246460,0.909333763,0.056604931,0.051682872,-0.408946049
1718187018238618368.000000000,-0.844124329,1.085477539,1.436897339,0.909461544,0.056247899,0.051861337,-0.408688482
1718187018248618496.000000000,-0.847531189,1.090919922,1.436626953,0.909594101,0.054010252,0.052010758,-0.408676334
1718187018258618368.000000000,-0.850864441,1.096500366,1.436119263,0.909696072,0.053326872,0.052234561,-0.408510529
1718187018268618240.000000000,-0.854121277,1.102169434,1.435577637,0.909862631,0.052490335,0.052763339,-0.408179848
1718187018278618368.000000000,-0.857405212,1.107948120,1.434942627,0.909890628,0.051920500,0.053206685,-0.408132767
1718187018288618496.000000000,-0.860651855,1.113850342,1.434247803,0.909807157,0.051441250,0.053528725,-0.408337373
1718187018298618368.000000000,-0.863898254,1.119853149,1.433484253,0.909738036,0.050949056,0.053806815,-0.408516493
1718187018308618240.000000000,-0.867119202,1.125954224,1.432669189,0.909724309,0.049740768,0.054433105,-0.408612988
1718187018318618368.000000000,-0.870312927,1.132128784,1.431791260,0.909629105,0.048708558,0.055072483,-0.408863533
1718187018328618496.000000000,-0.873498352,1.138377441,1.430870117,0.909515171,0.047949550,0.055711876,-0.409120009
1718187018338618368.000000000,-0.876732544,1.144724609,1.429776245,0.909484829,0.048175168,0.056421799,-0.409063663
1718187018348618240.000000000,-0.879886108,1.150990845,1.428856201,0.909715899,0.045828968,0.057387420,-0.408684930
1718187018358618368.000000000,-0.883079529,1.157345947,1.427795288,0.909788958,0.045234250,0.058264196,-0.408464438
1718187018368618496.000000000,-0.886330322,1.163687988,1.426720337,0.909987500,0.044816318,0.059308284,-0.407917608
1718187018378618368.000000000,-0.889580322,1.170074951,1.425579712,0.910233148,0.044340267,0.060073875,-0.407309080
1718187018388618240.000000000,-0.892801514,1.176687500,1.424494751,0.910164994,0.043333822,0.061121591,-0.407413812
1718187018398618368.000000000,-0.896125427,1.183130005,1.423349243,0.910514983,0.043082879,0.061622906,-0.406582031
1718187018408618496.000000000,-0.899489868,1.189585693,1.422165771,0.910869163,0.042946148,0.061951006,-0.405752473
1718187018418618368.000000000,-0.902941711,1.196130981,1.420885010,0.911255416,0.043595052,0.061771060,-0.404842407
1718187018428618240.000000000,-0.906268799,1.202573853,1.419870605,0.911621336,0.042554704,0.061928083,-0.404104627
1718187018438618368.000000000,-0.909654968,1.209102783,1.418732910,0.912057131,0.042267212,0.061800777,-0.403169860
1718187018448618496.000000000,-0.913056458,1.215650391,1.417645386,0.912462081,0.042250107,0.061552136,-0.402292447
1718187018458618368.000000000,-0.916465393,1.222222168,1.416482178,0.912815512,0.043291179,0.061292991,-0.401418589
1718187018468618240.000000000,-0.919756470,1.228802368,1.415498413,0.913276868,0.043213002,0.061557203,-0.400335746
1718187018478618368.000000000,-0.922917297,1.235399780,1.414694824,0.913820878,0.041931249,0.061715605,-0.399204656
1718187018488618496.000000000,-0.926110718,1.242034424,1.413807251,0.914422323,0.042215745,0.061818384,-0.397779002
1718187018498618368.000000000,-0.929333679,1.248679443,1.412898926,0.915109439,0.047929772,0.061476704,-0.395598365
1718187018508618240.000000000,-0.932413391,1.255353394,1.412468140,0.915670057,0.044927051,0.061667115,-0.394622697
1718187018518618368.000000000,-0.935395935,1.262063843,1.411863037,0.916261515,0.044903398,0.062083007,-0.393184716
1718187018528618496.000000000,-0.938434326,1.268700562,1.411206787,0.916786596,0.045442171,0.061966676,-0.391915140
1718187018538618368.000000000,-0.941388000,1.275459229,1.410794067,0.917615972,0.042427332,0.062307295,-0.390254596
1718187018548618240.000000000,-0.944187256,1.282292969,1.410464966,0.917732509,0.042613684,0.062351610,-0.389953065
1718187018558618368.000000000,-0.947185913,1.289050781,1.410054077,0.918060399,0.042825056,0.061736102,-0.389255408
1718187018568618240.000000000,-0.950054199,1.295828125,1.409981812,0.918562517,0.040445921,0.061319347,-0.388390227
1718187018578618368.000000000,-0.953071289,1.302664307,1.409880371,0.918919409,0.039083708,0.059935415,-0.387901186
1718187018588618240.000000000,-0.956007080,1.309417480,1.409797974,0.919222883,0.034262645,0.058450375,-0.387864559
1718187018598618368.000000000,-0.959053223,1.316155396,1.409901245,0.919785745,0.032782900,0.056641810,-0.386925278
1718187018608618496.000000000,-0.962074158,1.322854126,1.410086792,0.920374630,0.031688460,0.054979610,-0.385854409
1718187018618618368.000000000,-0.965041870,1.329473755,1.410397217,0.920919851,0.030918775,0.053748966,-0.384787872
1718187018628618240.000000000,-0.967874268,1.335981812,1.410772217,0.921572678,0.030500896,0.052628257,-0.383410695
1718187018638618368.000000000,-0.970678345,1.342567383,1.411175415,0.921630073,0.030994410,0.052647618,-0.383230458
1718187018648618496.000000000,-0.973627869,1.349157471,1.411926270,0.922013336,0.029919081,0.051407511,-0.382561791
1718187018658618368.000000000,-0.976085449,1.355411987,1.412355347,0.922663492,0.031130487,0.051143634,-0.380929525
1718187018668618240.000000000,-0.978808472,1.361876709,1.412946411,0.922494674,0.031814061,0.051928853,-0.381175598
1718187018678618368.000000000,-0.981415527,1.368286621,1.413470337,0.922493401,0.033192456,0.052083615,-0.381040001
1718187018688618496.000000000,-0.983876892,1.374525146,1.413877319,0.922780391,0.034659754,0.051418176,-0.380304118
1718187018698618368.000000000,-0.986710327,1.381035645,1.414530029,0.922461647,0.034803390,0.052153976,-0.380963510
1718187018708618240.000000000,-0.989419495,1.387480225,1.414995850,0.922251290,0.035761553,0.051865237,-0.381423213
1718187018718618368.000000000,-0.992147095,1.393983154,1.415485229,0.922017764,0.035901618,0.051765620,-0.381987746
1718187018728618240.000000000,-0.994929565,1.400445557,1.415936523,0.921827129,0.035647884,0.051462836,-0.382512155
1718187018738618368.000000000,-0.997736938,1.407000854,1.416356812,0.921668078,0.035511847,0.051390327,-0.382917612
1718187018748618240.000000000,-1.000581055,1.413602173,1.416903198,0.921684104,0.038034641,0.051179796,-0.382664875
1718187018758618368.000000000,-1.003160461,1.420038330,1.417151978,0.921875264,0.037334585,0.050145315,-0.382410217
1718187018768618496.000000000,-1.006009338,1.426544434,1.417673584,0.921603480,0.035451011,0.051472127,-0.383067711
1718187018778618368.000000000,-1.008644226,1.433007813,1.417977539,0.921538042,0.033984072,0.051826742,-0.383310199
1718187018788618240.000000000,-1.011229187,1.439375244,1.418281128,0.921510746,0.032202753,0.052380542,-0.383454308
1718187018798618368.000000000,-1.013783447,1.445692871,1.418540283,0.921446171,0.030563004,0.053264081,-0.383621941
1718187018808618496.000000000,-1.016328125,1.451958252,1.418744141,0.921378691,0.029266119,0.053756526,-0.383816412
1718187018818618368.000000000,-1.018915894,1.458152832,1.418914795,0.921328780,0.028109654,0.054146091,-0.383967872
1718187018828618240.000000000,-1.021495911,1.464206299,1.419075562,0.921413175,0.027183880,0.054687235,-0.383755267
1718187018838618368.000000000,-1.024143799,1.470216919,1.419192627,0.921393785,0.026268219,0.054883192,-0.383837607
1718187018848618496.000000000,-1.026912476,1.476173218,1.419257202,0.921445725,0.026177772,0.054463750,-0.383778843
1718187018858618368.000000000,-1.029662598,1.482040771,1.419333130,0.921487587,0.026323813,0.054354689,-0.383683790
1718187018868618240.000000000,-1.032500000,1.487878174,1.419343140,0.921361423,0.027005589,0.053595110,-0.384046079
1718187018878618368.000000000,-1.035260498,1.493620850,1.419381226,0.921208752,0.027660342,0.053742898,-0.384344952
1718187018888618240.000000000,-1.038064453,1.499368774,1.419374634,0.920930650,0.029243495,0.053523031,-0.384924461
1718187018898618368.000000000,-1.040881226,1.505078125,1.419343506,0.920543302,0.030718735,0.053503738,-0.385737915
1718187018908618240.000000000,-1.043732788,1.510771851,1.419281982,0.920137327,0.032231845,0.053684563,-0.386557079
1718187018918618368.000000000,-1.046640137,1.516453369,1.419165405,0.919735082,0.033968627,0.053829304,-0.387344700
1718187018928618496.000000000,-1.049630127,1.522162476,1.419003296,0.919312661,0.035664647,0.053802900,-0.388197775
1718187018938618368.000000000,-1.052611816,1.527851563,1.418799194,0.919117818,0.036581147,0.054114345,-0.388530428
1718187018948618240.000000000,-1.055776733,1.533613159,1.418520996,0.918912577,0.037605117,0.053800499,-0.388961486
1718187018958618368.000000000,-1.059025391,1.539416016,1.418175293,0.918773936,0.038226816,0.053589238,-0.389257446
1718187018968618496.000000000,-1.062433228,1.545319092,1.417710327,0.918645609,0.038635569,0.052901645,-0.389613853
1718187018978618368.000000000,-1.065816284,1.551256104,1.417241821,0.918686977,0.038199783,0.052344672,-0.389634508
1718187018988618240.000000000,-1.069256836,1.557250610,1.416701050,0.918711384,0.037478131,0.051881184,-0.389709027
1718187018998618368.000000000,-1.072711792,1.563281006,1.416093506,0.918718675,0.036103113,0.051674926,-0.389849026
1718187019008618496.000000000,-1.076158325,1.569346680,1.415408447,0.918787799,0.034797540,0.051531933,-0.389823771
1718187019018618368.000000000,-1.079501099,1.575387817,1.414752686,0.918980720,0.032754098,0.051858771,-0.389502597
1718187019028618240.000000000,-1.082893433,1.581433594,1.414031372,0.918983258,0.031140657,0.052224418,-0.389580084
1718187019038618368.000000000,-1.086305786,1.587472290,1.413216797,0.918920332,0.030249755,0.052344606,-0.389782526
1718187019048618496.000000000,-1.089621460,1.593401123,1.412435303,0.919010315,0.029089167,0.052918036,-0.389581241
1718187019058618368.000000000,-1.092837158,1.599246948,1.411721558,0.919117542,0.027942536,0.054111667,-0.389248104
1718187019068618240.000000000,-1.096150024,1.605091431,1.410935791,0.919206661,0.027287843,0.054784378,-0.388989924
1718187019078618368.000000000,-1.099527710,1.610863281,1.410161255,0.919185648,0.027380792,0.054981770,-0.389005194
1718187019088618496.000000000,-1.102925049,1.616625244,1.409433350,0.919157775,0.027188209,0.055367620,-0.389029835
1718187019098618368.000000000,-1.106372681,1.622348999,1.408715332,0.919007132,0.027370629,0.055480332,-0.389356742
1718187019108618240.000000000,-1.109888916,1.628071045,1.407981323,0.918796830,0.028382872,0.055143477,-0.389828161
1718187019118618368.000000000,-1.113422241,1.633779663,1.407316406,0.918382400,0.029306037,0.055106111,-0.390740631
1718187019128618496.000000000,-1.117025635,1.639509399,1.406633545,0.917726968,0.030355142,0.054406241,-0.392295472
1718187019138618368.000000000,-1.120687012,1.645256348,1.405982666,0.916986538,0.031172583,0.053876939,-0.394032021
1718187019148618240.000000000,-1.124402222,1.651013306,1.405363647,0.916140280,0.031826126,0.053315511,-0.396019623
1718187019158618368.000000000,-1.128190918,1.656799927,1.404735352,0.915293435,0.032093950,0.052504060,-0.398059329
1718187019168618496.000000000,-1.132052246,1.662598633,1.404088989,0.914419993,0.032394705,0.051181741,-0.400208807
1718187019178618368.000000000,-1.135933472,1.668339966,1.403527588,0.913756359,0.031808843,0.049900721,-0.401929636
1718187019188618240.000000000,-1.139869507,1.674036377,1.402995361,0.913300747,0.030644370,0.048521757,-0.403222405
1718187019198618368.000000000,-1.143808716,1.679641846,1.402519409,0.913038617,0.029564136,0.046920076,-0.404085328
1718187019208618496.000000000,-1.147729614,1.685196167,1.402093506,0.912981599,0.028671358,0.044923919,-0.404505123
1718187019218618368.000000000,-1.151608887,1.690651611,1.401767700,0.913001350,0.027397027,0.042779500,-0.404781239
1718187019228618240.000000000,-1.155057983,1.696000488,1.401469604,0.913568983,0.026991201,0.041238059,-0.403686277
1718187019238618368.000000000,-1.158666016,1.701250244,1.401312500,0.913602323,0.026966994,0.040282387,-0.403708936
1718187019248618496.000000000,-1.162188232,1.706655518,1.401272705,0.913063583,0.026989696,0.039731980,-0.404978788
1718187019258618368.000000000,-1.165490356,1.711740845,1.401361938,0.912935499,0.027161124,0.040165944,-0.405213209
1718187019268618240.000000000,-1.168734253,1.716822510,1.401466064,0.912670667,0.027860096,0.040307926,-0.405747878
1718187019278618368.000000000,-1.171916382,1.721667603,1.401571167,0.912732214,0.029606544,0.040259619,-0.405490469
1718187019288618496.000000000,-1.175052490,1.726631226,1.401904785,0.912498360,0.029620566,0.041276205,-0.405913341
1718187019298618368.000000000,-1.178308716,1.731702393,1.402109375,0.911999084,0.030848438,0.040569420,-0.407013719
1718187019308618240.000000000,-1.181531738,1.736713989,1.402459106,0.911638491,0.031245786,0.040218156,-0.407825284
1718187019318618368.000000000,-1.184710327,1.741884644,1.402967651,0.910899853,0.030661655,0.039960709,-0.409541772
1718187019328618496.000000000,-1.187842041,1.746827026,1.403459717,0.910500714,0.030978895,0.039325326,-0.410465925
1718187019338618368.000000000,-1.190879517,1.751706665,1.404045654,0.910069277,0.031377524,0.038696022,-0.411451067
1718187019348618240.000000000,-1.193777588,1.756506348,1.404709839,0.909613752,0.031643668,0.038306678,-0.412473149
1718187019358618368.000000000,-1.196530518,1.761220947,1.405461914,0.909217571,0.031798436,0.038430918,-0.413322310
1718187019368618496.000000000,-1.199159668,1.765606934,1.406296631,0.909419195,0.032393115,0.039383717,-0.412742458
1718187019378618368.000000000,-1.201711548,1.770182129,1.407160034,0.909110753,0.032811273,0.039856528,-0.413343098
1718187019388618240.000000000,-1.204264160,1.774703369,1.408062256,0.908852815,0.033241523,0.041132868,-0.413750710
1718187019398618368.000000000,-1.206868774,1.779454346,1.408958008,0.908242290,0.033210107,0.041809472,-0.415024096
1718187019408618496.000000000,-1.209442383,1.783726440,1.409887207,0.908831389,0.033870582,0.042961104,-0.413560920
1718187019418618368.000000000,-1.212121094,1.788234009,1.410830688,0.909098040,0.034337507,0.043507768,-0.412878630
1718187019428618240.000000000,-1.214942871,1.792998169,1.411710205,0.908924403,0.034628063,0.043134337,-0.413275641
1718187019438618368.000000000,-1.217768921,1.797337036,1.412588623,0.909855262,0.035731116,0.043579547,-0.411080908
1718187019448618496.000000000,-1.220698730,1.801933350,1.413392578,0.910341232,0.036074261,0.043401328,-0.409992455
1718187019458618368.000000000,-1.223742676,1.806477173,1.413899780,0.910963573,0.030269393,0.043955329,-0.409019634
1718187019468618240.000000000,-1.226704834,1.811461670,1.414854980,0.911284641,0.038745382,0.041509640,-0.407843166
1718187019478618368.000000000,-1.229778687,1.816595581,1.415452759,0.911338840,0.039800671,0.040256326,-0.407746064
1718187019488618496.000000000,-1.232842529,1.821585938,1.415995972,0.911461454,0.041323881,0.039920038,-0.407353342
1718187019498618368.000000000,-1.235811523,1.826855957,1.416438721,0.912132973,0.042468714,0.039772616,-0.405743746
1718187019508618240.000000000,-1.238777100,1.831915894,1.416878540,0.912611360,0.043781899,0.040284329,-0.404475986
1718187019518618368.000000000,-1.241845459,1.837140625,1.417089111,0.912203343,0.046518453,0.041306630,-0.404987477
1718187019528618496.000000000,-1.244577637,1.842427734,1.417553345,0.913807106,0.044062986,0.041761657,-0.401585596
1718187019538618368.000000000,-1.247314087,1.848788452,1.417732056,0.912163069,0.044883815,0.042121200,-0.405178706
1718187019548618240.000000000,-1.250041992,1.854433472,1.417980103,0.912493906,0.044627290,0.043251499,-0.404342163
1718187019558618368.000000000,-1.252428223,1.860313477,1.418239990,0.912025338,0.046201139,0.043493831,-0.405195661
1718187019568618240.000000000,-1.255313354,1.865844971,1.418486206,0.913688477,0.043092090,0.046327596,-0.401460076
1718187019578618368.000000000,-1.257860596,1.871684814,1.418615234,0.914366063,0.042837306,0.047580269,-0.399794679
1718187019588618240.000000000,-1.260423950,1.877444580,1.418845581,0.915187745,0.041862348,0.049756885,-0.397747644
1718187019598618368.000000000,-1.262795044,1.883420898,1.419081909,0.914990423,0.043407989,0.051618716,-0.397798668
1718187019608618496.000000000,-1.265646362,1.889118652,1.419116333,0.916777798,0.040077084,0.054645016,-0.393606681
1718187019618618368.000000000,-1.268377075,1.895021240,1.419143921,0.917519172,0.039249533,0.056794147,-0.391653505
1718187019628618240.000000000,-1.271088867,1.901207520,1.419137085,0.917470725,0.040004863,0.058064145,-0.391504322
1718187019638618368.000000000,-1.274308228,1.906987549,1.419025146,0.918627951,0.039010568,0.059599450,-0.388649931
1718187019648618496.000000000,-1.277594971,1.913078247,1.418849609,0.919083323,0.038775855,0.060291287,-0.387488373
1718187019658618368.000000000,-1.281087646,1.919170044,1.418607056,0.919739346,0.039196078,0.059967291,-0.385936687
1718187019668618240.000000000,-1.284836548,1.925220947,1.418130615,0.919910887,0.039214235,0.057722343,-0.385868288
1718187019678618368.000000000,-1.288612305,1.931105347,1.417942261,0.920814393,0.039896581,0.057761793,-0.383630932
1718187019688618496.000000000,-1.292316040,1.936722656,1.417710327,0.922405682,0.041451466,0.058026381,-0.379581971
1718187019698618368.000000000,-1.296404419,1.942825806,1.417103394,0.922461384,0.046732542,0.055794545,-0.379167552
1718187019708618240.000000000,-1.300412720,1.948748657,1.416699463,0.923061061,0.048995584,0.053917162,-0.377691209
1718187019718618368.000000000,-1.304330566,1.954700317,1.416395874,0.923456741,0.051339649,0.054384766,-0.376343176
1718187019728618240.000000000,-1.308117920,1.960568726,1.415977539,0.923017753,0.054259356,0.055717120,-0.376815277
1718187019738618368.000000000,-1.312303223,1.967018433,1.415626709,0.923251719,0.057170796,0.056104965,-0.375752575
1718187019748618240.000000000,-1.316176025,1.973305664,1.415528931,0.923610441,0.057441892,0.057520868,-0.374613843
1718187019758618368.000000000,-1.320244019,1.979775269,1.415387085,0.924027437,0.057859946,0.057721172,-0.373488672
1718187019768618496.000000000,-1.324347778,1.986313354,1.415288574,0.924488426,0.057901116,0.057912127,-0.372310081
1718187019778618368.000000000,-1.328474854,1.992940186,1.415317993,0.925078817,0.057718956,0.058468090,-0.370781860
1718187019788618240.000000000,-1.332674683,1.999564941,1.415376831,0.925896117,0.056788260,0.058642701,-0.368852961
1718187019798618368.000000000,-1.336936646,2.006318848,1.415400879,0.926729503,0.056520401,0.058287852,-0.366852013
1718187019808618496.000000000,-1.341275269,2.013038452,1.415623047,0.927735623,0.054972976,0.057897699,-0.364599016
1718187019818618368.000000000,-1.345550049,2.019974243,1.415833862,0.928146441,0.054031261,0.058115601,-0.363658334
1718187019828618240.000000000,-1.349584106,2.026734619,1.416232300,0.929592366,0.053509243,0.059377111,-0.359818221
1718187019838618368.000000000,-1.353671021,2.033329468,1.416617065,0.930236833,0.051523373,0.060814555,-0.358198782
1718187019848618496.000000000,-1.357691650,2.040104370,1.416887329,0.930804153,0.050785176,0.060985534,-0.356798625
1718187019858618368.000000000,-1.361779785,2.046872192,1.417495728,0.930830071,0.048235849,0.062305870,-0.356856638
1718187019868618240.000000000,-1.365683838,2.053355713,1.418053711,0.931211591,0.046593151,0.063252791,-0.355911695
1718187019878618368.000000000,-1.369558594,2.059870850,1.418685303,0.931842125,0.044848960,0.063733745,-0.354396438
1718187019888618240.000000000,-1.373453857,2.066288574,1.419346924,0.932297858,0.043462170,0.064634656,-0.353205472
1718187019898618368.000000000,-1.377448975,2.072519531,1.419934570,0.932835353,0.043810911,0.064739067,-0.351720999
1718187019908618240.000000000,-1.381521729,2.078631104,1.420485107,0.933158282,0.044830801,0.065441817,-0.350604034
1718187019918618368.000000000,-1.385722168,2.084685059,1.420999268,0.933573059,0.046251517,0.065755692,-0.349253961
1718187019928618496.000000000,-1.390048340,2.090718506,1.421471191,0.933972364,0.047502533,0.065936305,-0.347982093
1718187019938618368.000000000,-1.394478149,2.096754639,1.421895752,0.934384165,0.048402739,0.065694199,-0.346796307
1718187019948618240.000000000,-1.399096802,2.102829590,1.422274414,0.934658186,0.048652985,0.064962595,-0.346160113
1718187019958618368.000000000,-1.403837646,2.108926025,1.422628418,0.934838352,0.048524944,0.064085902,-0.345854859
1718187019968618496.000000000,-1.408644165,2.115078857,1.422962158,0.935050984,0.048067669,0.062903660,-0.345560828
1718187019978618368.000000000,-1.413446289,2.121239990,1.423267944,0.935367281,0.047438809,0.061684346,-0.345011087
1718187019988618240.000000000,-1.418296875,2.127397217,1.423537720,0.935651248,0.046106969,0.060706671,-0.344594819
1718187019998618368.000000000,-1.423185669,2.133462891,1.423762451,0.935831573,0.045178150,0.060035530,-0.344345665
1718187020008618496.000000000,-1.428080933,2.139433350,1.423946045,0.936015937,0.043955686,0.059623846,-0.344074207
1718187020018618368.000000000,-1.432953247,2.145446777,1.424117554,0.936495480,0.042670722,0.059303717,-0.342984686
1718187020028618240.000000000,-1.437850342,2.151362549,1.424237183,0.936880484,0.041566125,0.059289937,-0.342070051
1718187020038618368.000000000,-1.442777100,2.157209717,1.424335815,0.937247603,0.040187515,0.059195077,-0.341244541
1718187020048618496.000000000,-1.447754272,2.163037598,1.424371338,0.937683268,0.039118999,0.059187144,-0.340171537
1718187020058618368.000000000,-1.452774780,2.168822754,1.424357422,0.938080998,0.037787519,0.059307984,-0.339203049
1718187020068618240.000000000,-1.457832520,2.174595215,1.424300537,0.938357465,0.036887730,0.059474202,-0.338507581
1718187020078618368.000000000,-1.462909546,2.180343506,1.424198608,0.938626607,0.035722659,0.059578188,-0.337867465
1718187020088618496.000000000,-1.468016602,2.186090820,1.424021240,0.938822748,0.035010613,0.060083486,-0.337307100
1718187020098618368.000000000,-1.473118164,2.191762695,1.423810425,0.938894261,0.034195562,0.060777164,-0.337067302
1718187020108618240.000000000,-1.478250610,2.197392822,1.423563232,0.938958161,0.033705468,0.062354086,-0.336650384
1718187020118618368.000000000,-1.483420288,2.203032471,1.423165649,0.938902868,0.033940658,0.062701829,-0.336716373
1718187020128618496.000000000,-1.488578125,2.208603760,1.422745850,0.938552613,0.034627881,0.063488568,-0.337474597
1718187020138618368.000000000,-1.494035645,2.214085449,1.422269165,0.938797172,0.035646933,0.064566961,-0.336482204
1718187020148618240.000000000,-1.499559204,2.219568359,1.421729248,0.938781775,0.036931881,0.064978983,-0.336307222
1718187020158618368.000000000,-1.505217163,2.225055176,1.421105347,0.938677614,0.038719477,0.065191929,-0.336355691
1718187020168618496.000000000,-1.511020264,2.230564453,1.420411011,0.938526509,0.040352816,0.065047987,-0.336613133
1718187020178618368.000000000,-1.516930786,2.236148682,1.419668579,0.938393392,0.041828938,0.064575740,-0.336894874
1718187020188618240.000000000,-1.522960205,2.241813477,1.418862549,0.938143739,0.043026834,0.063967538,-0.337554694
1718187020198618368.000000000,-1.529051392,2.247544189,1.417988525,0.937868970,0.043492694,0.063461579,-0.338353083
1718187020208618496.000000000,-1.535219849,2.253325684,1.417067871,0.937656145,0.043832809,0.063040891,-0.338977116
1718187020218618368.000000000,-1.541404541,2.259177979,1.416146606,0.937390605,0.043878245,0.062691865,-0.339769455
1718187020228618240.000000000,-1.547599121,2.265087891,1.415218628,0.937185262,0.043387400,0.062524245,-0.340429196
1718187020238618368.000000000,-1.553782227,2.270989502,1.414291016,0.937113671,0.042537944,0.062747552,-0.340692289
1718187020248618496.000000000,-1.559938965,2.276917969,1.413375244,0.936980326,0.041932991,0.063237329,-0.341043301
1718187020258618368.000000000,-1.566095947,2.282826416,1.412494873,0.936878299,0.041002589,0.064254379,-0.341246562
1718187020268618240.000000000,-1.572271973,2.288754883,1.411651001,0.936731976,0.040126040,0.065233491,-0.341566535
1718187020278618368.000000000,-1.578499878,2.294668701,1.410826904,0.936671950,0.039305045,0.065977039,-0.341683774
1718187020288618496.000000000,-1.584785034,2.300594971,1.410052124,0.936643064,0.038287431,0.066245773,-0.341826478
1718187020298618368.000000000,-1.591154297,2.306521240,1.409280884,0.936532594,0.037425594,0.066603052,-0.342155022
1718187020308618240.000000000,-1.597571777,2.312465576,1.408549927,0.936579927,0.036574049,0.066159870,-0.342203523
1718187020318618368.000000000,-1.603878662,2.318407471,1.407802246,0.936715570,0.036135048,0.065834614,-0.341941520
1718187020328618496.000000000,-1.610341675,2.324169678,1.407119263,0.936187388,0.035961083,0.066098708,-0.343352496
1718187020338618368.000000000,-1.616751465,2.329961426,1.406520508,0.936273159,0.036268088,0.065271220,-0.343244615
1718187020348618240.000000000,-1.623140747,2.335642334,1.405945068,0.935882258,0.037519977,0.065234534,-0.344181792
1718187020358618368.000000000,-1.629432861,2.341246094,1.405437744,0.935403900,0.039289807,0.065276440,-0.345275021
1718187020368618496.000000000,-1.635672363,2.346805664,1.404984863,0.934709276,0.041406684,0.065551947,-0.346852991
1718187020378618368.000000000,-1.641868774,2.352374268,1.404560913,0.933945741,0.043639765,0.065935658,-0.348559052
1718187020388618240.000000000,-1.648066528,2.357910156,1.404182129,0.932547724,0.045977721,0.067153421,-0.351754473
1718187020398618368.000000000,-1.654256104,2.363593994,1.403882324,0.931518806,0.047614510,0.067263492,-0.354233251
1718187020408618496.000000000,-1.660575439,2.369257568,1.403584351,0.930105125,0.048695933,0.067719731,-0.357697078
1718187020418618368.000000000,-1.667006836,2.374917236,1.403238770,0.928798003,0.049003133,0.067515895,-0.361074184
1718187020428618240.000000000,-1.673608154,2.380604004,1.402904175,0.927648602,0.048622321,0.066864167,-0.364188310
1718187020438618368.000000000,-1.680302979,2.386272705,1.402580566,0.926683848,0.047817715,0.065540586,-0.366980849
1718187020448618496.000000000,-1.687086304,2.391905518,1.402248047,0.926057616,0.046468784,0.063598048,-0.369070769
1718187020458618368.000000000,-1.693921997,2.397455811,1.401925659,0.925745908,0.044717885,0.061762635,-0.370378458
1718187020468618240.000000000,-1.700722534,2.402936523,1.401635864,0.925718425,0.042948021,0.059909310,-0.370960563
1718187020478618368.000000000,-1.707452148,2.408325684,1.401341309,0.925927601,0.040990251,0.058508160,-0.370883636
1718187020488618496.000000000,-1.714101807,2.413575684,1.401071777,0.926282831,0.039540946,0.057476634,-0.370314821
1718187020498618368.000000000,-1.720640259,2.418749756,1.400816650,0.926632055,0.038515322,0.057054046,-0.369613907
1718187020508618240.000000000,-1.727102173,2.423847412,1.400547974,0.927106185,0.037502374,0.056541033,-0.368606572
1718187020518618368.000000000,-1.733504761,2.428919678,1.400307007,0.927343854,0.037390927,0.056250133,-0.368064148
1718187020528618496.000000000,-1.739907837,2.434006836,1.400074585,0.927543588,0.037143894,0.056099933,-0.367608517
1718187020538618368.000000000,-1.746303833,2.439131104,1.399848022,0.927608350,0.036977199,0.055250020,-0.367590630
1718187020548618240.000000000,-1.752628418,2.444276611,1.399572388,0.927752037,0.037201369,0.052065971,-0.367670166
1718187020558618368.000000000,-1.759025146,2.449520264,1.399464600,0.927545289,0.037615757,0.050275589,-0.368398095
1718187020568618240.000000000,-1.765408447,2.454839844,1.399418701,0.927260647,0.038052922,0.048256874,-0.369338520
1718187020578618368.000000000,-1.771505981,2.460217285,1.399290161,0.926436589,0.035794061,0.046268806,-0.371877977
1718187020588618240.000000000,-1.777614990,2.465655518,1.399292358,0.925989897,0.034926902,0.044267866,-0.373313780
1718187020598618368.000000000,-1.783405029,2.471086426,1.399062622,0.925573983,0.037156467,0.043870503,-0.374175864
1718187020608618496.000000000,-1.789138428,2.476575684,1.399078979,0.925120688,0.036421925,0.043415304,-0.375420122
1718187020618618368.000000000,-1.794645752,2.482128418,1.399115112,0.924728896,0.035551369,0.043495099,-0.376458158
1718187020628618240.000000000,-1.800020874,2.487712402,1.399158936,0.924428215,0.034736214,0.044443921,-0.377161251
1718187020638618368.000000000,-1.805310547,2.493292480,1.399189331,0.924211885,0.033924942,0.045547840,-0.377633266
1718187020648618496.000000000,-1.810525879,2.498922852,1.399204834,0.924099378,0.033333726,0.046971916,-0.377786766
1718187020658618368.000000000,-1.815767944,2.504592773,1.399158447,0.924137364,0.032796070,0.048266986,-0.377577607
1718187020668618240.000000000,-1.821053589,2.510344971,1.399091797,0.924207469,0.032304918,0.049359658,-0.377306997
1718187020678618368.000000000,-1.826390503,2.516158447,1.398953857,0.924258392,0.031985460,0.050265355,-0.377089842
1718187020688618496.000000000,-1.831825684,2.522088135,1.398778931,0.924287519,0.032049565,0.050667623,-0.376959148
1718187020698618368.000000000,-1.837330933,2.528088623,1.398510864,0.924278927,0.032399644,0.050670142,-0.376949951
1718187020708618240.000000000,-1.842908691,2.534152832,1.398209351,0.924116352,0.033068251,0.050441947,-0.377320910
1718187020718618368.000000000,-1.848544434,2.540293213,1.397875488,0.923992359,0.033577798,0.049924599,-0.377648231
1718187020728618240.000000000,-1.854183716,2.546496094,1.397468628,0.923739386,0.034589896,0.049465412,-0.378235719
1718187020738618368.000000000,-1.859846191,2.552746582,1.397011108,0.923520144,0.035773839,0.049026275,-0.378717838
1718187020748618240.000000000,-1.865491089,2.559046143,1.396523926,0.923343708,0.036925781,0.048867905,-0.379057795
1718187020758618368.000000000,-1.871101563,2.565416748,1.395980835,0.923127771,0.038017452,0.049086737,-0.379447340
1718187020768618496.000000000,-1.876684448,2.571899170,1.395437012,0.922957076,0.039017193,0.049476087,-0.379710430
1718187020778618368.000000000,-1.882266602,2.578451660,1.394845215,0.922786366,0.039363319,0.050321470,-0.379978422
1718187020788618240.000000000,-1.887858276,2.585085938,1.394252441,0.922723481,0.039405618,0.051313407,-0.379994091
1718187020798618368.000000000,-1.893505615,2.591810303,1.393635010,0.922786376,0.039190874,0.052359262,-0.379720802
1718187020808618496.000000000,-1.899220947,2.598587646,1.393020630,0.923002976,0.038819546,0.053280617,-0.379103845
1718187020818618368.000000000,-1.905037598,2.605417236,1.392402100,0.923303389,0.038204877,0.054230472,-0.378299214
1718187020828618240.000000000,-1.910949829,2.612287842,1.391802490,0.923697153,0.037831735,0.054815350,-0.377289818
1718187020838618368.000000000,-1.916986084,2.619218262,1.391349121,0.924290022,0.035787808,0.054987632,-0.376010038
1718187020848618496.000000000,-1.923041138,2.626142090,1.390803101,0.924817903,0.035781015,0.055380927,-0.374652529
1718187020858618368.000000000,-1.929102173,2.633081055,1.390306152,0.925286203,0.035959060,0.056095194,-0.373370750
1718187020868618240.000000000,-1.935120361,2.640044434,1.389876953,0.925606678,0.036279054,0.057126864,-0.372387739
1718187020878618368.000000000,-1.941094482,2.647065186,1.389500122,0.925851240,0.036951890,0.058144892,-0.371555124
1718187020888618240.000000000,-1.947032593,2.654108398,1.389205811,0.925993844,0.037642172,0.059561187,-0.370905559
1718187020898618368.000000000,-1.952930664,2.661234131,1.388977417,0.926090521,0.038785902,0.061068649,-0.370300716
1718187020908618240.000000000,-1.958791748,2.668375244,1.388838135,0.926068111,0.039960504,0.062679073,-0.369962628
1718187020918618368.000000000,-1.964669067,2.675538330,1.388745728,0.926076905,0.041319327,0.064105999,-0.369546615
1718187020928618496.000000000,-1.970562378,2.682726807,1.388709839,0.926179733,0.042961829,0.065492131,-0.368857919
1718187020938618368.000000000,-1.976489990,2.689895264,1.388707397,0.926385807,0.044908652,0.066556757,-0.367916768
1718187020948618240.000000000,-1.982441406,2.697056885,1.388763916,0.926608817,0.047006652,0.067718397,-0.366879673
1718187020958618368.000000000,-1.988425049,2.704254883,1.388889526,0.927001061,0.049195040,0.068633753,-0.365428912
1718187020968618496.000000000,-1.994394409,2.711467041,1.389039429,0.927458608,0.051468593,0.069763738,-0.363736905
1718187020978618368.000000000,-2.000312134,2.718722900,1.389254150,0.927920746,0.053333013,0.070794243,-0.362086806
1718187020988618240.000000000,-2.006197632,2.726071533,1.389503784,0.928254632,0.054952813,0.071653940,-0.360817461
1718187020998618368.000000000,-2.012055664,2.733532715,1.389792358,0.928584492,0.056495108,0.072272722,-0.359605057
1718187021008618496.000000000,-2.017872803,2.741093018,1.390016968,0.928705157,0.058740815,0.073137868,-0.358757719
1718187021018618368.000000000,-2.023661865,2.748787598,1.390290649,0.928639539,0.059372071,0.074511597,-0.358540912
1718187021028618240.000000000,-2.029513550,2.756681641,1.390819580,0.929166012,0.057607304,0.072676701,-0.357840771
1718187021038618368.000000000,-2.035487183,2.764529053,1.391310791,0.929517790,0.056089493,0.070023264,-0.357697343
1718187021048618496.000000000,-2.041465942,2.772381836,1.391667847,0.930259018,0.054384437,0.066327921,-0.356736737
1718187021058618368.000000000,-2.047528564,2.780240723,1.392236328,0.930790412,0.051596787,0.064872396,-0.356031673
1718187021068618240.000000000,-2.053580322,2.787977295,1.392754150,0.931821680,0.048703331,0.061829756,-0.354278738
1718187021078618368.000000000,-2.059579590,2.795624512,1.393298950,0.932968795,0.045953197,0.058951293,-0.352111171
1718187021088618496.000000000,-2.065441895,2.803276367,1.393911621,0.933964581,0.043410081,0.057082022,-0.350096228
1718187021098618368.000000000,-2.071192383,2.810659180,1.394372559,0.935190362,0.042291076,0.055045152,-0.347275802
1718187021108618240.000000000,-2.076792236,2.818023926,1.394966431,0.936083096,0.041050998,0.054233646,-0.345140501
1718187021118618368.000000000,-2.082342773,2.825237793,1.395572144,0.936868325,0.040074808,0.054310955,-0.343106501
1718187021128618496.000000000,-2.087727295,2.832447021,1.396094971,0.937312676,0.039540380,0.054442573,-0.341932028
1718187021138618368.000000000,-2.093006348,2.839631348,1.396629395,0.937569012,0.039201143,0.054958094,-0.341185033
1718187021148618240.000000000,-2.098189453,2.846778809,1.397142578,0.937681167,0.038588847,0.055205332,-0.340906587
1718187021158618368.000000000,-2.103342285,2.853915527,1.397665771,0.937585316,0.038395483,0.055394584,-0.341161256
1718187021168618496.000000000,-2.108471191,2.860963135,1.398193604,0.937444075,0.038001153,0.055399923,-0.341592398
1718187021178618368.000000000,-2.113615479,2.867964600,1.398725952,0.937340863,0.037664940,0.055047926,-0.341969566
1718187021188618240.000000000,-2.118746826,2.874870850,1.399270142,0.937289303,0.037371293,0.054408015,-0.342245404
1718187021198618368.000000000,-2.123888916,2.881674072,1.399817261,0.937370618,0.037292609,0.053613330,-0.342156683
1718187021208618496.000000000,-2.129050537,2.888385498,1.400362183,0.937581217,0.036998267,0.052709338,-0.341751834
1718187021218618368.000000000,-2.134219482,2.894973633,1.400875000,0.937835673,0.036893703,0.051907780,-0.341187175
1718187021228618240.000000000,-2.139375732,2.901508301,1.401380371,0.938224170,0.036404734,0.050959649,-0.340313410
1718187021238618368.000000000,-2.144557617,2.907954102,1.401908936,0.938582274,0.035618035,0.051021116,-0.339398757
1718187021248618496.000000000,-2.149588379,2.914468994,1.402292358,0.938755841,0.035280696,0.049700267,-0.339149860
1718187021258618368.000000000,-2.154643799,2.920880371,1.402674683,0.938908195,0.034325659,0.049388875,-0.338871494
1718187021268618240.000000000,-2.159656738,2.927276855,1.403029541,0.938967197,0.033168506,0.049295777,-0.338836805
1718187021278618368.000000000,-2.164664551,2.933624023,1.403321899,0.938936862,0.031990549,0.049490828,-0.339005653
1718187021288618496.000000000,-2.169663330,2.939893311,1.403531860,0.938953781,0.031023362,0.049679395,-0.339021100
1718187021298618368.000000000,-2.174697998,2.946093506,1.403707153,0.938977665,0.029973924,0.049764512,-0.339036873
1718187021308618240.000000000,-2.179812500,2.952208984,1.403817017,0.939092107,0.029194510,0.049756599,-0.338788984
1718187021318618368.000000000,-2.185020264,2.958222412,1.403837036,0.939333274,0.028686345,0.049585803,-0.338188325
1718187021328618496.000000000,-2.190323730,2.964155273,1.403810669,0.939653549,0.028629277,0.049040301,-0.337382011
1718187021338618368.000000000,-2.195728027,2.969997803,1.403687378,0.939957285,0.029024602,0.048331420,-0.336603547
1718187021348618240.000000000,-2.201177246,2.975756348,1.403422974,0.940207152,0.027097910,0.047730485,-0.336151775
1718187021358618368.000000000,-2.206718994,2.981469727,1.403244385,0.940536750,0.027636385,0.047498551,-0.335217451
1718187021368618496.000000000,-2.212096436,2.987252441,1.402788086,0.940842183,0.028879576,0.045307618,-0.334558182
1718187021378618368.000000000,-2.217550049,2.993141113,1.402701416,0.940415696,0.031498934,0.046347113,-0.335377520
1718187021388618240.000000000,-2.222994141,2.998849121,1.402399658,0.940390003,0.031581178,0.046824398,-0.335375533
1718187021398618368.000000000,-2.228412842,3.004615967,1.401990356,0.940115828,0.032335158,0.047260354,-0.336010604
1718187021408618496.000000000,-2.233789063,3.010412109,1.401532104,0.939787156,0.033118019,0.046928655,-0.336899093
1718187021418618368.000000000,-2.239337158,3.016030273,1.401102539,0.939708459,0.033481676,0.047869007,-0.336950365
1718187021428618240.000000000,-2.244863281,3.021776123,1.400551270,0.939502711,0.034416938,0.047246716,-0.337517227
1718187021438618368.000000000,-2.250603516,3.027329346,1.400041626,0.939559068,0.034816232,0.047790624,-0.337242707
1718187021448618496.000000000,-2.256340088,3.033017090,1.399401123,0.939543519,0.035653132,0.046695797,-0.337351940
1718187021458618368.000000000,-2.262215332,3.038630615,1.398782593,0.939730027,0.036192002,0.046011483,-0.336868756
1718187021468618240.000000000,-2.268184814,3.044198975,1.398152832,0.939953171,0.036409310,0.045735856,-0.336259765
1718187021478618368.000000000,-2.274141357,3.049839844,1.397447876,0.939968020,0.036951123,0.045045144,-0.336252391
1718187021488618496.000000000,-2.280060791,3.055510742,1.396723267,0.939946746,0.037096358,0.044521248,-0.336365625
1718187021498618368.000000000,-2.285866699,3.061323486,1.395976074,0.939753186,0.037405650,0.043668352,-0.336983445
1718187021508618240.000000000,-2.291678223,3.067022949,1.395308838,0.939645144,0.036636668,0.044341718,-0.337281143
1718187021518618368.000000000,-2.297373535,3.072810303,1.394635498,0.939378563,0.036306240,0.044962488,-0.337976548
1718187021528618496.000000000,-2.302929443,3.078716064,1.393948608,0.938957136,0.036023178,0.045291122,-0.339132041
1718187021538618368.000000000,-2.308539063,3.084477051,1.393346436,0.938747912,0.035106193,0.046734693,-0.339611220
1718187021548618240.000000000,-2.314077881,3.090289551,1.392744507,0.938505586,0.034827451,0.047800760,-0.340160845
1718187021558618368.000000000,-2.319661377,3.096041748,1.392080200,0.938308694,0.033069481,0.048917556,-0.340720233
1718187021568618240.000000000,-2.325224121,3.101891113,1.391519287,0.938031972,0.035523261,0.049064020,-0.341213773
1718187021578618368.000000000,-2.330960449,3.107549072,1.390958740,0.937970230,0.035875811,0.050373679,-0.341155780
1718187021588618240.000000000,-2.336724365,3.113274902,1.390343018,0.937800965,0.036669231,0.050928327,-0.341454276
1718187021598618368.000000000,-2.342501953,3.119076172,1.389683716,0.937465924,0.037718154,0.050888170,-0.342265067
1718187021608618496.000000000,-2.348413086,3.124787354,1.389050781,0.937197170,0.038030044,0.051551846,-0.342866721
1718187021618618368.000000000,-2.354288818,3.130676514,1.388372314,0.936662219,0.038517641,0.051118820,-0.344335802
1718187021628618240.000000000,-2.360304932,3.136474365,1.387801270,0.936217569,0.037779735,0.051749498,-0.345530527
1718187021638618368.000000000,-2.366288574,3.142407715,1.387154785,0.935636626,0.037232271,0.050891852,-0.347286454
1718187021648618496.000000000,-2.372462158,3.148178223,1.386639771,0.935214416,0.035632807,0.051324110,-0.348525659
1718187021658618368.000000000,-2.378552002,3.154048828,1.385995605,0.934856474,0.034501685,0.049210658,-0.349901868
1718187021668618240.000000000,-2.384852295,3.159693848,1.385521362,0.934822546,0.032736913,0.048265280,-0.350293540
1718187021678618368.000000000,-2.391166992,3.165294189,1.385037354,0.934943404,0.031493461,0.046296202,-0.350350759
1718187021688618496.000000000,-2.397524414,3.170829102,1.384617310,0.935208322,0.030591293,0.043976901,-0.350022283
1718187021698618368.000000000,-2.403899414,3.176262451,1.384285889,0.935679003,0.029875525,0.041370725,-0.349142836
1718187021708618240.000000000,-2.410250977,3.181640381,1.384025635,0.936143879,0.029932707,0.038753696,-0.348190784
1718187021718618368.000000000,-2.416533936,3.186969238,1.383827881,0.936552114,0.030178284,0.036418774,-0.347322735
1718187021728618240.000000000,-2.422743408,3.192284424,1.383684448,0.936907754,0.030900788,0.034332414,-0.346511598
1718187021738618368.000000000,-2.428871826,3.197594971,1.383583984,0.937074937,0.031766716,0.032798339,-0.346129610
1718187021748618240.000000000,-2.434896729,3.202956787,1.383530273,0.937067092,0.032675370,0.031499563,-0.346186889
1718187021758618368.000000000,-2.440811279,3.208358398,1.383498535,0.936973624,0.033789762,0.030471793,-0.346424812
1718187021768618496.000000000,-2.446639160,3.213794922,1.383494019,0.936739935,0.034139996,0.029957235,-0.347066736
1718187021778618368.000000000,-2.452384521,3.219255615,1.383524170,0.936447086,0.034647395,0.029644295,-0.347832759
1718187021788618240.000000000,-2.458062012,3.224742676,1.383581177,0.936258773,0.034366003,0.029724786,-0.348360339
1718187021798618368.000000000,-2.463451172,3.230520508,1.383851318,0.936202502,0.036240790,0.027491543,-0.348504943
1718187021808618496.000000000,-2.469027344,3.235873047,1.384045288,0.936336275,0.035020596,0.028485942,-0.348190306
1718187021818618368.000000000,-2.474422852,3.241246826,1.384227295,0.936657151,0.034217385,0.027934769,-0.347451006
1718187021828618240.000000000,-2.479629395,3.246713867,1.384568481,0.936696989,0.033030068,0.029422775,-0.347335666
1718187021838618368.000000000,-2.484739990,3.252098877,1.384927612,0.936924482,0.032021021,0.030287217,-0.346741769
1718187021848618496.000000000,-2.489715332,3.257482910,1.385300781,0.937105848,0.030907051,0.031270915,-0.346265091
1718187021858618368.000000000,-2.494336914,3.262658691,1.385508423,0.935768700,0.027057656,0.032597774,-0.350060293
1718187021868618240.000000000,-2.499213623,3.267909912,1.385939819,0.936067854,0.026100785,0.033556878,-0.349241547
1718187021878618368.000000000,-2.503948730,3.273278564,1.386344971,0.936057226,0.024752695,0.034382161,-0.349287905
1718187021888618240.000000000,-2.508705078,3.278560791,1.386689819,0.936274150,0.024227959,0.034548289,-0.348726452
1718187021898618368.000000000,-2.513283447,3.284000000,1.387084351,0.935901705,0.023058200,0.035833883,-0.349674493
1718187021908618240.000000000,-2.518132080,3.289215332,1.387225830,0.936074994,0.023762167,0.034776055,-0.349270083
1718187021918618368.000000000,-2.522622070,3.294719238,1.387780518,0.935922034,0.025275485,0.036862943,-0.349359727
1718187021928618496.000000000,-2.527209229,3.300238525,1.388121948,0.936455324,0.023385192,0.035706092,-0.348180462
1718187021938618368.000000000,-2.531956543,3.305456299,1.388206299,0.936535652,0.025307805,0.036488908,-0.347748539
1718187021948618240.000000000,-2.536651123,3.310810791,1.388292480,0.936736855,0.025682903,0.037018370,-0.347122591
1718187021958618368.000000000,-2.541493164,3.316125977,1.388201050,0.937004107,0.026455623,0.036776874,-0.346368107
1718187021968618496.000000000,-2.546188477,3.321582275,1.388152710,0.937295585,0.027505557,0.037180103,-0.345453428
1718187021978618368.000000000,-2.550548096,3.326144287,1.388423096,0.939651771,0.024811675,0.040582161,-0.338809708
1718187021988618240.000000000,-2.555082275,3.331935059,1.388011353,0.939964380,0.025970162,0.038530361,-0.338094554
1718187021998618368.000000000,-2.559845215,3.337567627,1.387966797,0.940221766,0.025524702,0.039946437,-0.337247391
1718187022008618496.000000000,-2.564522949,3.343472656,1.387875732,0.940251680,0.024207479,0.041490504,-0.337074641
1718187022018618368.000000000,-2.569225830,3.349412354,1.387560059,0.940477581,0.024335988,0.041900103,-0.336383800
1718187022028618240.000000000,-2.573722168,3.355597656,1.386926880,0.940689438,0.029077902,0.039282825,-0.335730124
1718187022038618368.000000000,-2.577844482,3.361842041,1.386282471,0.940309371,0.029045784,0.043233340,-0.336311622
1718187022048618496.000000000,-2.582700439,3.367570313,1.385886108,0.940998966,0.029772041,0.041441057,-0.334540296
1718187022058618368.000000000,-2.587253906,3.373815674,1.385423096,0.941365729,0.028859671,0.042598395,-0.333441239
1718187022068618240.000000000,-2.591612549,3.380315186,1.384757935,0.941511910,0.028194655,0.043712004,-0.332940903
1718187022078618368.000000000,-2.596126709,3.386473633,1.384239746,0.942112405,0.028173803,0.044212162,-0.331173273
1718187022088618496.000000000,-2.600855469,3.392156982,1.383919189,0.942945046,0.028566448,0.044393345,-0.328736718
1718187022098618368.000000000,-2.605369141,3.398167236,1.383514893,0.943575327,0.028048196,0.044700322,-0.326926264
1718187022108618240.000000000,-2.609721924,3.404240723,1.383085083,0.944084478,0.028453535,0.045553597,-0.325299501
1718187022118618368.000000000,-2.613865723,3.410519287,1.382616821,0.944588935,0.027270112,0.047737516,-0.323618933
1718187022128618496.000000000,-2.618000244,3.416677490,1.382091797,0.945119701,0.028163179,0.048547796,-0.321867516
1718187022138618368.000000000,-2.622632813,3.422329590,1.382092163,0.945076339,0.028239569,0.049850264,-0.321789047
1718187022148618240.000000000,-2.626729004,3.428260010,1.381767700,0.945949917,0.028158705,0.051303040,-0.318988776
1718187022158618368.000000000,-2.630672852,3.434230469,1.381473877,0.946732524,0.027792977,0.053303659,-0.316360234
1718187022168618496.000000000,-2.634744385,3.439937256,1.381272217,0.947498491,0.029279746,0.055116345,-0.313610418
1718187022178618368.000000000,-2.638704834,3.445668945,1.381023560,0.948555533,0.029307768,0.055828925,-0.310268571
1718187022188618240.000000000,-2.643576660,3.450147217,1.381280762,0.947986798,0.023412915,0.050637497,-0.313382691
1718187022198618368.000000000,-2.647625732,3.455551270,1.381030029,0.948951314,0.024852744,0.049837597,-0.310467322
1718187022208618496.000000000,-2.651576904,3.461098633,1.381025513,0.949973831,0.025023647,0.050701083,-0.307169234
1718187022218618368.000000000,-2.655820801,3.467274902,1.380948853,0.952327896,0.036333368,0.056244932,-0.297637317
1718187022228618240.000000000,-2.659672119,3.472939697,1.380926514,0.953332653,0.037209985,0.057587684,-0.294033889
1718187022238618368.000000000,-2.663459229,3.478647217,1.381093872,0.953986107,0.037082271,0.059218352,-0.291596637
1718187022248618496.000000000,-2.667328857,3.483517334,1.380447510,0.955324758,0.014077633,0.053339000,-0.290364216
1718187022258618368.000000000,-2.671159912,3.488988037,1.380634155,0.955791543,0.012932449,0.052997376,-0.288940403
1718187022268618240.000000000,-2.675061279,3.494252197,1.380801758,0.956987332,0.013978973,0.050000057,-0.285446719
1718187022278618368.000000000,-2.678748047,3.499836914,1.381262573,0.957993627,0.013733109,0.048537142,-0.282318539
1718187022288618496.000000000,-2.682474854,3.505381592,1.381744629,0.959073860,0.011109935,0.046805465,-0.279039691
1718187022298618368.000000000,-2.684747314,3.511264648,1.382667358,0.960008676,0.010541267,0.051346096,-0.275019639
1718187022308618240.000000000,-2.687935547,3.516568115,1.383275513,0.961036714,0.010651930,0.051465952,-0.271378382
1718187022318618368.000000000,-2.690831299,3.520810059,1.384098389,0.964638349,0.005738699,0.059697381,-0.256663487
1718187022328618496.000000000,-2.693755371,3.525978516,1.385057129,0.965284748,0.005398326,0.063763253,-0.253239928
1718187022338618368.000000000,-2.695280991,3.535470588,1.383673960,0.962210821,0.020392521,0.060482389,-0.264719403
1718187022348618240.000000000,-2.696753418,3.544919189,1.382126831,0.958934162,0.035262256,0.056538793,-0.275690427
1718187022358618368.000000000,-2.699570557,3.550345703,1.382614380,0.958995045,0.036455887,0.057791199,-0.275062991
1718187022368618496.000000000,-2.702379395,3.555904297,1.382953491,0.959074425,0.037574789,0.058371829,-0.274512498
1718187022378618368.000000000,-2.705554199,3.561209717,1.383453735,0.959096640,0.038794562,0.057936164,-0.274357465
1718187022388618240.000000000,-2.708879639,3.566665283,1.383590698,0.958923501,0.040662543,0.054964526,-0.275301974
1718187022398618368.000000000,-2.711825439,3.571955322,1.384005371,0.957522623,0.044898995,0.049271312,-0.280547400
1718187022408618496.000000000,-2.715079102,3.577767090,1.383802246,0.957336718,0.048351894,0.047409649,-0.280928509
1718187022418618368.000000000,-2.719315674,3.582030518,1.384788086,0.957183036,0.044941274,0.042224802,-0.282839149
1718187022428618240.000000000,-2.722597656,3.587554443,1.384700806,0.957325395,0.044684068,0.040359187,-0.282670407
1718187022438618368.000000000,-2.725950439,3.592844971,1.384725952,0.957472368,0.043094417,0.037905409,-0.282759114
1718187022448618496.000000000,-2.729188477,3.598126221,1.384630493,0.957683848,0.040758304,0.035873398,-0.282654397
1718187022458618368.000000000,-2.732302734,3.603331543,1.384502563,0.958007478,0.039086340,0.034629090,-0.281948144
1718187022468618240.000000000,-2.735275391,3.608430908,1.384292603,0.958523864,0.037008391,0.034049115,-0.280540619
1718187022478618368.000000000,-2.738118408,3.613429932,1.384095093,0.958967043,0.035105691,0.033601321,-0.279321950
1718187022488618496.000000000,-2.740966797,3.618115479,1.383983765,0.959336016,0.032789789,0.033687053,-0.278324308
1718187022498618368.000000000,-2.743610107,3.622874023,1.383688965,0.959771757,0.031168317,0.034308768,-0.276928906
1718187022508618240.000000000,-2.746281738,3.627344727,1.383523071,0.960043556,0.029799005,0.035351728,-0.276004792
1718187022518618368.000000000,-2.748884033,3.631787354,1.383237915,0.960164383,0.029372352,0.035981998,-0.275548397
1718187022528618496.000000000,-2.751519775,3.636098389,1.382898071,0.960318719,0.029280312,0.036875656,-0.274901452
1718187022538618368.000000000,-2.754316895,3.640131836,1.382552612,0.960396570,0.028631766,0.037105757,-0.274666732
1718187022548618240.000000000,-2.757120605,3.644105469,1.382095825,0.960308823,0.028662010,0.036874211,-0.275001358
1718187022558618368.000000000,-2.759943115,3.648047363,1.381500610,0.960122719,0.029446449,0.036109586,-0.275668948
1718187022568618240.000000000,-2.762783447,3.651987793,1.380783081,0.960040132,0.031169334,0.035576217,-0.275836456
1718187022578618368.000000000,-2.765843018,3.655847900,1.379903442,0.959599754,0.035868026,0.034688238,-0.276908872
1718187022588618240.000000000,-2.768791748,3.659479248,1.379186279,0.959484777,0.037185428,0.034079394,-0.277208949
1718187022598618368.000000000,-2.771619385,3.663205566,1.378276367,0.959257344,0.037286649,0.033495726,-0.278052314
1718187022608618496.000000000,-2.774544678,3.666729248,1.377475708,0.959001478,0.038033895,0.032936484,-0.278899223
1718187022618618368.000000000,-2.777557617,3.670093506,1.376810181,0.958857519,0.038837321,0.033054899,-0.279269217
1718187022628618240.000000000,-2.780310547,3.673757568,1.375805176,0.958667312,0.038618135,0.032765406,-0.279985808
1718187022638618368.000000000,-2.783324463,3.677031494,1.375035645,0.958667947,0.037229535,0.032714976,-0.280177550
1718187022648618496.000000000,-2.786111572,3.680648193,1.373990723,0.958805409,0.037626033,0.032346187,-0.279696608
1718187022658618368.000000000,-2.788987549,3.684029053,1.372984985,0.958981300,0.036236461,0.030961614,-0.279433647
1718187022668618240.000000000,-2.792066406,3.687061523,1.372192749,0.959325558,0.035304989,0.030058136,-0.278468204
1718187022678618368.000000000,-2.794962646,3.690256592,1.371210083,0.959537497,0.035520680,0.028806153,-0.277842182
1718187022688618496.000000000,-2.797825684,3.693441162,1.370110840,0.959879551,0.034985013,0.027063560,-0.276902258
1718187022698618368.000000000,-2.800947510,3.696156494,1.369431274,0.960233093,0.035222442,0.025968342,-0.275748858
1718187022708618240.000000000,-2.803729248,3.699207764,1.368477539,0.960265721,0.035761546,0.024506428,-0.275699640
1718187022718618368.000000000,-2.806470703,3.702148438,1.367542114,0.960279936,0.036613091,0.023182172,-0.275652884
1718187022728618240.000000000,-2.809384033,3.704817139,1.366936523,0.960170129,0.038248504,0.022466487,-0.275872492
1718187022738618368.000000000,-2.811837402,3.707902344,1.365922241,0.959866934,0.039469821,0.021546305,-0.276827308
1718187022748618240.000000000,-2.814515381,3.710712891,1.365298462,0.959499866,0.042155055,0.021611612,-0.277697491
1718187022758618368.000000000,-2.817095703,3.713505859,1.364645508,0.958999571,0.044260430,0.021463807,-0.279105969
1718187022768618496.000000000,-2.819621826,3.716398926,1.363896240,0.958670579,0.045082795,0.021521790,-0.280098332
1718187022778618368.000000000,-2.822343750,3.719011719,1.363419922,0.958230378,0.047140062,0.022013426,-0.281225472
1718187022788618240.000000000,-2.824760010,3.722215332,1.362458496,0.957911920,0.048764040,0.022288708,-0.282010702
1718187022798618368.000000000,-2.827731201,3.724711182,1.362050537,0.957742969,0.048937767,0.022743103,-0.282517701
1718187022808618496.000000000,-2.830585205,3.727595459,1.361400635,0.957596010,0.050630325,0.022980334,-0.282698350
1718187022818618368.000000000,-2.833375244,3.730737793,1.360447754,0.957544782,0.050133376,0.022129781,-0.283028103
1718187022828618240.000000000,-2.836697266,3.733288574,1.360073975,0.957546993,0.050073814,0.021138930,-0.283106898
1718187022838618368.000000000,-2.839964111,3.735931885,1.359589233,0.957657691,0.048723164,0.020171839,-0.283038685
1718187022848618496.000000000,-2.842993652,3.739010254,1.358796143,0.957793251,0.047118447,0.018394849,-0.282972736
1718187022858618368.000000000,-2.846329834,3.741640137,1.358394165,0.957920253,0.046356951,0.017544755,-0.282722485
1718187022868618240.000000000,-2.849682617,3.744103760,1.358073364,0.957976659,0.045592551,0.016060820,-0.282743860
1718187022878618368.000000000,-2.852970459,3.746558350,1.357685913,0.958211045,0.044245566,0.015758292,-0.282180082
1718187022888618240.000000000,-2.856169678,3.749109619,1.357224731,0.958350241,0.043623776,0.015651706,-0.281809877
1718187022898618368.000000000,-2.859420654,3.751500488,1.356876465,0.958537536,0.044116270,0.016134875,-0.281067986
1718187022908618240.000000000,-2.863073242,3.753168701,1.356988647,0.958551735,0.043328332,0.016075201,-0.281145541
1718187022918618368.000000000,-2.866103027,3.755893555,1.356261963,0.958372129,0.044957480,0.015705013,-0.281522718
1718187022928618496.000000000,-2.869512695,3.758017822,1.355957275,0.958184500,0.046628392,0.015361475,-0.281908287
1718187022938618368.000000000,-2.873030518,3.760046631,1.355676758,0.957856527,0.046209419,0.013679638,-0.283175619
1718187022948618240.000000000,-2.876550781,3.762296631,1.355279663,0.957681439,0.047348403,0.012870432,-0.283617247
1718187022958618368.000000000,-2.879906738,3.764734863,1.354713135,0.957394197,0.048415517,0.011020519,-0.284483456
1718187022968618496.000000000,-2.883438477,3.766871094,1.354425293,0.957182376,0.048706489,0.009681953,-0.285194384
1718187022978618368.000000000,-2.886935791,3.768763916,1.354255127,0.957045497,0.046928849,0.007833895,-0.286007394
1718187022988618240.000000000,-2.890201660,3.770897949,1.354002686,0.956940076,0.046328498,0.007296848,-0.286471844
1718187022998618368.000000000,-2.892963135,3.773386963,1.353568604,0.956702749,0.047032162,0.006637154,-0.287165062
1718187023008618496.000000000,-2.895983398,3.773425293,1.355290405,0.954016433,0.044862074,-0.004062770,-0.296350358
1718187023018618368.000000000,-2.898389160,3.776006348,1.354870728,0.954518328,0.046045674,-0.001202258,-0.294572760
1718187023028618240.000000000,-2.900979248,3.777646973,1.355130615,0.954133618,0.044458187,0.000094414,-0.296061649
1718187023038618368.000000000,-2.903062012,3.779973389,1.354882446,0.953919277,0.045194935,0.001837470,-0.296634547
1718187023048618496.000000000,-2.905605225,3.781232178,1.355248901,0.953544080,0.043096307,0.003593624,-0.298133330
1718187023058618368.000000000,-2.907415527,3.784029541,1.354640625,0.953348272,0.045281779,0.004826814,-0.298418053
1718187023068618240.000000000,-2.910110840,3.785061523,1.355202515,0.952788988,0.042906217,0.005342348,-0.300538949
1718187023078618368.000000000,-2.912036133,3.787729736,1.354651123,0.952625697,0.045748198,0.005938864,-0.300626202
1718187023088618496.000000000,-2.914800049,3.788574219,1.355250244,0.951993232,0.043327633,0.005455014,-0.302988195
1718187023098618368.000000000,-2.917140869,3.790516846,1.355155884,0.951571132,0.044977761,0.005068995,-0.304078423
1718187023108618240.000000000,-2.919387695,3.792744629,1.354880981,0.951565444,0.046395163,0.004253226,-0.303895714
1718187023118618368.000000000,-2.921886719,3.794033447,1.355189819,0.950927626,0.045178199,0.002022518,-0.306090655
1718187023128618496.000000000,-2.923778076,3.796776611,1.354564087,0.951201187,0.048250451,0.001819003,-0.304770221
1718187023138618368.000000000,-2.926500732,3.797469971,1.355242432,0.950786492,0.044523601,0.000667618,-0.306630478
1718187023148618240.000000000,-2.928219727,3.800340332,1.354583862,0.950944173,0.047680950,0.000476693,-0.305665634
1718187023158618368.000000000,-2.930730957,3.801300293,1.355187256,0.950713877,0.044008634,0.000029191,-0.306930552
1718187023168618496.000000000,-2.932345459,3.804248291,1.354463135,0.951107745,0.046793346,0.000924722,-0.305292621
1718187023178618368.000000000,-2.934894287,3.804983887,1.355210815,0.950745542,0.043249756,0.000653851,-0.306939645
1718187023188618240.000000000,-2.936505615,3.807968018,1.354535278,0.951016030,0.046016362,0.001373403,-0.305694487
1718187023198618368.000000000,-2.938988525,3.809042969,1.355087524,0.950696960,0.043607924,0.000882250,-0.307038858
1718187023208618496.000000000,-2.941488525,3.810136475,1.355786377,0.950590991,0.040772587,0.005526786,-0.307707360
1718187023218618368.000000000,-2.943784424,3.811794922,1.355886475,0.950319319,0.039323486,0.004793063,-0.308745659
1718187023228618240.000000000,-2.944957520,3.814493408,1.355980591,0.946017099,0.053980657,-0.006116718,-0.319531412
1718187023238618368.000000000,-2.946533447,3.818010010,1.355393921,0.945336181,0.066552418,-0.008533176,-0.319119829
1718187023248618496.000000000,-2.948269775,3.822071777,1.354530884,0.946442391,0.080936280,-0.007688786,-0.312469200
1718187023258618368.000000000,-2.950691650,3.823347168,1.354505249,0.945688655,0.073918501,-0.009074392,-0.316427999
1718187023268618240.000000000,-2.953349201,3.823800340,1.354733572,0.944306003,0.061140020,-0.010953044,-0.323153373
1718187023278618368.000000000,-2.956068404,3.824193796,1.354990765,0.942801389,0.048649374,-0.012675816,-0.329542263
1718187023288618496.000000000,-2.958846838,3.824527946,1.355275639,0.941193363,0.036452082,-0.014260116,-0.335593426
1718187023298618368.000000000,-2.961682082,3.824803199,1.355587003,0.939499860,0.024552931,-0.015722627,-0.341306263
1718187023308618240.000000000,-2.964571712,3.825019966,1.355923668,0.937738182,0.012956036,-0.017079290,-0.346680748
1718187023318618368.000000000,-2.967513308,3.825178657,1.356284444,0.935924980,0.001664899,-0.018345287,-0.351717372
1718187023328618496.000000000,-2.970504447,3.825279682,1.356668143,0.934076243,-0.009317541,-0.019535029,-0.356417085
1718187023338618368.000000000,-2.973542707,3.825323450,1.357073573,0.932207285,-0.019988851,-0.020662145,-0.360781236
1718187023348618240.000000000,-2.976625666,3.825310372,1.357499547,0.930332738,-0.030347057,-0.021739475,-0.364811524
1718187023358618368.000000000,-2.979750903,3.825240858,1.357944874,0.928466549,-0.040390596,-0.022779068,-0.368509947
1718187023368618496.000000000,-2.982915995,3.825115318,1.358408364,0.926621975,-0.050118276,-0.023792179,-0.371878752
1718187023378618368.000000000,-2.986118521,3.824934162,1.358888829,0.924811582,-0.059529228,-0.024789270,-0.374920392
1718187023388618240.000000000,-2.989356058,3.824697799,1.359385078,0.923047247,-0.068622875,-0.025780015,-0.377637487
1718187023398618368.000000000,-2.992626185,3.824406640,1.359895922,0.921340158,-0.077398890,-0.026773299,-0.380032782
1718187023408618496.000000000,-2.995926479,3.824061095,1.360420172,0.919700821,-0.085857168,-0.027777232,-0.382109111
1718187023418618368.000000000,-2.999254519,3.823661573,1.360956637,0.918139060,-0.093997792,-0.028799149,-0.383869366
1718187023428618240.000000000,-3.002607883,3.823208486,1.361504129,0.916664028,-0.101821010,-0.029845622,-0.385316467
1718187023438618368.000000000,-3.005984149,3.822702242,1.362061458,0.915284210,-0.109327204,-0.030922470,-0.386453334
1718187023448618496.000000000,-3.009380894,3.822143251,1.362627433,0.914007428,-0.116516875,-0.032034768,-0.387282860
1718187023458618368.000000000,-3.012795698,3.821531925,1.363200867,0.912840854,-0.123390617,-0.033186859,-0.387807895
1718187023468618240.000000000,-3.016226137,3.820868672,1.363780568,0.911791015,-0.129949104,-0.034382366,-0.388031222
1718187023478618368.000000000,-3.019669791,3.820153904,1.364365348,0.910863800,-0.136193070,-0.035624204,-0.387955540
1718187023488618496.000000000,-3.023124236,3.819388029,1.364954017,0.910064472,-0.142123304,-0.036914591,-0.387583457
1718187023498618368.000000000,-3.026587052,3.818571457,1.365545385,0.909397674,-0.147740632,-0.038255066,-0.386917467
1718187023508618240.000000000,-3.030055816,3.817704600,1.366138263,0.908867438,-0.153045912,-0.039646496,-0.385959951
1718187023518618368.000000000,-3.033528106,3.816787866,1.366731461,0.908477196,-0.158040027,-0.041089095,-0.384713166
1718187023528618496.000000000,-3.037001501,3.815821666,1.367323790,0.908229787,-0.162723881,-0.042582434,-0.383179238
1718187023538618368.000000000,-3.040473578,3.814806410,1.367914060,0.908127466,-0.167098398,-0.044125457,-0.381360164
1718187023548618240.000000000,-3.043941915,3.813742507,1.368501081,0.908171914,-0.171164517,-0.045716494,-0.379257808
1718187023558618368.000000000,-3.047404091,3.812630368,1.369083665,0.908364245,-0.174923198,-0.047353277,-0.376873904
1718187023568618240.000000000,-3.050857684,3.811470403,1.369660621,0.908705018,-0.178375421,-0.049032949,-0.374210060
1718187023578618368.000000000,-3.054300271,3.810263022,1.370230760,0.909194243,-0.181522191,-0.050752085,-0.371267759
1718187023588618240.000000000,-3.057729431,3.809008635,1.370792892,0.909831388,-0.184364546,-0.052506701,-0.368048374
1718187023598618368.000000000,-3.061142741,3.807707651,1.371345828,0.910615394,-0.186903561,-0.054292270,-0.364553170
1718187023608618496.000000000,-3.064537780,3.806360481,1.371888378,0.911544676,-0.189140357,-0.056103737,-0.360783314
1718187023618618368.000000000,-3.067912126,3.804967535,1.372419352,0.912617139,-0.191076111,-0.057935533,-0.356739893
1718187023628618240.000000000,-3.071263357,3.803529223,1.372937562,0.913830181,-0.192712070,-0.059781589,-0.352423920
1718187023638618368.000000000,-3.074589051,3.802045954,1.373441817,0.915180706,-0.194049554,-0.061635351,-0.347836355
1718187023648618496.000000000,-3.077886786,3.800518139,1.373930928,0.916665129,-0.195089980,-0.063489796,-0.342978115
1718187023658618368.000000000,-3.081154140,3.798946188,1.374403706,0.918279388,-0.195834866,-0.065337446,-0.337850097
1718187023668618240.000000000,-3.084388691,3.797330511,1.374858960,0.920018956,-0.196285851,-0.067170383,-0.332453193
1718187023678618368.000000000,-3.087588018,3.795671517,1.375295502,0.921878843,-0.196444709,-0.068980266,-0.326788307
1718187023688618496.000000000,-3.090749697,3.793969617,1.375712141,0.923853614,-0.196313365,-0.070758347,-0.320856382
1718187023698618368.000000000,-3.093871308,3.792225221,1.376107688,0.925937396,-0.195893912,-0.072495485,-0.314658417
1718187023708618240.000000000,-3.096950428,3.790438739,1.376480954,0.928123886,-0.195188626,-0.074182168,-0.308195489
1718187023718618368.000000000,-3.099984636,3.788610581,1.376830749,0.930406368,-0.194199986,-0.075808525,-0.301468776
1718187023728618240.000000000,-3.102971509,3.786741156,1.377155883,0.932777723,-0.192930692,-0.077364346,-0.294479586
1718187023738618368.000000000,-3.105908625,3.784830875,1.377455167,0.935230437,-0.191383681,-0.078839103,-0.287229371
1718187023748618240.000000000,-3.108793563,3.782880148,1.377727412,0.937756622,-0.189562150,-0.080221964,-0.279719764
1718187023758618368.000000000,-3.111623901,3.780889384,1.377971427,0.940348022,-0.187469567,-0.081501819,-0.271952593
1718187023768618496.000000000,-3.114397217,3.778858995,1.378186023,0.942996033,-0.185109699,-0.082667295,-0.263929914
1718187023778618368.000000000,-3.117111088,3.776789389,1.378370011,0.945691716,-0.182486623,-0.083706781,-0.255654036
1718187023788618240.000000000,-3.119763093,3.774680977,1.378522201,0.948425812,-0.179604750,-0.084608449,-0.247127544
1718187023798618368.000000000,-3.122350810,3.772534168,1.378641404,0.951188763,-0.176468840,-0.085360277,-0.238353328
1718187023808618496.000000000,-3.124871817,3.770349374,1.378726429,0.953970725,-0.173084022,-0.085950073,-0.229334608
1718187023818618368.000000000,-3.127323691,3.768127003,1.378776088,0.956761590,-0.169455811,-0.086365500,-0.220074961
1718187023828618240.000000000,-3.129704012,3.765867466,1.378789190,0.959551005,-0.165590125,-0.086594105,-0.210578349
1718187023838618368.000000000,-3.132010357,3.763571173,1.378764547,0.962328391,-0.161493304,-0.086623338,-0.200849140
1718187023848618496.000000000,-3.134240304,3.761238533,1.378700969,0.965082970,-0.157172125,-0.086440591,-0.190892137
1718187023858618368.000000000,-3.136391431,3.758869957,1.378597265,0.967803782,-0.152633814,-0.086033217,-0.180712602
1718187023868618240.000000000,-3.138461317,3.756465855,1.378452247,0.970479710,-0.147886068,-0.085388568,-0.170316283
1718187023878618368.000000000,-3.140447539,3.754026637,1.378264726,0.973099509,-0.142937063,-0.084494021,-0.159709432
1718187023888618240.000000000,-3.142347675,3.751552713,1.378033510,0.975651827,-0.137795469,-0.083337013,-0.148898836
1718187023898618368.000000000,-3.144159303,3.749044492,1.377757411,0.978125237,-0.132470461,-0.081905075,-0.137891831
1718187023908618240.000000000,-3.145880003,3.746502385,1.377435240,0.980508260,-0.126971728,-0.080185865,-0.126696330
1718187023918618368.000000000,-3.147507350,3.743926802,1.377065807,0.982789398,-0.121309489,-0.078167207,-0.115320838
1718187023928618496.000000000,-3.149038924,3.741318152,1.376647921,0.984957162,-0.115494490,-0.075837125,-0.103774477
1718187023938618368.000000000,-3.150472303,3.738676847,1.376180394,0.987000106,-0.109538019,-0.073183881,-0.092066997
1718187023948618240.000000000,-3.151805065,3.736003295,1.375662037,0.988906857,-0.103451907,-0.070196018,-0.080208796
1718187023958618368.000000000,-3.153034787,3.733297907,1.375091658,0.990666145,-0.097248532,-0.066862397,-0.068210936
1718187023968618496.000000000,-3.154159049,3.730561092,1.374468070,0.992266845,-0.090940820,-0.063172239,-0.056085152
1718187023978618368.000000000,-3.155175427,3.727793262,1.373790082,0.993698003,-0.084542242,-0.059115168,-0.043843868
1718187023988618240.000000000,-3.156081500,3.724994825,1.373056505,0.994948878,-0.078066814,-0.054681253,-0.031500202
1718187023998618368.000000000,-3.156874846,3.722166192,1.372266149,0.996008974,-0.071529092,-0.049861054,-0.019067978
1718187024008618496.000000000,-3.157553043,3.719307773,1.371417824,0.996868077,-0.064944164,-0.044645667,-0.006561727
1718187024018618368.000000000,-3.158113669,3.716419977,1.370510342,0.997516295,-0.058327639,-0.039026765,0.006003305
1718187024028618240.000000000,-3.158554302,3.713503215,1.369542512,0.997944090,-0.051695638,-0.032996652,0.018611160
1718187024038618368.000000000,-3.158872521,3.710557897,1.368513146,0.998142321,-0.045064779,-0.026548301,0.031245168
1718187024048618496.000000000,-3.159065903,3.707584433,1.367421052,0.998102278,-0.038452159,-0.019675410,0.043887949
1718187024058618368.000000000,-3.159132026,3.704583233,1.366265043,0.997815722,-0.031875335,-0.012372441,0.056521424
1718187024068618240.000000000,-3.159068469,3.701554706,1.365043928,0.997274919,-0.025352303,-0.004634674,0.069126819
1718187024078618368.000000000,-3.158872809,3.698499263,1.363756517,0.996472681,-0.018901472,0.003541747,0.081684681
1718187024088618496.000000000,-3.158542624,3.695417314,1.362401622,0.995402400,-0.012541637,0.012159770,0.094174891
1718187024098618368.000000000,-3.158075493,3.692309269,1.360978053,0.994058084,-0.006291947,0.021221382,0.106576682
1718187024108618240.000000000,-3.157468994,3.689175537,1.359484619,0.992434395,-0.000171876,0.030727566,0.118868661
1718187024118618368.000000000,-3.156964111,3.685193604,1.358305054,0.990861186,0.002324379,0.035531709,0.130100751
1718187024128618496.000000000,-3.157154297,3.678190674,1.358516846,0.990130965,-0.005714152,0.025162881,0.137749226
1718187024138618368.000000000,-3.156959473,3.671326172,1.358870483,0.988875710,-0.005353763,0.028053559,0.145976593
1718187024148618240.000000000,-3.156704590,3.664252686,1.359398315,0.987482635,-0.006402447,0.028240232,0.155046907
1718187024158618368.000000000,-3.156377930,3.657806396,1.359430054,0.986052675,-0.006794868,0.031235613,0.163334895
1718187024168618496.000000000,-3.155947266,3.650593994,1.360100952,0.984927223,-0.006251302,0.030985932,0.170056337
1718187024178618368.000000000,-3.155304199,3.644396240,1.360111206,0.983056516,-0.010330325,0.035874770,0.179460778
1718187024188618240.000000000,-3.154648682,3.637325195,1.360510498,0.981352662,-0.009372228,0.039311438,0.187919464
1718187024198618368.000000000,-3.153836670,3.630632324,1.360735840,0.979791461,-0.008106353,0.040389905,0.195733581
1718187024208618496.000000000,-3.153072021,3.623604492,1.361045044,0.977790447,-0.012852240,0.040379325,0.205256358
1718187024218618368.000000000,-3.151998779,3.616514893,1.361291138,0.975941093,-0.013967223,0.041058964,0.213677468
1718187024228618240.000000000,-3.151107910,3.609704834,1.361433228,0.974304127,-0.016827020,0.037114753,0.221519333
1718187024238618368.000000000,-3.150161621,3.602608887,1.361716431,0.972266887,-0.017819756,0.037103095,0.230223626
1718187024248618496.000000000,-3.149988037,3.595798828,1.361279419,0.966831786,-0.027024565,0.042649838,0.250373643
1718187024258618368.000000000,-3.155437500,3.592583008,1.362821533,0.965945594,-0.007228454,0.038554303,0.255754618
1718187024268618240.000000000,-3.154068604,3.585254883,1.362829102,0.964397155,-0.012252708,0.028246492,0.262659731
1718187024278618368.000000000,-3.152763184,3.578677002,1.363006958,0.961628648,-0.012985917,0.037673625,0.271445036
1718187024288618496.000000000,-3.151195557,3.571493408,1.363706177,0.959247591,-0.013107168,0.041265146,0.279230102
1718187024298618368.000000000,-3.150005371,3.564237305,1.361961792,0.956694922,-0.019639146,0.054830988,0.285206403
1718187024308618240.000000000,-3.148097900,3.556883301,1.363271606,0.953596258,-0.031739549,0.048726893,0.295419138
1718187024318618368.000000000,-3.146201416,3.549441650,1.363244019,0.951107032,-0.035032522,0.045776541,0.303434745
1718187024328618496.000000000,-3.144495361,3.542228760,1.362763794,0.948223420,-0.032560043,0.050361621,0.311890840
1718187024338618368.000000000,-3.142417969,3.534465576,1.363102539,0.946481444,-0.033445964,0.043914540,0.318002763
1718187024348618240.000000000,-3.141011963,3.527161377,1.362252197,0.943732538,-0.040988470,0.046441099,0.324856994
1718187024358618368.000000000,-3.138191650,3.519135254,1.363232788,0.941641277,-0.030964854,0.039009247,0.332913146
1718187024368618496.000000000,-3.135976074,3.511743408,1.363203857,0.938066186,-0.034229514,0.039995299,0.342433273
1718187024378618368.000000000,-3.133116943,3.503987305,1.363273071,0.935681231,-0.031071934,0.037493964,0.349470130
1718187024388618240.000000000,-3.131031006,3.496829834,1.362924316,0.932598484,-0.031819627,0.034250148,0.357874987
1718187024398618368.000000000,-3.127615723,3.489370850,1.362866821,0.928360135,-0.034835027,0.019932486,0.369508696
1718187024408618496.000000000,-3.124643555,3.482230225,1.362943726,0.925284441,-0.037505029,0.036415879,0.375654041
1718187024418618368.000000000,-3.121159912,3.475020996,1.363321655,0.922120740,-0.033787936,0.035256197,0.383808178
1718187024428618240.000000000,-3.117840820,3.468068604,1.363343994,0.918547926,-0.035250223,0.035089198,0.392168176
1718187024438618368.000000000,-3.114362549,3.461155762,1.363082642,0.914641330,-0.035019385,0.036596405,0.401080519
1718187024448618496.000000000,-3.110793213,3.454345459,1.363034424,0.910590762,-0.039903528,0.038578299,0.409565485
1718187024458618368.000000000,-3.103874756,3.445760742,1.365360352,0.905933923,-0.035546200,0.034866286,0.420481316
1718187024468618240.000000000,-3.100165283,3.438958984,1.365750366,0.902989235,-0.036228966,0.030781813,0.427025039
1718187024478618368.000000000,-3.096361572,3.432550049,1.365678589,0.899187215,-0.039572192,0.031382416,0.434639549
1718187024488618496.000000000,-3.092502930,3.426097412,1.365758911,0.895755774,-0.039023455,0.032912757,0.441605609
1718187024498618368.000000000,-3.088809082,3.419654541,1.365777954,0.892162084,-0.039313916,0.029450258,0.449036652
1718187024508618240.000000000,-3.084870361,3.413120361,1.366031372,0.888545367,-0.039627839,0.029957792,0.456091323
1718187024518618368.000000000,-3.080872559,3.407162109,1.366162598,0.883637372,-0.041188344,0.035589016,0.464996707
1718187024528618496.000000000,-3.076190186,3.400101807,1.365176147,0.886303671,-0.038762436,-0.006870872,0.461428291
1718187024538618368.000000000,-3.072097900,3.394557129,1.365678345,0.880759976,-0.042034094,0.009121731,0.471605548
1718187024548618240.000000000,-3.068280762,3.388377686,1.365434326,0.877262331,-0.041589318,-0.002546736,0.478199379
1718187024558618368.000000000,-3.064221680,3.382834961,1.366248413,0.871270073,-0.044966320,0.021477186,0.488267571
1718187024568618496.000000000,-3.060355957,3.377145508,1.366216431,0.867729515,-0.045982247,0.021943210,0.494418464
1718187024578618368.000000000,-3.056235107,3.371648438,1.366204590,0.863629034,-0.048588697,0.022335014,0.501283529
1718187024588618240.000000000,-3.052235352,3.365782959,1.366158813,0.858414743,-0.050376123,0.019435128,0.510106510
1718187024598618368.000000000,-3.047858643,3.359812012,1.366025757,0.853909949,-0.048744641,0.012329574,0.517986235
1718187024608618496.000000000,-3.043754639,3.354361572,1.365835327,0.849296895,-0.049707903,0.011544066,0.525443282
1718187024618618368.000000000,-3.039650879,3.348739746,1.365680908,0.844591526,-0.050284176,0.011155576,0.532927959
1718187024628618240.000000000,-3.035471680,3.343329346,1.365398071,0.839893589,-0.050896275,0.009666615,0.540272972
1718187024638618368.000000000,-3.031227295,3.338019775,1.365125244,0.835163926,-0.050374580,0.008019880,0.547630624
1718187024648618496.000000000,-3.026833984,3.332867920,1.364850342,0.830772969,-0.050146530,0.005820119,0.554317351
1718187024658618368.000000000,-3.022377197,3.327793945,1.364547485,0.825646795,-0.050736488,0.005527563,0.561874207
1718187024668618240.000000000,-3.018512451,3.322822510,1.363908813,0.816211490,-0.054907984,0.007077673,0.575094621
1718187024678618368.000000000,-3.014102783,3.317862549,1.363519653,0.811199465,-0.054382674,0.006374499,0.582200411
1718187024688618496.000000000,-3.009635254,3.312861572,1.363141846,0.806209785,-0.054434563,0.005439025,0.589095135
1718187024698618368.000000000,-3.005069336,3.308223633,1.362764160,0.801475453,-0.054131040,0.005246492,0.595549665
1718187024708618240.000000000,-3.000557373,3.303524902,1.362360840,0.796398323,-0.054228788,0.004843107,0.602316772
1718187024718618368.000000000,-2.995877197,3.298989258,1.362084839,0.791974848,-0.051849850,0.002962991,0.608340903
1718187024728618240.000000000,-2.991512695,3.294455322,1.361654663,0.786192216,-0.051958294,0.002239168,0.615789836
1718187024738618368.000000000,-2.986359375,3.290017578,1.361707275,0.785870279,-0.046903086,-0.000801670,0.616609571
1718187024748618240.000000000,-2.981745605,3.285869141,1.361479858,0.780134926,-0.045909267,-0.001112217,0.623923552
1718187024758618368.000000000,-2.977550781,3.282145996,1.361016724,0.771045741,-0.047862907,-0.000780814,0.634977950
1718187024768618496.000000000,-2.976362305,3.281925537,1.360192627,0.765394477,-0.033361183,0.003021565,0.642689035
1718187024778618368.000000000,-2.971606689,3.278440430,1.360001465,0.760614387,-0.034775487,0.000510100,0.648271672
1718187024788618240.000000000,-2.966961914,3.275010986,1.359983032,0.754824838,-0.034825897,-0.000197755,0.655001207
1718187024798618368.000000000,-2.962534912,3.271662354,1.360252319,0.749179016,-0.036686552,0.001856894,0.661348207
1718187024808618496.000000000,-2.957984131,3.268596680,1.360366821,0.743712785,-0.037259505,0.001738437,0.667457864
1718187024818618368.000000000,-2.953372559,3.265807129,1.360446167,0.738220101,-0.037139201,0.001950814,0.673533931
1718187024828618240.000000000,-2.948942871,3.262971436,1.360719604,0.733602509,-0.039632733,-0.000309936,0.678422073
1718187024838618368.000000000,-2.944311523,3.260451904,1.360811035,0.727642597,-0.038280940,0.001256215,0.684886300
1718187024848618496.000000000,-2.939944580,3.257808350,1.361086060,0.721792665,-0.036397197,0.002392238,0.691147502
1718187024858618368.000000000,-2.935357910,3.255256348,1.361174927,0.717761836,-0.041236750,0.001134294,0.695065601
1718187024868618240.000000000,-2.930517090,3.252851318,1.361178223,0.713315189,-0.041535994,0.003519898,0.699602611
1718187024878618368.000000000,-2.926024902,3.250541748,1.361271729,0.708099997,-0.042264736,0.003706437,0.704836399
1718187024888618240.000000000,-2.920979736,3.248431152,1.361006958,0.699085488,-0.039655021,0.002101710,0.713934551
1718187024898618368.000000000,-2.916561768,3.246281006,1.360975464,0.693494854,-0.039625876,0.002827172,0.719365474
1718187024908618240.000000000,-2.912340576,3.244100586,1.360897583,0.687775214,-0.039716112,0.003230253,0.724829257
1718187024918618368.000000000,-2.908160400,3.242071777,1.360818848,0.682065949,-0.039822971,0.003197526,0.730198568
1718187024928618496.000000000,-2.904148193,3.240038330,1.360767700,0.676495214,-0.039932121,0.002294590,0.735360039
1718187024938618368.000000000,-2.900222412,3.238140625,1.360680664,0.670931753,-0.039250264,0.000947210,0.740478969
1718187024948618240.000000000,-2.896394043,3.236353027,1.360590820,0.665304009,-0.038671574,-0.001032212,0.745569594
1718187024958618368.000000000,-2.892655273,3.234593018,1.360476074,0.659600019,-0.037769367,-0.003372264,0.750659655
1718187024968618496.000000000,-2.888946289,3.232927246,1.360409912,0.653882376,-0.037151904,-0.004920971,0.755667492
1718187024978618368.000000000,-2.885247070,3.231402100,1.360321777,0.647974366,-0.036488386,-0.006703818,0.760758094
1718187024988618240.000000000,-2.881583008,3.229910889,1.360265625,0.641983790,-0.035971405,-0.008560179,0.765826086
1718187024998618368.000000000,-2.878118164,3.228341553,1.360512939,0.636250205,-0.034858584,-0.011518744,0.770608768
1718187025008618496.000000000,-2.874271484,3.227233887,1.360143921,0.630250688,-0.034790181,-0.011830217,0.775521604
1718187025018618368.000000000,-2.870037354,3.225923828,1.359972656,0.626753495,-0.036485860,-0.015827713,0.778201980
1718187025028618240.000000000,-2.866372314,3.224708008,1.360182983,0.621550993,-0.036081641,-0.018794575,0.782316587
1718187025038618368.000000000,-2.862959229,3.223460205,1.360409302,0.616608044,-0.036977853,-0.019392279,0.786162259
1718187025048618496.000000000,-2.859414551,3.222550049,1.360375366,0.611651168,-0.035206516,-0.021150917,0.790060750
1718187025058618368.000000000,-2.855962158,3.221665771,1.360500977,0.606595882,-0.032908309,-0.022007041,0.794024036
1718187025068618240.000000000,-2.852266357,3.221185547,1.360142456,0.601144918,-0.032503246,-0.020651628,0.798211649
1718187025078618368.000000000,-2.849000488,3.220311523,1.360323608,0.596384030,-0.034392305,-0.020322358,0.801704596
1718187025088618496.000000000,-2.845550781,3.219807617,1.360189087,0.592070780,-0.035248452,-0.022000510,0.804814087
1718187025098618368.000000000,-2.842231201,3.219316650,1.360269775,0.586970374,-0.034423308,-0.022564906,0.808561464
1718187025108618240.000000000,-2.838967285,3.218774658,1.360591064,0.581345142,-0.031408358,-0.022960723,0.812726366
1718187025118618368.000000000,-2.835654785,3.218492920,1.360706787,0.576641486,-0.032991416,-0.025582421,0.815929962
1718187025128618496.000000000,-2.832355713,3.218117188,1.361005005,0.568247916,-0.034457657,-0.022205297,0.821835690
1718187025138618368.000000000,-2.829103271,3.217956543,1.361122070,0.563431033,-0.034896961,-0.024118117,0.825073324
1718187025148618240.000000000,-2.825994385,3.217748047,1.361310425,0.558106893,-0.035002886,-0.025934640,0.828624697
1718187025158618368.000000000,-2.822808350,3.217636719,1.361501587,0.553030308,-0.033984925,-0.026795672,0.832036355
1718187025168618496.000000000,-2.819662109,3.217539063,1.361640747,0.548123637,-0.034500088,-0.028025846,0.835215406
1718187025178618368.000000000,-2.816468750,3.217428711,1.361765869,0.543810169,-0.034938520,-0.029804973,0.837950752
1718187025188618240.000000000,-2.813320313,3.217238281,1.361919922,0.539379874,-0.034855795,-0.029996426,0.840805946
1718187025198618368.000000000,-2.810041504,3.217107178,1.362084839,0.534405260,-0.033690973,-0.029723000,0.844033459
1718187025208618496.000000000,-2.806679199,3.217052246,1.362107178,0.530195370,-0.034083939,-0.030567271,0.846638528
1718187025218618368.000000000,-2.803351318,3.216980469,1.362220825,0.525869309,-0.033650590,-0.030290416,0.849359523
1718187025228618240.000000000,-2.800132080,3.216836426,1.362534912,0.521296252,-0.034780382,-0.030457510,0.852122575
1718187025238618368.000000000,-2.796774902,3.216941895,1.362521240,0.516550991,-0.031598272,-0.030069839,0.855144682
1718187025248618496.000000000,-2.793543945,3.217046631,1.362688721,0.511852456,-0.031193873,-0.029981902,0.857983153
1718187025258618368.000000000,-2.790420410,3.217198975,1.362893921,0.507228343,-0.030722736,-0.030538752,0.860722317
1718187025268618240.000000000,-2.787311279,3.217448975,1.363065063,0.502575345,-0.030617123,-0.031400768,0.863420295
1718187025278618368.000000000,-2.784348389,3.217699463,1.363324585,0.498116270,-0.029958351,-0.032278225,0.865991221
1718187025288618496.000000000,-2.781461914,3.217957764,1.363664795,0.493821940,-0.031809490,-0.032861155,0.868359484
1718187025298618368.000000000,-2.778524658,3.218339355,1.363868164,0.489696781,-0.029270549,-0.034787782,0.870706671
1718187025308618240.000000000,-2.775619629,3.218672119,1.364184570,0.485573265,-0.028494357,-0.035692700,0.873002123
1718187025318618368.000000000,-2.772712891,3.219077393,1.364469238,0.481459621,-0.028033072,-0.036768606,0.875247879
1718187025328618496.000000000,-2.769880615,3.219357422,1.364881348,0.476749951,-0.027082186,-0.036596781,0.877859166
1718187025338618368.000000000,-2.766765381,3.219795898,1.365460815,0.472970352,-0.025416028,-0.036146935,0.879969585
1718187025348618240.000000000,-2.763762451,3.220263916,1.365594482,0.468375897,-0.023560642,-0.036931753,0.882442611
1718187025358618368.000000000,-2.760789063,3.220708984,1.365853638,0.463917394,-0.022938046,-0.037573999,0.884783981
1718187025368618496.000000000,-2.757853027,3.221153564,1.366092651,0.459436402,-0.022970299,-0.038599188,0.887074214
1718187025378618368.000000000,-2.754973389,3.221507080,1.366418091,0.455168031,-0.022657990,-0.039660614,0.889233217
1718187025388618240.000000000,-2.752052734,3.221949219,1.366635620,0.451095328,-0.022892137,-0.040780989,0.891249610
1718187025398618368.000000000,-2.749265869,3.222254150,1.366974243,0.447161527,-0.024475165,-0.041344813,0.893161879
1718187025408618496.000000000,-2.746384277,3.222612305,1.367066162,0.444081033,-0.022474927,-0.043508130,0.894647392
1718187025418618368.000000000,-2.743633545,3.222821045,1.367289429,0.440829843,-0.022027669,-0.044568173,0.896212871
1718187025428618240.000000000,-2.740768555,3.223079590,1.367390381,0.438046970,-0.021501870,-0.045687188,0.897532842
1718187025438618368.000000000,-2.738018311,3.223132080,1.367611328,0.435661278,-0.020432848,-0.047371855,0.898630991
1718187025448618496.000000000,-2.735192139,3.223281738,1.367630981,0.432826479,-0.018867623,-0.046766031,0.900065659
1718187025458618368.000000000,-2.732359863,3.223383545,1.367653198,0.430063228,-0.017756764,-0.046673828,0.901416591
1718187025468618240.000000000,-2.729591064,3.223497803,1.367797974,0.427135773,-0.015779682,-0.047171299,0.902818310
1718187025478618368.000000000,-2.726881592,3.223624512,1.367834961,0.424242721,-0.014837115,-0.046706431,0.904221479
1718187025488618496.000000000,-2.724238770,3.223821777,1.368005371,0.421136361,-0.013020773,-0.047835487,0.905641425
1718187025498618368.000000000,-2.721741943,3.224047119,1.368232666,0.418192990,-0.011590766,-0.049398084,0.906939969
1718187025508618240.000000000,-2.719385742,3.224252686,1.368495239,0.415175747,-0.012916457,-0.049348255,0.908309977
1718187025518618368.000000000,-2.717024170,3.224632080,1.368602173,0.412177845,-0.008967000,-0.050766648,0.909643757
1718187025528618496.000000000,-2.714817627,3.225005127,1.368830322,0.409443029,-0.008071024,-0.052087499,0.910811812
1718187025538618368.000000000,-2.712702637,3.225346436,1.369126831,0.407077541,-0.007168603,-0.053498288,0.911797357
1718187025548618240.000000000,-2.710635498,3.225748047,1.369412598,0.404910936,-0.006526417,-0.055113470,0.912670283
1718187025558618368.000000000,-2.708665527,3.226098877,1.369831421,0.402956888,-0.005699890,-0.055839417,0.913496151
1718187025568618496.000000000,-2.706655518,3.226513184,1.370145874,0.400410762,-0.006490753,-0.055077227,0.914655996
1718187025578618368.000000000,-2.704483643,3.227068359,1.370285767,0.399078741,-0.007968021,-0.056890318,0.915115381
1718187025588618240.000000000,-2.702333252,3.227541992,1.370503418,0.397134199,-0.009242274,-0.056650237,0.915963842
1718187025598618368.000000000,-2.700151123,3.228048828,1.370732178,0.395468516,-0.011147494,-0.056613405,0.916665320
1718187025608618496.000000000,-2.697973877,3.228439453,1.371061279,0.393685085,-0.013377718,-0.056981464,0.917380076
1718187025618618368.000000000,-2.695645752,3.228966553,1.371127319,0.392018748,-0.015991312,-0.055508965,0.918141783
1718187025628618240.000000000,-2.693387207,3.229328613,1.371251709,0.390282229,-0.018595489,-0.055061638,0.918859187
1718187025638618368.000000000,-2.691124023,3.229633545,1.371397827,0.389273988,-0.021218033,-0.054880312,0.919240833
1718187025648618496.000000000,-2.688876709,3.229855713,1.371437866,0.387947384,-0.023350345,-0.054755235,0.919757279
1718187025658618368.000000000,-2.686648682,3.229968750,1.371565918,0.387414039,-0.024795632,-0.055110484,0.919923026
1718187025668618240.000000000,-2.684368408,3.230006348,1.371457764,0.386637970,-0.027468479,-0.054964986,0.920182272
1718187025678618368.000000000,-2.682055664,3.229968018,1.371425659,0.386095073,-0.028880998,-0.055516769,0.920333837
1718187025688618496.000000000,-2.679744385,3.229771973,1.371334961,0.385519953,-0.029184315,-0.054842488,0.920605748
1718187025698618368.000000000,-2.677422119,3.229483154,1.371361328,0.385117240,-0.027582868,-0.054783596,0.920827158
1718187025708618240.000000000,-2.675020264,3.229185547,1.371159424,0.384287338,-0.027960094,-0.054338513,0.921188798
1718187025718618368.000000000,-2.672608154,3.228849854,1.371066162,0.383500277,-0.026743877,-0.053876527,0.921579960
1718187025728618240.000000000,-2.670235840,3.228463623,1.370902954,0.382128741,-0.025407038,-0.052794149,0.922249904
1718187025738618368.000000000,-2.667896729,3.228052246,1.370817871,0.380977983,-0.024020272,-0.052434836,0.922783502
1718187025748618240.000000000,-2.665620117,3.227662598,1.370687134,0.379392591,-0.022523564,-0.052243178,0.923485030
1718187025758618368.000000000,-2.663427002,3.227259277,1.370668335,0.378458296,-0.021417337,-0.053043851,0.923848995
1718187025768618496.000000000,-2.661260010,3.226943115,1.370543823,0.377153902,-0.020531835,-0.053592251,0.924370731
1718187025778618368.000000000,-2.659245361,3.226563477,1.370553101,0.376201357,-0.020026344,-0.054252820,0.924731375
1718187025788618240.000000000,-2.657182617,3.226251709,1.370517578,0.375604460,-0.019701221,-0.055082620,0.924931920
1718187025798618368.000000000,-2.655262451,3.225835938,1.370604248,0.374756696,-0.019797844,-0.055689981,0.925237316
1718187025808618496.000000000,-2.653262207,3.225512939,1.370680420,0.374672724,-0.020161356,-0.056556014,0.925210942
1718187025818618368.000000000,-2.651240967,3.225168945,1.370732544,0.374381940,-0.020881480,-0.056816469,0.925296718
1718187025828618240.000000000,-2.649306641,3.224744873,1.370865723,0.374245883,-0.021147947,-0.056453871,0.925367896
1718187025838618368.000000000,-2.647300293,3.224402344,1.370943481,0.374447833,-0.021863167,-0.056293652,0.925279334
1718187025848618496.000000000,-2.645340088,3.223969482,1.371080322,0.374573538,-0.021907896,-0.055855167,0.925253970
1718187025858618368.000000000,-2.643391113,3.223542725,1.371256714,0.374792605,-0.022125914,-0.055715343,0.925168497
1718187025868618240.000000000,-2.641481445,3.223092529,1.371454590,0.374995393,-0.022259939,-0.055903463,0.925071756
1718187025878618368.000000000,-2.639550049,3.222675781,1.371660400,0.374575148,-0.021675335,-0.055579378,0.925275403
1718187025888618240.000000000,-2.637631104,3.222259033,1.371923340,0.374325207,-0.021494535,-0.056012970,0.925354619
1718187025898618368.000000000,-2.635760254,3.221854004,1.372206177,0.373551849,-0.020731620,-0.055982786,0.925686310
1718187025908618240.000000000,-2.633837646,3.221536377,1.372433838,0.372552903,-0.020129745,-0.056355045,0.926079498
1718187025918618368.000000000,-2.631954102,3.221232178,1.372674072,0.371564461,-0.020124638,-0.056827063,0.926447805
1718187025928618496.000000000,-2.630121582,3.220951416,1.372917358,0.370169450,-0.019821229,-0.057086558,0.926996668
1718187025938618368.000000000,-2.628331543,3.220646973,1.373209839,0.368533970,-0.019540660,-0.055965793,0.927722321
1718187025948618240.000000000,-2.626426758,3.220489502,1.373322632,0.368425683,-0.020644304,-0.057829058,0.927627150
1718187025958618368.000000000,-2.624648926,3.220250000,1.373560669,0.367600438,-0.020884646,-0.057401835,0.927975635
1718187025968618496.000000000,-2.622827637,3.220037842,1.373711670,0.367407295,-0.021543686,-0.057766545,0.928014426
1718187025978618368.000000000,-2.621089844,3.219791992,1.373908081,0.367392798,-0.022598263,-0.057743671,0.927996508
1718187025988618240.000000000,-2.619399902,3.219526123,1.374127441,0.367595679,-0.023186521,-0.057379171,0.927924260
1718187025998618368.000000000,-2.617674316,3.219281494,1.374349854,0.368119903,-0.023705359,-0.057127875,0.927718815
1718187026008618496.000000000,-2.615978027,3.219002686,1.374558594,0.368453434,-0.024415319,-0.056987072,0.927576645
1718187026018618368.000000000,-2.614288818,3.218708252,1.374676147,0.368494866,-0.025397397,-0.056642563,0.927554918
1718187026028618240.000000000,-2.612620605,3.218475342,1.374823486,0.368608296,-0.025739531,-0.056067234,0.927535372
1718187026038618368.000000000,-2.610927246,3.218223633,1.374914185,0.368063276,-0.025891234,-0.055299608,0.927793631
1718187026048618496.000000000,-2.609287598,3.217921143,1.375052734,0.367351108,-0.025107456,-0.054815152,0.928126111
1718187026058618368.000000000,-2.607582520,3.217722412,1.375000244,0.366757664,-0.026061661,-0.055289221,0.928306365
1718187026068618240.000000000,-2.605993652,3.217414795,1.375046265,0.365747293,-0.025135931,-0.054919281,0.928752375
1718187026078618368.000000000,-2.604426514,3.217082275,1.375119141,0.364916824,-0.024017083,-0.055098121,0.929097997
1718187026088618496.000000000,-2.602799805,3.216845459,1.374958130,0.364492687,-0.024853137,-0.055817409,0.929199559
1718187026098618368.000000000,-2.601290527,3.216527100,1.374864746,0.363939649,-0.024400158,-0.055764147,0.929431506
1718187026108618240.000000000,-2.599763184,3.216198730,1.374733154,0.364044346,-0.024510445,-0.056221273,0.929360060
1718187026118618368.000000000,-2.598261475,3.215848389,1.374527100,0.364369504,-0.024956463,-0.056805486,0.929185222
1718187026128618496.000000000,-2.596813477,3.215447510,1.374351929,0.364776544,-0.024799884,-0.056686805,0.929036945
1718187026138618368.000000000,-2.595295166,3.215028809,1.374143066,0.365389821,-0.025412819,-0.056838423,0.928770080
1718187026148618240.000000000,-2.593772217,3.214587402,1.373879150,0.366033743,-0.025944487,-0.056454187,0.928525232
1718187026158618368.000000000,-2.592181396,3.214141846,1.373582886,0.366527672,-0.026320098,-0.055626977,0.928369731
1718187026168618496.000000000,-2.590553711,3.213606934,1.373275269,0.367123804,-0.026824671,-0.054603412,0.928180487
1718187026178618368.000000000,-2.588892578,3.213073486,1.372998535,0.367355194,-0.027187253,-0.053442434,0.928145959
1718187026188618240.000000000,-2.587227051,3.212478027,1.372713501,0.367570467,-0.026670246,-0.052260500,0.928143033
1718187026198618368.000000000,-2.585592285,3.211824219,1.372460205,0.367400182,-0.026342829,-0.051365971,0.928269734
1718187026208618496.000000000,-2.584455566,3.211440430,1.372165161,0.367350402,-0.024445109,-0.050137686,0.928408494
1718187026218618368.000000000,-2.582963623,3.210779785,1.371955688,0.367141972,-0.023855028,-0.049727652,0.928528336
1718187026228618240.000000000,-2.581619629,3.210072021,1.371831543,0.366770262,-0.022953246,-0.050189671,0.928673096
1718187026238618368.000000000,-2.580402344,3.209328369,1.371742188,0.366789535,-0.021922347,-0.051305277,0.928629429
1718187026248618496.000000000,-2.579339600,3.208508057,1.371837646,0.366444013,-0.020403920,-0.050913943,0.928821961
1718187026258618368.000000000,-2.578220215,3.207835693,1.371723267,0.367194048,-0.021857818,-0.054409891,0.928294313
1718187026268618240.000000000,-2.577200684,3.207004395,1.371769287,0.367712457,-0.022105093,-0.056369536,0.927966265
1718187026278618368.000000000,-2.576102783,3.206171143,1.371748901,0.368420249,-0.023216279,-0.058020457,0.927556549
1718187026288618496.000000000,-2.574956299,3.205265869,1.371746948,0.369290194,-0.024206617,-0.059541744,0.927088762
1718187026298618368.000000000,-2.573781982,3.204135010,1.371818115,0.369641677,-0.023855889,-0.058419024,0.927029204
1718187026308618240.000000000,-2.572280518,3.203135254,1.371666504,0.370759358,-0.025928272,-0.060312984,0.926405725
1718187026318618368.000000000,-2.570767578,3.201943115,1.371569214,0.371158813,-0.026463085,-0.059745052,0.926267439
1718187026328618496.000000000,-2.569072266,3.200672607,1.371440430,0.371354133,-0.026845078,-0.059018039,0.926224768
1718187026338618368.000000000,-2.567319092,3.199321777,1.371237305,0.371285711,-0.027268844,-0.057920123,0.926309123
1718187026348618240.000000000,-2.565487549,3.197854492,1.370983154,0.371147886,-0.027676454,-0.056711304,0.926427055
1718187026358618368.000000000,-2.563676270,3.196260986,1.370682861,0.370769916,-0.027606859,-0.055711720,0.926641104
1718187026368618496.000000000,-2.561876953,3.194572754,1.370404541,0.370422223,-0.027173347,-0.054945097,0.926838725
1718187026378618368.000000000,-2.560129150,3.192743896,1.370074707,0.370321339,-0.026243776,-0.054469702,0.926933882
1718187026388618240.000000000,-2.558431885,3.190797363,1.369721436,0.370123187,-0.024969895,-0.054171834,0.927065663
1718187026398618368.000000000,-2.556785156,3.188751221,1.369363281,0.370067990,-0.023615914,-0.054382100,0.927110867
1718187026408618496.000000000,-2.555172119,3.186604248,1.369014404,0.370176818,-0.022627709,-0.054986326,0.927056424
1718187026418618368.000000000,-2.553565918,3.184328857,1.368676392,0.370225671,-0.021224022,-0.055110979,0.927062713
1718187026428618240.000000000,-2.551925049,3.181967773,1.368322388,0.370264566,-0.019429930,-0.054809634,0.927104381
1718187026438618368.000000000,-2.550280518,3.179491455,1.367948364,0.370141607,-0.018132670,-0.054341957,0.927207285
1718187026448618496.000000000,-2.548592041,3.176934326,1.367612427,0.369966881,-0.016893799,-0.054123190,0.927313209
1718187026458618368.000000000,-2.546912598,3.174248779,1.367263062,0.369791311,-0.015460888,-0.053265773,0.927457872
1718187026468618240.000000000,-2.545218750,3.171479980,1.366903076,0.369504107,-0.014464927,-0.052338048,0.927641207
1718187026478618368.000000000,-2.543557373,3.168609863,1.366548462,0.369464982,-0.013139022,-0.051824712,0.927705337
1718187026488618496.000000000,-2.541976074,3.165566650,1.366342651,0.369044178,-0.010753556,-0.050885146,0.927955526
1718187026498618368.000000000,-2.540290527,3.162573242,1.365926025,0.369166920,-0.011234257,-0.051106259,0.927888855
1718187026508618240.000000000,-2.538646240,3.159464600,1.365547974,0.369263249,-0.011026826,-0.050933739,0.927862499
1718187026518618368.000000000,-2.537035645,3.156249512,1.365243652,0.369212185,-0.010565059,-0.051018502,0.927883535
1718187026528618496.000000000,-2.535411377,3.152970215,1.364892822,0.369295143,-0.010298835,-0.051195270,0.927843778
1718187026538618368.000000000,-2.534000488,3.149615723,1.364619629,0.368696801,-0.009844264,-0.051899768,0.928047506
1718187026548618240.000000000,-2.532379395,3.146370605,1.364196289,0.368437454,-0.011130091,-0.052257283,0.928115909
1718187026558618368.000000000,-2.530580078,3.142895264,1.363779907,0.368477505,-0.011812387,-0.052253121,0.928091810
1718187026568618496.000000000,-2.528714600,3.139345215,1.363354126,0.368682606,-0.012935588,-0.051928565,0.928013594
1718187026578618368.000000000,-2.526759277,3.135689941,1.362915405,0.368878493,-0.013887314,-0.051368211,0.927953182
1718187026588618240.000000000,-2.524723633,3.131962158,1.362487061,0.369005965,-0.015029092,-0.050592232,0.927927341
1718187026598618368.000000000,-2.522613281,3.128163818,1.362020630,0.369387147,-0.016293809,-0.049917066,0.927790889
1718187026608618496.000000000,-2.520449219,3.124211426,1.361569946,0.369496729,-0.017270182,-0.048745031,0.927791911
1718187026618618368.000000000,-2.518252930,3.120113281,1.361064941,0.369922508,-0.017956926,-0.047180050,0.927690104
1718187026628618240.000000000,-2.515878662,3.116060303,1.360640137,0.369962693,-0.018349473,-0.046788644,0.927686222
1718187026638618368.000000000,-2.513518066,3.111848389,1.360203369,0.369982886,-0.018390881,-0.045840431,0.927724687
1718187026648618496.000000000,-2.511134277,3.107534912,1.359764526,0.369846890,-0.018007872,-0.044816816,0.927836434
1718187026658618368.000000000,-2.508827393,3.103314209,1.359307251,0.370853656,-0.018185105,-0.046224901,0.927361918
1718187026668618240.000000000,-2.506441406,3.098870117,1.358938965,0.370071585,-0.017100074,-0.045897685,0.927711168
1718187026678618368.000000000,-2.504053955,3.094363525,1.358590698,0.369267849,-0.016131063,-0.046256718,0.928030905
1718187026688618496.000000000,-2.501668213,3.089831299,1.358294922,0.368286763,-0.015301734,-0.046923028,0.928401285
1718187026698618368.000000000,-2.499312500,3.085250732,1.358027710,0.367213013,-0.014183503,-0.047658117,0.928806834
1718187026708618240.000000000,-2.496937012,3.080652100,1.357793945,0.366191395,-0.013285866,-0.048836786,0.929162158
1718187026718618368.000000000,-2.494543457,3.075986572,1.357562256,0.365182243,-0.012326353,-0.049772203,0.929522844
1718187026728618240.000000000,-2.492142578,3.071301514,1.357368286,0.364398698,-0.011433529,-0.050573893,0.929798443
1718187026738618368.000000000,-2.489722168,3.066570068,1.357187866,0.363689643,-0.010923170,-0.051611030,0.930025177
1718187026748618240.000000000,-2.487311768,3.061711182,1.356971802,0.363072400,-0.010897583,-0.052671385,0.930207181
1718187026758618368.000000000,-2.484813965,3.057013428,1.356912109,0.362600434,-0.009797845,-0.053203053,0.930373238
1718187026768618496.000000000,-2.482346191,3.052245605,1.356797119,0.361936899,-0.009921455,-0.053947398,0.930587408
1718187026778618368.000000000,-2.479802979,3.047507324,1.356722168,0.361047344,-0.009960086,-0.054725360,0.930887075
1718187026788618240.000000000,-2.477213379,3.042787109,1.356628906,0.359901170,-0.010786057,-0.055256319,0.931290260
1718187026798618368.000000000,-2.474577637,3.038070313,1.356582397,0.358692310,-0.011601506,-0.055426475,0.931736625
1718187026808618496.000000000,-2.471895996,3.033313232,1.356547852,0.357219907,-0.012874591,-0.055652815,0.932271928
1718187026818618368.000000000,-2.469198730,3.028446533,1.356495239,0.355784845,-0.014964302,-0.055268683,0.932812193
1718187026828618240.000000000,-2.466460205,3.023651855,1.356592163,0.354890739,-0.016044662,-0.054825864,0.933160895
1718187026838618368.000000000,-2.463763916,3.018709473,1.356697266,0.354331259,-0.017762365,-0.054465218,0.933363486
1718187026848618496.000000000,-2.461143555,3.013631104,1.356766846,0.353786207,-0.020753369,-0.054436778,0.933510179
1718187026858618368.000000000,-2.458561523,3.008540283,1.356929321,0.353812564,-0.022667612,-0.054140550,0.933472897
1718187026868618240.000000000,-2.456046143,3.003420166,1.357220825,0.354171952,-0.023698843,-0.053965732,0.933321109
1718187026878618368.000000000,-2.453587891,2.998143311,1.357462891,0.354554074,-0.025274632,-0.054274477,0.933116757
1718187026888618240.000000000,-2.451171631,2.992749023,1.357686768,0.354833065,-0.027387265,-0.054927462,0.932912862
1718187026898618368.000000000,-2.448765381,2.987317627,1.358013062,0.355189102,-0.027858087,-0.055580503,0.932724738
1718187026908618240.000000000,-2.446355225,2.981890381,1.358408936,0.355551727,-0.026661042,-0.056203480,0.932584220
1718187026918618368.000000000,-2.443947754,2.976344482,1.358792725,0.355706341,-0.025522209,-0.057317544,0.932489311
1718187026928618496.000000000,-2.441529297,2.970732422,1.359198120,0.355633193,-0.023403538,-0.057793583,0.932543408
1718187026938618368.000000000,-2.439077637,2.965030762,1.359550903,0.355193583,-0.021653669,-0.058402542,0.932715273
1718187026948618240.000000000,-2.436596436,2.959370850,1.360028931,0.354568240,-0.017834952,-0.058482344,0.933028989
1718187026958618368.000000000,-2.434083740,2.953758057,1.360530029,0.353801967,-0.013913276,-0.058444259,0.933388910
1718187026968618496.000000000,-2.431602783,2.948136963,1.361067627,0.352768642,-0.009481661,-0.058361997,0.933840597
1718187026978618368.000000000,-2.429131348,2.942598389,1.361630005,0.351762779,-0.005207804,-0.058425212,0.934249603
1718187026988618240.000000000,-2.426715088,2.937132813,1.362250000,0.350727836,-0.001115919,-0.058769139,0.934630905
1718187026998618368.000000000,-2.424333740,2.931740479,1.362887085,0.349719381,0.002372855,-0.059697246,0.934947572
1718187027008618496.000000000,-2.421961670,2.926483643,1.363547852,0.349060164,0.004724995,-0.060758423,0.935116619
1718187027018618368.000000000,-2.419580078,2.921378174,1.364312988,0.348459124,0.007641885,-0.061892891,0.935247085
1718187027028618240.000000000,-2.417148682,2.916325684,1.365019653,0.348014401,0.008305902,-0.063029665,0.935331091
1718187027038618368.000000000,-2.414632080,2.911293457,1.365635742,0.347607247,0.007357302,-0.063969609,0.935426620
1718187027048618496.000000000,-2.411993164,2.906419922,1.366312744,0.347312624,0.006737630,-0.064036476,0.935536143
1718187027058618368.000000000,-2.409223633,2.901601563,1.366970947,0.347217714,0.005387085,-0.063461596,0.935619294
1718187027068618240.000000000,-2.406306152,2.896841309,1.367600342,0.347176577,0.003656927,-0.062107247,0.935733798
1718187027078618368.000000000,-2.403259277,2.892194092,1.368281250,0.347337105,0.002610222,-0.060089674,0.935809464
1718187027088618496.000000000,-2.400205322,2.887400635,1.368801636,0.347451473,0.000064845,-0.058309479,0.935883259
1718187027098618368.000000000,-2.397116455,2.882698730,1.369382446,0.347720410,-0.001572251,-0.056467679,0.935894997
1718187027108618240.000000000,-2.394043701,2.877985596,1.369951660,0.348099033,-0.002647041,-0.055077973,0.935834640
1718187027118618368.000000000,-2.391064209,2.873264893,1.370515625,0.348620392,-0.003891679,-0.054268200,0.935683515
1718187027128618496.000000000,-2.388111816,2.868563477,1.371071899,0.349082310,-0.004721854,-0.054204442,0.935511156
1718187027138618368.000000000,-2.385186035,2.863871338,1.371615234,0.349400538,-0.004956355,-0.054856514,0.935353121
1718187027148618240.000000000,-2.382271484,2.859181885,1.372153564,0.349586456,-0.005133752,-0.055541968,0.935242238
1718187027158618368.000000000,-2.379313965,2.854484131,1.372616577,0.349350685,-0.005525726,-0.056842084,0.935249989
1718187027168618496.000000000,-2.376255371,2.849764893,1.373020264,0.348908479,-0.005763048,-0.057868496,0.935350682
1718187027178618368.000000000,-2.373069092,2.845047607,1.373337769,0.348151225,-0.005837782,-0.058588143,0.935587556
1718187027188618240.000000000,-2.369758057,2.840334717,1.373589844,0.347307511,-0.006012016,-0.059036386,0.935871815
1718187027198618368.000000000,-2.366301270,2.835569336,1.373733887,0.346467305,-0.006096422,-0.058654679,0.936206638
1718187027208618496.000000000,-2.362753906,2.830756592,1.373812744,0.345687400,-0.006310395,-0.058097183,0.936528226
1718187027218618368.000000000,-2.359091797,2.825925293,1.373807739,0.345194905,-0.006178376,-0.057145707,0.936769274
1718187027228618240.000000000,-2.355368164,2.821037109,1.373730835,0.344613288,-0.006334341,-0.056041055,0.937049069
1718187027238618368.000000000,-2.351566895,2.816166016,1.373609863,0.344417899,-0.006336627,-0.054751018,0.937197143
1718187027248618496.000000000,-2.347766113,2.811218018,1.373426025,0.344197842,-0.006242093,-0.054015351,0.937321302
1718187027258618368.000000000,-2.343943604,2.806315430,1.373186768,0.344303007,-0.006595674,-0.052785793,0.937350306
1718187027268618240.000000000,-2.340154297,2.801333008,1.372928833,0.344491289,-0.006476845,-0.051994954,0.937326158
1718187027278618368.000000000,-2.336349609,2.796397949,1.372605225,0.344788647,-0.006598070,-0.051899276,0.937221276
1718187027288618496.000000000,-2.332549561,2.791435547,1.372249512,0.344874078,-0.006492007,-0.052006225,0.937184654
1718187027298618368.000000000,-2.328685791,2.786489258,1.371859985,0.345222182,-0.007007058,-0.052433747,0.937028947
1718187027308618240.000000000,-2.324773193,2.781551270,1.371429688,0.345258784,-0.007272475,-0.052811861,0.936992204
1718187027318618368.000000000,-2.320763428,2.776583008,1.370956787,0.345431785,-0.007293134,-0.052988940,0.936918281
1718187027328618496.000000000,-2.316638184,2.771643066,1.370445068,0.345368804,-0.007575132,-0.053258608,0.936923971
1718187027338618368.000000000,-2.312370850,2.766641113,1.369900391,0.345035481,-0.007274391,-0.052800837,0.937075062
1718187027348618240.000000000,-2.307943115,2.761659424,1.369321045,0.344902172,-0.007431048,-0.051698447,0.937184369
1718187027358618368.000000000,-2.303449219,2.756688965,1.368777100,0.344406435,-0.006688026,-0.050481628,0.937438576
1718187027368618496.000000000,-2.298872559,2.751652832,1.368223022,0.344161440,-0.006437661,-0.048981865,0.937609853
1718187027378618368.000000000,-2.294302246,2.746684326,1.367707764,0.343765983,-0.005724300,-0.047795493,0.937820757
1718187027388618240.000000000,-2.289792480,2.741683838,1.367234863,0.343867501,-0.005317083,-0.046803313,0.937835977
1718187027398618368.000000000,-2.285317383,2.736689941,1.366787720,0.343820299,-0.004897927,-0.046494164,0.937870942
1718187027408618496.000000000,-2.280895508,2.731683594,1.366360229,0.344211563,-0.005110902,-0.046499559,0.937726010
1718187027418618368.000000000,-2.276501709,2.726740479,1.366037476,0.344570521,-0.005157221,-0.047523187,0.937542589
1718187027428618240.000000000,-2.272176025,2.721777832,1.365726807,0.344914628,-0.005643169,-0.048514020,0.937362493
1718187027438618368.000000000,-2.267817139,2.716893066,1.365505859,0.345117868,-0.006271409,-0.050103386,0.937200073
1718187027448618496.000000000,-2.263473633,2.711985352,1.365312988,0.345345877,-0.007400736,-0.051572471,0.937028140
1718187027458618368.000000000,-2.259058594,2.707177002,1.365189453,0.345469373,-0.008816468,-0.053105518,0.936884724
1718187027468618240.000000000,-2.254585205,2.702370117,1.365116699,0.345355047,-0.010355915,-0.054228006,0.936846823
1718187027478618368.000000000,-2.250042480,2.697548096,1.365093140,0.345576893,-0.012381400,-0.055342435,0.936675252
1718187027488618496.000000000,-2.245444824,2.692752441,1.365089233,0.345716389,-0.014663351,-0.055667496,0.936571564
1718187027498618368.000000000,-2.240772461,2.687879150,1.365121826,0.346166139,-0.017060276,-0.055975443,0.936346464
1718187027508618240.000000000,-2.236051025,2.682987793,1.365182007,0.346968162,-0.019432482,-0.056199984,0.935989869
1718187027518618368.000000000,-2.231296875,2.678041504,1.365262329,0.347990160,-0.021818661,-0.055888149,0.935576458
1718187027528618496.000000000,-2.226500488,2.673088623,1.365389038,0.349047692,-0.023840708,-0.056170959,0.935116117
1718187027538618368.000000000,-2.221718506,2.668019775,1.365517456,0.350372688,-0.025921926,-0.055739121,0.934590918
1718187027548618240.000000000,-2.216961670,2.662972656,1.365685303,0.351505928,-0.027024922,-0.055353684,0.934156949
1718187027558618368.000000000,-2.212245605,2.657849121,1.365852295,0.352482046,-0.028227510,-0.054868256,0.933782142
1718187027568618496.000000000,-2.207518799,2.652725098,1.366050171,0.353603665,-0.029163999,-0.054400593,0.933356569
1718187027578618368.000000000,-2.202799072,2.647550293,1.366325073,0.354725027,-0.029262642,-0.054121537,0.932944110
1718187027588618240.000000000,-2.198125244,2.642299805,1.366584839,0.355740965,-0.029040971,-0.053650553,0.932591339
1718187027598618368.000000000,-2.193428467,2.636985596,1.366905884,0.357009759,-0.027923885,-0.052951887,0.932180447
1718187027608618496.000000000,-2.188729736,2.631601318,1.367265015,0.358314920,-0.026322473,-0.051788799,0.931791536
1718187027618618368.000000000,-2.183972412,2.626217529,1.367723877,0.359384735,-0.023951569,-0.051594638,0.931454201
1718187027628618240.000000000,-2.179238281,2.620810791,1.368186523,0.360402020,-0.021847999,-0.050020077,0.931198712
1718187027638618368.000000000,-2.174541504,2.615407959,1.368678833,0.361021511,-0.019927941,-0.048599455,0.931077031
1718187027648618496.000000000,-2.169895508,2.610061768,1.369193115,0.361289155,-0.018820891,-0.047407555,0.931057702
1718187027658618368.000000000,-2.165319336,2.604733154,1.369723511,0.361696190,-0.018215180,-0.046959682,0.930934402
1718187027668618240.000000000,-2.160814209,2.599447266,1.370257080,0.362051179,-0.018522340,-0.046833249,0.930796709
1718187027678618368.000000000,-2.156398193,2.594185791,1.370768555,0.362470071,-0.019513399,-0.047158681,0.930596977
1718187027688618496.000000000,-2.152017334,2.588895020,1.371299927,0.363234791,-0.020640495,-0.048161046,0.930223076
1718187027698618368.000000000,-2.147691895,2.583598145,1.371796265,0.364438357,-0.022107832,-0.049254709,0.929661176
1718187027708618240.000000000,-2.143388428,2.578229004,1.372302124,0.365796916,-0.023335800,-0.050054440,0.929054686
1718187027718618368.000000000,-2.139084961,2.572790771,1.372813354,0.367675940,-0.024239092,-0.050737706,0.928252420
1718187027728618240.000000000,-2.134789795,2.567343994,1.373340454,0.369447643,-0.024714799,-0.050873873,0.927528688
1718187027738618368.000000000,-2.130503418,2.561848389,1.373934082,0.371435946,-0.024548032,-0.050493669,0.926759474
1718187027748618240.000000000,-2.126275635,2.556367432,1.374581299,0.373210335,-0.024275478,-0.049922736,0.926084482
1718187027758618368.000000000,-2.122080811,2.550901123,1.375280518,0.374581766,-0.023614820,-0.049443876,0.925573414
1718187027768618496.000000000,-2.117975586,2.545466553,1.376024658,0.375832326,-0.022847817,-0.048901751,0.925114403
1718187027778618368.000000000,-2.113924561,2.540085693,1.376826782,0.376540793,-0.021940676,-0.048897238,0.924848473
1718187027788618240.000000000,-2.109954590,2.534738770,1.377684204,0.377054196,-0.021161817,-0.049152472,0.924643902
1718187027798618368.000000000,-2.106057617,2.529343506,1.378419189,0.377343327,-0.021097248,-0.048505446,0.924561594
1718187027808618496.000000000,-2.102188232,2.524126709,1.379410522,0.377190427,-0.020286402,-0.050642425,0.924527549
1718187027818618368.000000000,-2.098342773,2.518855469,1.380253418,0.377026576,-0.020281028,-0.051782678,0.924531338
1718187027828618240.000000000,-2.094479004,2.513591064,1.381056885,0.376914040,-0.020472765,-0.052754575,0.924518051
1718187027838618368.000000000,-2.090542480,2.508280273,1.381786743,0.376744995,-0.021237584,-0.053573707,0.924522596
1718187027848618496.000000000,-2.086549072,2.502946289,1.382421143,0.376523249,-0.022080226,-0.054103024,0.924562366
1718187027858618368.000000000,-2.082466797,2.497546143,1.382971191,0.376327222,-0.023516514,-0.054574519,0.924579049
1718187027868618240.000000000,-2.078258545,2.492078369,1.383399048,0.376095625,-0.024931051,-0.054551809,0.924637563
1718187027878618368.000000000,-2.073953369,2.486498291,1.383716919,0.375759169,-0.026178623,-0.054407652,0.924748363
1718187027888618240.000000000,-2.069557617,2.480846436,1.383924561,0.375581257,-0.027648002,-0.054093133,0.924796324
1718187027898618368.000000000,-2.065054199,2.475097168,1.384014160,0.375491610,-0.029051628,-0.053366266,0.924831928
1718187027908618240.000000000,-2.060478271,2.469170654,1.383892090,0.375568829,-0.030574050,-0.051479632,0.924858438
1718187027918618368.000000000,-2.055836426,2.463292236,1.383931519,0.375059755,-0.031266555,-0.051993133,0.925013133
1718187027928618496.000000000,-2.051170898,2.457230713,1.383765869,0.374956856,-0.031970233,-0.051056209,0.925082982
1718187027938618368.000000000,-2.046518555,2.451061768,1.383541748,0.374734813,-0.031979501,-0.050752903,0.925189318
1718187027948618240.000000000,-2.041879395,2.444818848,1.383258789,0.374562126,-0.031698545,-0.050704537,0.925271563
1718187027958618368.000000000,-2.037291260,2.438490479,1.382949951,0.374458828,-0.031431797,-0.051253280,0.925292240
1718187027968618496.000000000,-2.032761841,2.432094482,1.382589722,0.374371348,-0.030969973,-0.051886411,0.925307925
1718187027978618368.000000000,-2.028242310,2.425662109,1.382215454,0.374317838,-0.030064668,-0.052794514,0.925308063
1718187027988618240.000000000,-2.023718872,2.419190674,1.381783936,0.373926867,-0.029675608,-0.053827742,0.925419165
1718187027998618368.000000000,-2.019144287,2.412646240,1.381216797,0.373753374,-0.029614071,-0.053506901,0.925509824
1718187028008618496.000000000,-2.014572632,2.406138184,1.380882202,0.373175223,-0.028608974,-0.055314652,0.925668444
1718187028018618368.000000000,-2.009929199,2.399506836,1.380307983,0.372739369,-0.029221597,-0.054854881,0.925852258
1718187028028618240.000000000,-2.005246582,2.392929932,1.379950562,0.372382248,-0.028482251,-0.056057090,0.925946988
1718187028038618368.000000000,-2.000550049,2.386246826,1.379510010,0.372145901,-0.028347783,-0.056264486,0.926033552
1718187028048618496.000000000,-1.995835205,2.379541260,1.379079834,0.371852446,-0.028291959,-0.056418925,0.926143741
1718187028058618368.000000000,-1.991081543,2.372841309,1.378691162,0.371656708,-0.028210840,-0.056498461,0.926219933
1718187028068618240.000000000,-1.986296021,2.366158203,1.378327393,0.371132972,-0.028681152,-0.056577135,0.926410674
1718187028078618368.000000000,-1.981519165,2.359433350,1.377894653,0.370534009,-0.029657268,-0.055689400,0.926673451
1718187028088618496.000000000,-1.976791260,2.352840332,1.377706299,0.369372740,-0.030184779,-0.056750797,0.927055557
1718187028098618368.000000000,-1.972105835,2.346233643,1.377480591,0.368415727,-0.031428766,-0.057147310,0.927370622
1718187028108618240.000000000,-1.967555298,2.339596191,1.377287842,0.367298598,-0.033022562,-0.058147338,0.927696145
1718187028118618368.000000000,-1.963108887,2.332969971,1.377190430,0.366310583,-0.035184230,-0.059801302,0.927902167
1718187028128618496.000000000,-1.958773315,2.326312500,1.377145752,0.365373357,-0.037690889,-0.061757706,0.928045092
1718187028138618368.000000000,-1.954524170,2.319620117,1.377150635,0.364712748,-0.040515580,-0.064284644,0.928014323
1718187028148618240.000000000,-1.950298584,2.312865479,1.377203491,0.364168319,-0.042958160,-0.066839949,0.927937742
1718187028158618368.000000000,-1.946053101,2.306040039,1.377286499,0.363789315,-0.046055265,-0.069527504,0.927740359
1718187028168618496.000000000,-1.941716553,2.299167969,1.377418213,0.363233812,-0.048642527,-0.071456372,0.927679411
1718187028178618368.000000000,-1.937229736,2.292194580,1.377575439,0.362548296,-0.051070150,-0.072434947,0.927741209
1718187028188618240.000000000,-1.932625977,2.285102295,1.377739624,0.361769224,-0.053382917,-0.072623447,0.927900387
1718187028198618368.000000000,-1.927759399,2.278135254,1.377958740,0.360270749,-0.055126987,-0.071543236,0.928465168
1718187028208618496.000000000,-1.922846436,2.271051514,1.378182495,0.358856539,-0.056952735,-0.069471009,0.929059820
1718187028218618368.000000000,-1.917937256,2.263930176,1.378442627,0.357459232,-0.058351924,-0.066448489,0.929732514
1718187028228618240.000000000,-1.913139160,2.256771973,1.378722412,0.356325760,-0.059429577,-0.063503413,0.930305001
1718187028238618368.000000000,-1.908522583,2.249551758,1.379042847,0.355521524,-0.059802608,-0.061036177,0.930753823
1718187028248618496.000000000,-1.904047119,2.242405518,1.379355591,0.354716275,-0.059977104,-0.059249680,0.931165177
1718187028258618368.000000000,-1.899792969,2.235193848,1.379686035,0.354345669,-0.059431182,-0.058566973,0.931384449
1718187028268618240.000000000,-1.895730835,2.227972412,1.380023804,0.353730349,-0.058858609,-0.059017787,0.931626215
1718187028278618368.000000000,-1.891751709,2.220804443,1.380350708,0.353078227,-0.058008509,-0.060872693,0.931807541
1718187028288618496.000000000,-1.887849609,2.213610107,1.380608032,0.352424317,-0.057371426,-0.062931814,0.931957728
1718187028298618368.000000000,-1.883873535,2.206455078,1.380841187,0.351343136,-0.056523514,-0.065251380,0.932258199
1718187028308618240.000000000,-1.879786621,2.199263428,1.380998291,0.350385570,-0.055547439,-0.067141655,0.932542992
1718187028318618368.000000000,-1.875541016,2.192008545,1.381089355,0.349573518,-0.054867552,-0.068238952,0.932808315
1718187028328618496.000000000,-1.871106323,2.184699707,1.381145752,0.348894773,-0.053794636,-0.068226683,0.933125765
1718187028338618368.000000000,-1.866479492,2.177436768,1.381155640,0.348479893,-0.052395938,-0.067091979,0.933442605
1718187028348618240.000000000,-1.861751953,2.170069336,1.381132324,0.348612159,-0.051000405,-0.064754688,0.933635556
1718187028358618368.000000000,-1.857017944,2.162579590,1.381068848,0.349391162,-0.049062811,-0.062118698,0.933627294
1718187028368618496.000000000,-1.852268677,2.155229004,1.381079224,0.349875783,-0.046688718,-0.060028869,0.933704255
1718187028378618368.000000000,-1.847637573,2.147776367,1.381094727,0.350899129,-0.044053179,-0.057828632,0.933587151
1718187028388618240.000000000,-1.843044312,2.140528320,1.381193115,0.351297680,-0.041368256,-0.056480834,0.933642610
1718187028398618368.000000000,-1.838526489,2.133305420,1.381253540,0.351579830,-0.039568884,-0.054703013,0.933720251
1718187028408618496.000000000,-1.834160889,2.126187500,1.381436279,0.351583412,-0.037819749,-0.054389033,0.933809726
1718187028418618368.000000000,-1.829898804,2.119112549,1.381668579,0.351630376,-0.036684066,-0.054617679,0.933824002
1718187028428618240.000000000,-1.825635864,2.112294922,1.381992310,0.351067320,-0.035637923,-0.055262828,0.934038380
1718187028438618368.000000000,-1.821359741,2.105577881,1.382287720,0.350334150,-0.035892504,-0.055678161,0.934279216
1718187028448618496.000000000,-1.817106934,2.098848633,1.382628174,0.350028700,-0.036129335,-0.056677695,0.934324472
1718187028458618368.000000000,-1.812827271,2.092154297,1.382949097,0.350146914,-0.036498890,-0.057012655,0.934245432
1718187028468618240.000000000,-1.808441040,2.085481201,1.383252197,0.350447974,-0.037206632,-0.057493182,0.934075167
1718187028478618368.000000000,-1.803966187,2.078834717,1.383527222,0.350932293,-0.037526270,-0.057405551,0.933885918
1718187028488618496.000000000,-1.799475586,2.072187012,1.383814575,0.351365443,-0.037685794,-0.057530702,0.933708908
1718187028498618368.000000000,-1.794817505,2.065618164,1.383968384,0.351562696,-0.038350658,-0.056437270,0.933674318
1718187028508618240.000000000,-1.790179565,2.059084961,1.384233154,0.351884555,-0.038623605,-0.056221924,0.933554804
1718187028518618368.000000000,-1.785466431,2.052600586,1.384340088,0.351759855,-0.039619690,-0.055073705,0.933628498
1718187028528618496.000000000,-1.780786987,2.046199341,1.384483765,0.351558267,-0.040649275,-0.054738520,0.933679878
1718187028538618368.000000000,-1.776187012,2.039838135,1.384626343,0.351431876,-0.041809422,-0.054667313,0.933680402
1718187028548618240.000000000,-1.771629028,2.033500488,1.384746948,0.351117878,-0.042969454,-0.055243643,0.933711948
1718187028558618368.000000000,-1.767155273,2.027227417,1.384884766,0.350972676,-0.044075894,-0.057090494,0.933603862
1718187028568618496.000000000,-1.762696167,2.020874023,1.384949097,0.351042434,-0.045037616,-0.058360996,0.933453168
1718187028578618368.000000000,-1.758171265,2.014556641,1.384868042,0.351366485,-0.046145519,-0.059345455,0.933215035
1718187028588618240.000000000,-1.753663574,2.008180664,1.384835449,0.351778787,-0.046946810,-0.060807776,0.932925558
1718187028598618368.000000000,-1.749084106,2.001791748,1.384746826,0.352623544,-0.047288241,-0.062053274,0.932507292
1718187028608618496.000000000,-1.744451660,1.995381714,1.384622681,0.353219559,-0.047579439,-0.063064701,0.932199004
1718187028618618368.000000000,-1.739703369,1.988997559,1.384467529,0.353855504,-0.047388721,-0.063742944,0.931921364
1718187028628618240.000000000,-1.734876709,1.982662842,1.384286987,0.354187623,-0.047426158,-0.064784488,0.931721448
1718187028638618368.000000000,-1.729937866,1.976236084,1.383954956,0.354666354,-0.047983582,-0.064359417,0.931540240
1718187028648618496.000000000,-1.724942505,1.969918579,1.383626587,0.354851205,-0.048447006,-0.064213369,0.931455932
1718187028658618368.000000000,-1.719910156,1.963626953,1.383344727,0.354651970,-0.049188193,-0.064820799,0.931450893
1718187028668618240.000000000,-1.714791016,1.957348267,1.382889282,0.354524191,-0.050567837,-0.064216818,0.931467494
1718187028678618368.000000000,-1.709690796,1.951112305,1.382482666,0.354569951,-0.051726996,-0.064547030,0.931363596
1718187028688618496.000000000,-1.704581787,1.944877686,1.382092407,0.354710034,-0.052892073,-0.065077044,0.931207925
1718187028698618368.000000000,-1.699505249,1.938602905,1.381681030,0.355161068,-0.053775372,-0.065510541,0.930954990
1718187028708618240.000000000,-1.694438354,1.932317383,1.381292969,0.356043891,-0.054691863,-0.065749568,0.930547442
1718187028718618368.000000000,-1.689414063,1.926025757,1.380884033,0.357064766,-0.055534409,-0.066182346,0.930075577
1718187028728618240.000000000,-1.684379272,1.919773315,1.380506714,0.358023106,-0.056046213,-0.066671412,0.929641436
1718187028738618368.000000000,-1.679379150,1.913546387,1.380101440,0.358949584,-0.056690997,-0.067380948,0.929193809
1718187028748618240.000000000,-1.674356689,1.907369385,1.379712402,0.359548812,-0.057473258,-0.068155008,0.928857562
1718187028758618368.000000000,-1.669290894,1.901312256,1.379270996,0.360136364,-0.058343614,-0.069166374,0.928500853
1718187028768618496.000000000,-1.664230347,1.895140625,1.378842041,0.360729294,-0.059169696,-0.070068573,0.928150698
1718187028778618368.000000000,-1.659091797,1.889066284,1.378395142,0.361242127,-0.059732062,-0.070770756,0.927861900
1718187028788618240.000000000,-1.653930542,1.883095947,1.378036621,0.361429140,-0.059831132,-0.072231353,0.927670116
1718187028798618368.000000000,-1.648684204,1.876971680,1.377536987,0.362531549,-0.060178456,-0.071864916,0.927245848
1718187028808618496.000000000,-1.643437622,1.870893921,1.377098267,0.363688172,-0.059773436,-0.072199550,0.926793005
1718187028818618368.000000000,-1.638136475,1.864893799,1.376780273,0.364738906,-0.058813224,-0.072583205,0.926411471
1718187028828618240.000000000,-1.632846924,1.858755493,1.376404541,0.366696669,-0.057389318,-0.071646411,0.925800633
1718187028838618368.000000000,-1.627559570,1.852685669,1.376144531,0.368299947,-0.056017661,-0.070902263,0.925305376
1718187028848618496.000000000,-1.622316162,1.846670898,1.375946411,0.369833110,-0.054129503,-0.070143245,0.924863986
1718187028858618368.000000000,-1.617071533,1.840747803,1.375856323,0.371155036,-0.052737638,-0.069084063,0.924494496
1718187028868618240.000000000,-1.611873779,1.834919800,1.375842529,0.372268165,-0.051462931,-0.067809011,0.924213134
1718187028878618368.000000000,-1.606630371,1.829222900,1.375901123,0.372914629,-0.050797865,-0.067027751,0.924046285
1718187028888618240.000000000,-1.601692749,1.823632080,1.376070923,0.372881413,-0.051032188,-0.066379081,0.924093602
1718187028898618368.000000000,-1.596648315,1.818292969,1.376298218,0.372225931,-0.051651926,-0.066310591,0.924328319
1718187028908618240.000000000,-1.591728271,1.812757568,1.376471680,0.372531191,-0.052957026,-0.065657633,0.924178089
1718187028918618368.000000000,-1.586810791,1.807399048,1.376725464,0.372448821,-0.054553385,-0.065655928,0.924118555
1718187028928618496.000000000,-1.581883667,1.802040771,1.377001221,0.372610363,-0.056212642,-0.065181754,0.923987551
1718187028938618368.000000000,-1.576942017,1.796612671,1.377317139,0.372860641,-0.057913423,-0.064333587,0.923840986
1718187028948618240.000000000,-1.571991455,1.791184937,1.377647461,0.373646033,-0.058828816,-0.063029343,0.923555691
1718187028958618368.000000000,-1.567022461,1.785653931,1.378000977,0.374231018,-0.059267853,-0.061343414,0.923404273
1718187028968618496.000000000,-1.562081543,1.780077637,1.378393188,0.375045739,-0.059041005,-0.059602044,0.923202280
1718187028978618368.000000000,-1.557146851,1.774609985,1.378875366,0.375362712,-0.058344128,-0.058364634,0.923196819
1718187028988618240.000000000,-1.552378540,1.768805054,1.379330444,0.376431587,-0.057554465,-0.056290588,0.922939930
1718187028998618368.000000000,-1.547682983,1.763140015,1.379890869,0.376827873,-0.055717700,-0.055437110,0.922942587
1718187029008618496.000000000,-1.543151978,1.757540283,1.380580688,0.376648666,-0.053713294,-0.056437244,0.923073942
1718187029018618368.000000000,-1.538682251,1.751775513,1.381112427,0.376787190,-0.052223153,-0.055798826,0.923141726
1718187029028618240.000000000,-1.534372070,1.746082397,1.381767456,0.376629502,-0.050728113,-0.056600307,0.923240642
1718187029038618368.000000000,-1.530149170,1.740372925,1.382488159,0.376292024,-0.049003475,-0.057872795,0.923392502
1718187029048618496.000000000,-1.525990112,1.734656128,1.383176025,0.375850593,-0.048189957,-0.059624218,0.923503661
1718187029058618368.000000000,-1.521820313,1.728912109,1.383855347,0.375583413,-0.047103354,-0.060999702,0.923578589
1718187029068618240.000000000,-1.517628174,1.723151367,1.384505615,0.375563508,-0.046535388,-0.062783284,0.923495950
1718187029078618368.000000000,-1.513391602,1.717445313,1.385192871,0.375427602,-0.046116588,-0.065055795,0.923414923
1718187029088618496.000000000,-1.508958496,1.711641357,1.385681763,0.375239013,-0.046562667,-0.065220798,0.923457551
1718187029098618368.000000000,-1.504512573,1.705612305,1.386054810,0.375845680,-0.046964890,-0.065090461,0.923199629
1718187029108618240.000000000,-1.499908569,1.699646851,1.386397339,0.375884505,-0.047356587,-0.065086908,0.923164063
1718187029118618368.000000000,-1.495160889,1.693616211,1.386659668,0.376085792,-0.047753028,-0.064647792,0.923092513
1718187029128618496.000000000,-1.490303711,1.687531860,1.386789307,0.376001400,-0.048148550,-0.064044689,0.923148386
1718187029138618368.000000000,-1.485371948,1.681380249,1.386835205,0.375794602,-0.048422309,-0.063176546,0.923278084
1718187029148618240.000000000,-1.480393921,1.675190796,1.386810791,0.375317451,-0.048718177,-0.062070364,0.923531602
1718187029158618368.000000000,-1.475422485,1.668948364,1.386696045,0.375090973,-0.048699161,-0.061702080,0.923649288
1718187029168618496.000000000,-1.470487183,1.662678833,1.386528809,0.374547280,-0.048817133,-0.061666712,0.923866029
1718187029178618368.000000000,-1.465604004,1.656380127,1.386320801,0.374296280,-0.048431745,-0.062357428,0.923941671
1718187029188618240.000000000,-1.460810791,1.650028198,1.386067627,0.373957109,-0.048184710,-0.063608739,0.924006625
1718187029198618368.000000000,-1.456045776,1.643649414,1.385804688,0.373536157,-0.047861699,-0.065231416,0.924080548
1718187029208618496.000000000,-1.451318604,1.637235107,1.385523926,0.373344174,-0.047221075,-0.067287954,0.924043630
1718187029218618368.000000000,-1.446537842,1.630809204,1.385231934,0.372719337,-0.046635292,-0.069190407,0.924185118
1718187029228618240.000000000,-1.441707153,1.624350342,1.384913818,0.372170678,-0.046350884,-0.071033731,0.924280689
1718187029238618368.000000000,-1.436718994,1.617827148,1.384453979,0.371645806,-0.046494077,-0.070947735,0.924491273
1718187029248618496.000000000,-1.431746460,1.611456055,1.384274536,0.370570847,-0.045889641,-0.073214181,0.924776228
1718187029258618368.000000000,-1.426592529,1.605000488,1.383941162,0.369257089,-0.046122825,-0.073723925,0.925249518
1718187029268618240.000000000,-1.421347412,1.598580566,1.383622437,0.368187773,-0.046773955,-0.073879904,0.925630445
1718187029278618368.000000000,-1.416079346,1.592249268,1.383406128,0.366281451,-0.047569205,-0.074862815,0.926267039
1718187029288618496.000000000,-1.410726318,1.585629761,1.382997925,0.365467965,-0.048796249,-0.073782671,0.926611143
1718187029298618368.000000000,-1.405438965,1.579110840,1.382738037,0.364293941,-0.049523032,-0.074139761,0.927006305
1718187029308618240.000000000,-1.400167480,1.572543457,1.382502197,0.363173623,-0.050840464,-0.074658224,0.927332905
1718187029318618368.000000000,-1.394931763,1.565945313,1.382292969,0.362276306,-0.051433313,-0.075165814,0.927610151
1718187029328618496.000000000,-1.389735962,1.559304932,1.382142700,0.361182923,-0.052322707,-0.076328289,0.927891816
1718187029338618368.000000000,-1.384571533,1.552621094,1.382006348,0.360018180,-0.052875479,-0.077275992,0.928234623
1718187029348618240.000000000,-1.379401123,1.545925049,1.381941284,0.358572132,-0.053620539,-0.078559171,0.928643807
1718187029358618368.000000000,-1.374258301,1.539209106,1.381877563,0.357025024,-0.054335101,-0.079624140,0.929107542
1718187029368618496.000000000,-1.369107666,1.532471680,1.381880859,0.355209284,-0.055169952,-0.080613165,0.929668843
1718187029378618368.000000000,-1.363984741,1.525687744,1.381929565,0.353495079,-0.055440529,-0.081676706,0.930213143
1718187029388618240.000000000,-1.358877930,1.518901001,1.382050171,0.351948905,-0.056467671,-0.082632565,0.930653120
1718187029398618368.000000000,-1.353799438,1.512067139,1.382235718,0.350340541,-0.056842352,-0.083562454,0.931153998
1718187029408618496.000000000,-1.348735107,1.505207153,1.382471924,0.348959528,-0.057197834,-0.084169929,0.931595985
1718187029418618368.000000000,-1.343649658,1.498318726,1.382783813,0.347749877,-0.056426673,-0.084624058,0.932054088
1718187029428618240.000000000,-1.338625732,1.491492554,1.383266724,0.346278246,-0.054906931,-0.086068264,0.932560378
1718187029438618368.000000000,-1.333495850,1.484489746,1.383577515,0.345430262,-0.054184484,-0.084383219,0.933070977
1718187029448618496.000000000,-1.328439575,1.477579102,1.384064819,0.344176320,-0.052305697,-0.083866930,0.933687910
1718187029458618368.000000000,-1.323393188,1.470689087,1.384658325,0.342834728,-0.050221827,-0.083304557,0.934346011
1718187029468618240.000000000,-1.318375977,1.463859009,1.385302246,0.341492295,-0.047561525,-0.082734420,0.935027235
1718187029478618368.000000000,-1.313404297,1.457069824,1.385986938,0.339839278,-0.045616670,-0.082347417,0.935760272
1718187029488618496.000000000,-1.308499146,1.450340820,1.386790405,0.338272641,-0.043580472,-0.082782516,0.936386361
1718187029498618368.000000000,-1.303706665,1.443884644,1.387385620,0.336583999,-0.039923449,-0.083674296,0.937078408
1718187029508618240.000000000,-1.298847046,1.437257690,1.388436401,0.334385902,-0.041849790,-0.084064251,0.937746162
1718187029518618368.000000000,-1.294032715,1.430810181,1.389296021,0.332723043,-0.041713037,-0.085794827,0.938186893
1718187029528618496.000000000,-1.289224609,1.424449585,1.390118774,0.331068714,-0.042554504,-0.087030113,0.938620466
1718187029538618368.000000000,-1.284387207,1.418229004,1.390887695,0.329224004,-0.043872957,-0.087456827,0.939168793
1718187029548618240.000000000,-1.279539551,1.411945068,1.391613159,0.327783476,-0.045509324,-0.087242415,0.939614631
1718187029558618368.000000000,-1.274425293,1.405746948,1.392364502,0.326881751,-0.048356760,-0.087347412,0.939776768
1718187029568618496.000000000,-1.269274780,1.399491699,1.393087402,0.325736909,-0.051284772,-0.086006528,0.940142657
1718187029578618368.000000000,-1.264063232,1.393224243,1.393694092,0.325160663,-0.053834402,-0.083943409,0.940386040
1718187029588618240.000000000,-1.258787720,1.386930176,1.394347168,0.325250699,-0.055708216,-0.082515078,0.940372181
1718187029598618368.000000000,-1.253561646,1.380561768,1.394927368,0.325184257,-0.057098198,-0.080235806,0.940509016
1718187029608618496.000000000,-1.248518799,1.374224609,1.395304077,0.324134413,-0.058080630,-0.076650199,0.941110126
1718187029618618368.000000000,-1.243244629,1.367669678,1.396013306,0.325852010,-0.056757508,-0.077957159,0.940490156
1718187029628618240.000000000,-1.238284424,1.361181152,1.396295166,0.325111920,-0.056094270,-0.073579418,0.941138535
1718187029638618368.000000000,-1.233375610,1.354663086,1.396956909,0.325947043,-0.052970734,-0.074649252,0.940946394
1718187029648618496.000000000,-1.228091431,1.347880005,1.397455811,0.328221510,-0.051687572,-0.074429508,0.940244268
1718187029658618368.000000000,-1.223138184,1.341339966,1.397357178,0.327461917,-0.046241682,-0.069029316,0.941204204
1718187029668618240.000000000,-1.218432129,1.334915894,1.397888428,0.327209297,-0.043477987,-0.070385127,0.941323363
1718187029678618368.000000000,-1.213813110,1.328604004,1.398323730,0.326635653,-0.040194483,-0.071215245,0.941606044
1718187029688618496.000000000,-1.209181641,1.322313110,1.398725220,0.325943967,-0.037442594,-0.072447813,0.941865116
1718187029698618368.000000000,-1.204483032,1.316093018,1.399020264,0.325556794,-0.035346511,-0.073382705,0.942007631
1718187029708618240.000000000,-1.199708862,1.310028931,1.399305054,0.324582672,-0.033813398,-0.074266795,0.942330720
1718187029718618368.000000000,-1.194815796,1.304003052,1.399458862,0.323785870,-0.032871630,-0.074561621,0.942614837
1718187029728618240.000000000,-1.189768066,1.298023926,1.399569580,0.323253910,-0.032732865,-0.074761046,0.942786431
1718187029738618368.000000000,-1.184619141,1.292149292,1.399553955,0.322786702,-0.034147382,-0.074100329,0.942948484
1718187029748618240.000000000,-1.179328369,1.286350830,1.399448853,0.322067602,-0.035689103,-0.072938589,0.943227814
1718187029758618368.000000000,-1.173963013,1.280571655,1.399292847,0.322041429,-0.038156756,-0.072245604,0.943193486
1718187029768618496.000000000,-1.168507690,1.274824463,1.399020508,0.321993977,-0.041297190,-0.070766525,0.943189546
1718187029778618368.000000000,-1.163007080,1.269070557,1.398681641,0.321912016,-0.044320800,-0.069878744,0.943146479
1718187029788618240.000000000,-1.157471191,1.263308350,1.398267578,0.322149427,-0.047323718,-0.068965347,0.942986741
1718187029798618368.000000000,-1.151889282,1.257473511,1.397822632,0.322587678,-0.050165485,-0.068680990,0.942710738
1718187029808618496.000000000,-1.146284790,1.251646973,1.397294067,0.323008844,-0.052401058,-0.068383029,0.942466539
1718187029818618368.000000000,-1.140632080,1.245787476,1.396746460,0.323324886,-0.054222357,-0.068471832,0.942248673
1718187029828618240.000000000,-1.134923340,1.239861328,1.396135742,0.323756309,-0.055279747,-0.068823131,0.942013471
1718187029838618368.000000000,-1.129179443,1.233884888,1.395491455,0.324149185,-0.055949213,-0.068746847,0.941844394
1718187029848618496.000000000,-1.123335083,1.227905273,1.394800781,0.324057521,-0.056082942,-0.068834525,0.941861579
1718187029858618368.000000000,-1.117437378,1.221884644,1.394047241,0.324030570,-0.055560384,-0.068855871,0.941900261
1718187029868618240.000000000,-1.111478638,1.215837402,1.393281372,0.323909246,-0.054797732,-0.068820867,0.941989223
1718187029878618368.000000000,-1.105490845,1.209774048,1.392478882,0.323653468,-0.053554085,-0.068926752,0.942140911
1718187029888618240.000000000,-1.099466064,1.203688965,1.391649048,0.323655119,-0.052119376,-0.069372897,0.942188057
1718187029898618368.000000000,-1.093437622,1.197601685,1.390811157,0.323416286,-0.050777062,-0.069255539,0.942351986
1718187029908618240.000000000,-1.087423706,1.191495117,1.389935791,0.323594256,-0.049281601,-0.069661772,0.942340341
1718187029918618368.000000000,-1.081425293,1.185393799,1.389069824,0.323866999,-0.047912110,-0.070126907,0.942282767
1718187029928618496.000000000,-1.075461182,1.179313965,1.388179810,0.324315686,-0.046909449,-0.070324779,0.942164139
1718187029938618368.000000000,-1.069457397,1.173262939,1.387304565,0.324875350,-0.046188944,-0.070962005,0.941959119
1718187029948618240.000000000,-1.063517822,1.167219360,1.386421509,0.325831498,-0.045515621,-0.071460555,0.941623891
1718187029958618368.000000000,-1.057533447,1.161187134,1.385535522,0.326713149,-0.045248862,-0.072200003,0.941274784
1718187029968618496.000000000,-1.051568970,1.155194580,1.384656250,0.327667590,-0.045270265,-0.072763150,0.940898548
1718187029978618368.000000000,-1.045552124,1.149237793,1.383800049,0.328849746,-0.046079926,-0.073197352,0.940413012
1718187029988618240.000000000,-1.039466553,1.143322021,1.382929199,0.329974697,-0.047230863,-0.073868022,0.939909283
1718187029998618368.000000000,-1.033343994,1.137416260,1.382086792,0.331112739,-0.048265467,-0.073992533,0.939446595
1718187030008618496.000000000,-1.027149780,1.131510254,1.381257324,0.332696554,-0.049649143,-0.074063419,0.938809126
1718187030018618368.000000000,-1.020863159,1.125619263,1.380484009,0.334291978,-0.051094490,-0.073602932,0.938200850
1718187030028618240.000000000,-1.014536621,1.119713379,1.379759033,0.336044568,-0.051904083,-0.072626144,0.937606238
1718187030038618368.000000000,-1.008155701,1.113776855,1.379100464,0.338276048,-0.052458734,-0.071328095,0.936872296
1718187030048618496.000000000,-1.001780273,1.107804932,1.378521606,0.340725685,-0.052742091,-0.069746478,0.936087447
1718187030058618368.000000000,-0.995417542,1.101861206,1.378115601,0.342820820,-0.051894916,-0.068530214,0.935459466
1718187030068618240.000000000,-0.989058228,1.095958618,1.377795288,0.344720809,-0.050652090,-0.066899366,0.934947274
1718187030078618368.000000000,-0.982710999,1.090089844,1.377666138,0.346230826,-0.049164766,-0.064987470,0.934603483
1718187030088618496.000000000,-0.976415222,1.084351563,1.377609741,0.346687859,-0.047526539,-0.062054216,0.934718156
1718187030098618368.000000000,-0.969996765,1.078446411,1.377823364,0.348036493,-0.045056064,-0.060271545,0.934455934
1718187030108618240.000000000,-0.963829407,1.072726929,1.378095703,0.348387174,-0.043867246,-0.058454159,0.934497273
1718187030118618368.000000000,-0.957747253,1.067060303,1.378361572,0.349163118,-0.043930346,-0.059492556,0.934139110
1718187030128618496.000000000,-0.951917053,1.061337158,1.378902832,0.348439236,-0.045534257,-0.059721531,0.934317970
1718187030138618368.000000000,-0.946108398,1.055763550,1.379310547,0.349465193,-0.044660008,-0.059874270,0.933967148
1718187030148618240.000000000,-0.940078918,1.050224365,1.379716187,0.349795642,-0.045708013,-0.059900910,0.933791019
1718187030158618368.000000000,-0.934609558,1.044571045,1.380122559,0.350476602,-0.048286778,-0.061860113,0.933278021
1718187030168618496.000000000,-0.928642273,1.038761841,1.380582153,0.352188242,-0.048911526,-0.066095734,0.932310280
1718187030178618368.000000000,-0.922866943,1.032942139,1.381041748,0.353888142,-0.049847455,-0.066632037,0.931578545
1718187030188618240.000000000,-0.917267273,1.027227417,1.381445923,0.354066791,-0.050442912,-0.066012985,0.931522681
1718187030198618368.000000000,-0.910838989,1.021165833,1.381859863,0.357559713,-0.050332799,-0.066051734,0.930190749
1718187030208618496.000000000,-0.905241699,1.015095459,1.382329956,0.359303252,-0.050010474,-0.065629949,0.929565939
1718187030218618368.000000000,-0.898857239,1.009245850,1.382695557,0.360695495,-0.048913001,-0.063979012,0.929200174
1718187030228618240.000000000,-0.892944092,1.003330566,1.383105469,0.361442971,-0.048126518,-0.062950760,0.929021000
1718187030238618368.000000000,-0.887138184,0.997468445,1.383502808,0.361972683,-0.046770353,-0.061953753,0.928951045
1718187030248618496.000000000,-0.881431885,0.991621216,1.383977661,0.362247307,-0.045607331,-0.061760708,0.928914676
1718187030258618368.000000000,-0.875975647,0.985806213,1.384431396,0.362414597,-0.044237690,-0.062679589,0.928854109
1718187030268618240.000000000,-0.870595520,0.980020508,1.384921875,0.362520485,-0.042856984,-0.063853071,0.928797589
1718187030278618368.000000000,-0.865434753,0.974257385,1.385393433,0.362769997,-0.041669740,-0.066006867,0.928603605
1718187030288618496.000000000,-0.860268677,0.968434998,1.385908081,0.363138622,-0.040449560,-0.068375816,0.928342028
1718187030298618368.000000000,-0.855100891,0.962684387,1.386321289,0.363690220,-0.039816589,-0.070862254,0.927966920
1718187030308618240.000000000,-0.849876831,0.956876282,1.386735107,0.364139882,-0.039865595,-0.073321941,0.927597312
1718187030318618368.000000000,-0.844503662,0.951071716,1.387041870,0.364544229,-0.039587981,-0.074859454,0.927327536
1718187030328618496.000000000,-0.838937317,0.945261963,1.387244019,0.364870574,-0.040469091,-0.075974407,0.927070443
1718187030338618368.000000000,-0.833207764,0.939392944,1.387340210,0.364750710,-0.041324336,-0.076233855,0.927058584
1718187030348618240.000000000,-0.827233154,0.933386658,1.387161255,0.364788844,-0.044287265,-0.075880999,0.926935711
1718187030358618368.000000000,-0.821106506,0.927380798,1.386993042,0.364624725,-0.045593262,-0.074765813,0.927027582
1718187030368618496.000000000,-0.814867188,0.921323914,1.386655151,0.364442589,-0.046929644,-0.073216706,0.927156148
1718187030378618368.000000000,-0.808550537,0.915132874,1.386222168,0.364211324,-0.047869899,-0.071063606,0.927366459
1718187030388618240.000000000,-0.802202332,0.908814148,1.385654175,0.364325299,-0.048253573,-0.069185316,0.927443832
1718187030398618368.000000000,-0.796095215,0.902330200,1.384992798,0.364670707,-0.047697071,-0.068448425,0.927391545
1718187030408618496.000000000,-0.789877563,0.895785034,1.384275391,0.364809762,-0.047599347,-0.067037314,0.927444951
1718187030418618368.000000000,-0.783537781,0.889227234,1.383460815,0.364401911,-0.047494527,-0.065955933,0.927688165
1718187030428618240.000000000,-0.777949890,0.882887512,1.382630981,0.362442547,-0.044586732,-0.064847602,0.928677668
1718187030438618368.000000000,-0.771891052,0.875672668,1.381770142,0.364644829,-0.044735282,-0.067101940,0.927647688
1718187030448618496.000000000,-0.766147827,0.868836182,1.380849365,0.364216425,-0.043513678,-0.068035873,0.927806055
1718187030458618368.000000000,-0.760470764,0.861954285,1.379921387,0.363732850,-0.042694308,-0.069232101,0.927945325
1718187030468618240.000000000,-0.754841553,0.855028442,1.379018066,0.362937014,-0.041511801,-0.070742388,0.928196643
1718187030478618368.000000000,-0.749236877,0.848063660,1.378134033,0.362089798,-0.040460273,-0.072264116,0.928456699
1718187030488618496.000000000,-0.743627563,0.841080444,1.377281006,0.361309079,-0.040096130,-0.073564605,0.928674485
1718187030498618368.000000000,-0.738023926,0.834059143,1.376426514,0.360770552,-0.039912432,-0.074809440,0.928792310
1718187030508618240.000000000,-0.732415588,0.826978271,1.375642944,0.360324471,-0.040268145,-0.076175193,0.928839110
1718187030518618368.000000000,-0.726794250,0.819838501,1.374936401,0.360056993,-0.040860594,-0.076717054,0.928872363
1718187030528618496.000000000,-0.721169617,0.812645508,1.374289551,0.360046933,-0.041381421,-0.077360324,0.928799851
1718187030538618368.000000000,-0.715615295,0.805383179,1.373713745,0.360244009,-0.042169394,-0.078021500,0.928632673
1718187030548618240.000000000,-0.710113342,0.798075256,1.373243408,0.360637145,-0.042959092,-0.079011531,0.928360137
1718187030558618368.000000000,-0.704663940,0.790745667,1.372849731,0.360798946,-0.044070889,-0.080225129,0.928141049
1718187030568618496.000000000,-0.699283630,0.783380798,1.372559937,0.360982393,-0.045103265,-0.081702550,0.927891212
1718187030578618368.000000000,-0.693960266,0.776028503,1.372397949,0.360842633,-0.045876078,-0.083410556,0.927755711
1718187030588618240.000000000,-0.688683533,0.768651611,1.372319214,0.360510620,-0.046792379,-0.085259040,0.927670988
1718187030598618368.000000000,-0.683390625,0.761259033,1.372371094,0.359876775,-0.047888280,-0.087302223,0.927671139
1718187030608618496.000000000,-0.678081055,0.753830627,1.372519287,0.359161739,-0.049039096,-0.089097912,0.927717400
1718187030618618368.000000000,-0.672754028,0.746392639,1.372748535,0.358301794,-0.049753649,-0.090621502,0.927864291
1718187030628618240.000000000,-0.667387939,0.738897156,1.373088745,0.357688082,-0.050624442,-0.091821965,0.927935951
1718187030638618368.000000000,-0.661986938,0.731329346,1.373519897,0.357194195,-0.051681444,-0.092223207,0.928028133
1718187030648618496.000000000,-0.656549805,0.723719238,1.374048218,0.356924087,-0.051932517,-0.092221007,0.928118255
1718187030658618368.000000000,-0.651053528,0.716061890,1.374705322,0.356940122,-0.051592811,-0.091454182,0.928206908
1718187030668618240.000000000,-0.645558044,0.708381287,1.375432739,0.357203491,-0.050408837,-0.090400128,0.928273899
1718187030678618368.000000000,-0.640031982,0.700675110,1.376269531,0.357504098,-0.047269127,-0.088630625,0.928493975
1718187030688618496.000000000,-0.634552307,0.693026917,1.377242676,0.357519059,-0.044855876,-0.087247549,0.928738896
1718187030698618368.000000000,-0.629123901,0.685414490,1.378325439,0.356997304,-0.042124404,-0.085624438,0.929218443
1718187030708618240.000000000,-0.623630981,0.677869263,1.379642822,0.356804379,-0.038901729,-0.086051704,0.929393563
1718187030718618368.000000000,-0.618369507,0.670475220,1.380858765,0.355426200,-0.036076589,-0.085686536,0.930069091
1718187030728618240.000000000,-0.613167786,0.663223145,1.382143066,0.353767253,-0.034496075,-0.086185269,0.930715236
1718187030738618368.000000000,-0.608051208,0.656107849,1.383430298,0.351924368,-0.033666518,-0.087404154,0.931330403
1718187030748618240.000000000,-0.602975342,0.649090393,1.384779297,0.349994034,-0.033198986,-0.088944613,0.931928570
1718187030758618368.000000000,-0.597909912,0.642184021,1.386060059,0.348132553,-0.033734584,-0.090410479,0.932465361
1718187030768618496.000000000,-0.592842896,0.635356506,1.387368530,0.346708832,-0.034426846,-0.091869082,0.932827878
1718187030778618368.000000000,-0.587702087,0.628577026,1.388599365,0.345544705,-0.036566814,-0.092915832,0.933074688
1718187030788618240.000000000,-0.582518311,0.621807922,1.389833984,0.345076347,-0.037960602,-0.093698375,0.933114099
1718187030798618368.000000000,-0.577233459,0.615046997,1.391024292,0.344699301,-0.039585762,-0.093425000,0.933213335
1718187030808618496.000000000,-0.571857361,0.608318726,1.392140625,0.344987937,-0.041069680,-0.092632729,0.933121526
1718187030818618368.000000000,-0.566406616,0.601645325,1.393207031,0.345061164,-0.042358462,-0.091255130,0.933172575
1718187030828618240.000000000,-0.560888550,0.595009827,1.394232056,0.345282728,-0.043401864,-0.089715884,0.933191929
1718187030838618368.000000000,-0.555416260,0.588427490,1.395179810,0.345285096,-0.044348461,-0.087886022,0.933320665
1718187030848618496.000000000,-0.549984497,0.581919739,1.396079590,0.345234694,-0.044839851,-0.086502568,0.933445071
1718187030858618368.000000000,-0.544645203,0.575434204,1.396943726,0.345094429,-0.044958870,-0.085807967,0.933555316
1718187030868618240.000000000,-0.539450500,0.569002869,1.397759888,0.345040929,-0.044677306,-0.085507735,0.933616154
1718187030878618368.000000000,-0.534343689,0.562643677,1.398521118,0.345023291,-0.044262489,-0.086034045,0.933594079
1718187030888618240.000000000,-0.529342529,0.556316956,1.399250977,0.344896490,-0.043350916,-0.087130175,0.933582049
1718187030898618368.000000000,-0.524301758,0.550191650,1.399905396,0.345224113,-0.042893734,-0.088483507,0.933354760
1718187030908618240.000000000,-0.519325256,0.543952576,1.400521484,0.345096855,-0.042055973,-0.089890539,0.933305495
1718187030918618368.000000000,-0.514317810,0.537786499,1.401059082,0.344889098,-0.041304466,-0.091448874,0.933264461
1718187030928618496.000000000,-0.509226807,0.531667908,1.401492676,0.344547351,-0.040650075,-0.092197005,0.933345813
1718187030938618368.000000000,-0.504007935,0.525569092,1.401844727,0.344091250,-0.040343007,-0.092595613,0.933487925
1718187030948618240.000000000,-0.498656616,0.519525391,1.402089844,0.343564027,-0.040694062,-0.092753348,0.933651203
1718187030958618368.000000000,-0.493193481,0.513489380,1.402239014,0.343071816,-0.040969123,-0.092361344,0.933859006
1718187030968618496.000000000,-0.487642456,0.507485138,1.402302612,0.342566061,-0.041539437,-0.091604265,0.934094014
1718187030978618368.000000000,-0.482010651,0.501462341,1.402260010,0.342100823,-0.042480354,-0.090694877,0.934310915
1718187030988618240.000000000,-0.476351501,0.495443146,1.402160522,0.341990090,-0.043458478,-0.089817994,0.934391174
1718187030998618368.000000000,-0.470669189,0.489434021,1.401983154,0.341676696,-0.044524139,-0.088608459,0.934571120
1718187031008618496.000000000,-0.465017731,0.483396667,1.401762573,0.341850794,-0.045186391,-0.088258526,0.934508779
1718187031018618368.000000000,-0.459401215,0.477344147,1.401467896,0.341902181,-0.046045878,-0.088055306,0.934467195
1718187031028618240.000000000,-0.453858002,0.471291656,1.401136963,0.342383432,-0.046796819,-0.088238598,0.934236369
1718187031038618368.000000000,-0.448331909,0.465218750,1.400748779,0.342608633,-0.047653053,-0.088891858,0.934048579
1718187031048618496.000000000,-0.442853333,0.459126984,1.400326538,0.343175333,-0.048043289,-0.089601213,0.933752727
1718187031058618368.000000000,-0.437340973,0.453019562,1.399847168,0.343719774,-0.048540171,-0.090701136,0.933420523
1718187031068618240.000000000,-0.431837921,0.446909973,1.399329102,0.344323247,-0.049116654,-0.091380148,0.933101669
1718187031078618368.000000000,-0.426228271,0.440798584,1.398746948,0.344854226,-0.049508253,-0.092172654,0.932806892
1718187031088618496.000000000,-0.420590057,0.434635223,1.398126343,0.345506445,-0.049980154,-0.092510381,0.932506895
1718187031098618368.000000000,-0.414895538,0.428358154,1.397477417,0.345803573,-0.050045777,-0.092365131,0.932407632
1718187031108618240.000000000,-0.409079865,0.422186401,1.396748535,0.346385255,-0.050926245,-0.092002913,0.932179831
1718187031118618368.000000000,-0.403228088,0.416003326,1.395968506,0.347309657,-0.051653224,-0.091408949,0.931854254
1718187031128618496.000000000,-0.397337616,0.409789063,1.395168457,0.348308064,-0.052640018,-0.090827083,0.931483205
1718187031138618368.000000000,-0.391506897,0.403533264,1.394341064,0.349513232,-0.053305415,-0.090365184,0.931038757
1718187031148618240.000000000,-0.385721436,0.397279510,1.393478027,0.350792811,-0.054141612,-0.089936192,0.930550682
1718187031158618368.000000000,-0.379985870,0.391010864,1.392605713,0.352425418,-0.054719042,-0.089731258,0.929919594
1718187031168618496.000000000,-0.374327606,0.384718079,1.391732788,0.354019251,-0.056002358,-0.089582419,0.929251901
1718187031178618368.000000000,-0.368723816,0.378448669,1.390860352,0.355775624,-0.057037506,-0.089673293,0.928509089
1718187031188618240.000000000,-0.363168030,0.372180145,1.389987183,0.357578438,-0.058052092,-0.089874629,0.927733888
1718187031198618368.000000000,-0.357653168,0.365909607,1.389066772,0.359304557,-0.059573545,-0.089757200,0.926981593
1718187031208618240.000000000,-0.352217133,0.359592682,1.388212402,0.361261908,-0.061092317,-0.089903984,0.926107357
1718187031218618368.000000000,-0.346789490,0.353268951,1.387391113,0.363420322,-0.061979907,-0.089996203,0.925194490
1718187031228618240.000000000,-0.341371124,0.346901062,1.386636108,0.365780207,-0.063200769,-0.090489440,0.924133196
1718187031238618368.000000000,-0.335963104,0.340500519,1.385931274,0.368534373,-0.063437918,-0.091183155,0.922953779
1718187031248618496.000000000,-0.330559448,0.334033325,1.385316650,0.371361055,-0.063844817,-0.091430890,0.921767432
1718187031258618368.000000000,-0.325124542,0.327602661,1.384714233,0.374273316,-0.063274393,-0.090747935,0.920695742
1718187031268618240.000000000,-0.319731537,0.321140076,1.384256958,0.377461413,-0.062728880,-0.090306826,0.919474114
1718187031278618368.000000000,-0.314327301,0.314700012,1.383873047,0.380560564,-0.061664058,-0.089312628,0.918365099
1718187031288618496.000000000,-0.309003876,0.308260925,1.383610229,0.383633356,-0.060799854,-0.087817311,0.917287820
1718187031298618368.000000000,-0.303735992,0.301894226,1.383415283,0.386456233,-0.059720773,-0.086395594,0.916308251
1718187031308618240.000000000,-0.298600311,0.295579437,1.383359375,0.389325648,-0.058595334,-0.084878986,0.915307426
1718187031318618368.000000000,-0.293607025,0.289285675,1.383411499,0.392326262,-0.057489404,-0.083864521,0.914189157
1718187031328618496.000000000,-0.288813904,0.283090515,1.383555176,0.395121687,-0.056142265,-0.083136725,0.913134811
1718187031338618368.000000000,-0.284196381,0.276926788,1.383771362,0.397577773,-0.055751725,-0.082702756,0.912131522
1718187031348618240.000000000,-0.279783356,0.270815582,1.384074829,0.400195948,-0.055196930,-0.082853368,0.911005939
1718187031358618368.000000000,-0.275534912,0.264791656,1.384400757,0.402845097,-0.055382983,-0.082879352,0.909823920
1718187031368618240.000000000,-0.271437897,0.258820313,1.384774292,0.405335608,-0.056190951,-0.083322455,0.908626981
1718187031378618368.000000000,-0.267512573,0.252866394,1.385138428,0.408168383,-0.057385557,-0.083731640,0.907245546
1718187031388618240.000000000,-0.263704285,0.246899200,1.385530396,0.411212024,-0.058940072,-0.084249059,0.905722273
1718187031398618368.000000000,-0.260035339,0.240857758,1.385901978,0.414638623,-0.060212122,-0.084394819,0.904061296
1718187031408618496.000000000,-0.256455078,0.234778702,1.386298218,0.418339251,-0.061004584,-0.084504393,0.902291372
1718187031418618368.000000000,-0.252976410,0.228631424,1.386628296,0.422287394,-0.061603609,-0.084341003,0.900424871
1718187031428618240.000000000,-0.249577408,0.222397797,1.386945679,0.426233399,-0.061606053,-0.084253977,0.898571673
1718187031438618368.000000000,-0.246253738,0.216096664,1.387261108,0.430016810,-0.060426189,-0.083840680,0.896886258
1718187031448618496.000000000,-0.243034149,0.209880234,1.387388428,0.432623316,-0.059564018,-0.082395167,0.895823772
1718187031458618368.000000000,-0.239774963,0.203475571,1.387804443,0.436966712,-0.056896826,-0.083439553,0.893790068
1718187031468618240.000000000,-0.236718903,0.197105759,1.387989014,0.439756493,-0.055153835,-0.083472560,0.892527094
1718187031478618368.000000000,-0.233731125,0.190811615,1.388128906,0.442542725,-0.053132199,-0.083457602,0.891273098
1718187031488618496.000000000,-0.230721832,0.184671646,1.388200806,0.444517972,-0.051598174,-0.083650135,0.890361756
1718187031498618368.000000000,-0.228016006,0.178271225,1.388345459,0.447801082,-0.048954042,-0.084904450,0.888745704
1718187031508618240.000000000,-0.225339401,0.172013092,1.388363525,0.450492441,-0.047216724,-0.085673732,0.887404729
1718187031518618368.000000000,-0.222600250,0.165938766,1.388276001,0.452876728,-0.046635680,-0.086463816,0.886144340
1718187031528618240.000000000,-0.220090363,0.159600006,1.388183716,0.456589994,-0.045533362,-0.087784370,0.884164122
1718187031538618368.000000000,-0.217431610,0.153496002,1.387984131,0.459183788,-0.045027807,-0.087787496,0.882845457
1718187031548618240.000000000,-0.214827393,0.147491882,1.387599243,0.461295655,-0.044895633,-0.087187945,0.881810049
1718187031558618368.000000000,-0.212216278,0.141251480,1.387250000,0.465514173,-0.045693679,-0.087334989,0.879534674
1718187031568618496.000000000,-0.209576782,0.135101089,1.386800415,0.468710025,-0.046525959,-0.086449387,0.877879691
1718187031578618368.000000000,-0.206922150,0.128993256,1.386267944,0.471945804,-0.047241290,-0.085361334,0.876212794
1718187031588618240.000000000,-0.204281158,0.122970833,1.385624146,0.474652887,-0.048295128,-0.083677398,0.874854451
1718187031598618368.000000000,-0.201681503,0.116919136,1.384989380,0.477395198,-0.048881809,-0.082800328,0.873411987
1718187031608618496.000000000,-0.199235031,0.110837074,1.384198730,0.480826981,-0.051098286,-0.081238540,0.871547290
1718187031618618368.000000000,-0.196849594,0.104837898,1.383343384,0.483917926,-0.052551553,-0.080084799,0.869855275
1718187031628618240.000000000,-0.194503799,0.098930252,1.382480591,0.486156887,-0.054075015,-0.079688604,0.868548848
1718187031638618368.000000000,-0.192329956,0.092920227,1.381491455,0.489123444,-0.055993148,-0.078564120,0.866862563
1718187031648618496.000000000,-0.190216354,0.086920403,1.380440063,0.491887006,-0.057433030,-0.078055202,0.865249101
1718187031658618368.000000000,-0.188178497,0.080917847,1.379354004,0.494604340,-0.059031249,-0.076916682,0.863693049
1718187031668618240.000000000,-0.186256271,0.074877716,1.378192871,0.497469059,-0.060795696,-0.075780559,0.862024202
1718187031678618368.000000000,-0.184416107,0.068808762,1.377030151,0.500057505,-0.062348878,-0.074328923,0.860540714
1718187031688618240.000000000,-0.182665833,0.062748363,1.375842407,0.502948493,-0.063729796,-0.073006044,0.858866371
1718187031698618368.000000000,-0.181018204,0.056642971,1.374657837,0.505574627,-0.065274774,-0.071270975,0.857352873
1718187031708618240.000000000,-0.179576645,0.050611359,1.373570190,0.507895184,-0.066164311,-0.071562560,0.855887589
1718187031718618368.000000000,-0.178248398,0.044562794,1.372516846,0.510721399,-0.066671510,-0.070275713,0.854271553
1718187031728618496.000000000,-0.177045563,0.038406647,1.371345337,0.514230180,-0.067958496,-0.068881040,0.852176254
1718187031738618368.000000000,-0.176010681,0.032241875,1.370217285,0.517856796,-0.068902554,-0.067885466,0.849981377
1718187031748618496.000000000,-0.175382660,0.026019190,1.369222534,0.523718254,-0.073517853,-0.064399387,0.846266527
1718187031758618368.000000000,-0.174733551,0.019883303,1.368141968,0.527854119,-0.074108181,-0.064302533,0.843648737
1718187031768618496.000000000,-0.174261154,0.013790811,1.367177979,0.532382667,-0.075348846,-0.064176006,0.840697738
1718187031778618368.000000000,-0.173924347,0.007723309,1.366244751,0.536581042,-0.075906742,-0.064022914,0.837985691
1718187031788618240.000000000,-0.173738388,0.001757712,1.365365234,0.540583789,-0.077005993,-0.063974563,0.835312216
1718187031798618368.000000000,-0.173698776,-0.004167549,1.364575562,0.544895860,-0.078703916,-0.063974051,0.832346993
1718187031808618496.000000000,-0.173767776,-0.010007273,1.363818970,0.549016601,-0.080128788,-0.063506558,0.829534247
1718187031818618368.000000000,-0.173941376,-0.015825091,1.363109863,0.553336994,-0.082441972,-0.063141191,0.826459123
1718187031828618240.000000000,-0.174196228,-0.021656410,1.362462524,0.557994954,-0.084115123,-0.062738806,0.823182920
1718187031838618368.000000000,-0.174522476,-0.027544415,1.361888062,0.563133385,-0.085717657,-0.062042090,0.819563331
1718187031848618240.000000000,-0.175011826,-0.033398624,1.361536011,0.568607735,-0.084116592,-0.059287684,0.816146196
1718187031858618368.000000000,-0.175433395,-0.039393707,1.361123901,0.574553341,-0.083831453,-0.058195854,0.812080038
1718187031868618240.000000000,-0.175914902,-0.045431007,1.360775146,0.580587019,-0.082053404,-0.057038048,0.808042457
1718187031878618368.000000000,-0.176531647,-0.051438927,1.360509644,0.586621650,-0.079342991,-0.055788640,0.804031938
1718187031888618240.000000000,-0.177214203,-0.057326561,1.360311768,0.592397966,-0.076289986,-0.055105170,0.800129932
1718187031898618368.000000000,-0.178080673,-0.063037716,1.360192261,0.598034459,-0.073744532,-0.054439503,0.796211574
1718187031908618496.000000000,-0.179125870,-0.068376053,1.360199341,0.602947040,-0.071825796,-0.055235852,0.792619027
1718187031918618368.000000000,-0.180255371,-0.073587822,1.360190430,0.608065177,-0.070883733,-0.055278104,0.788781699
1718187031928618496.000000000,-0.181516922,-0.078598877,1.360236938,0.613269369,-0.070731658,-0.055721607,0.784724676
1718187031938618368.000000000,-0.182889191,-0.083348274,1.360314697,0.618414468,-0.071334351,-0.056072471,0.780596461
1718187031948618240.000000000,-0.184242188,-0.087787750,1.360352539,0.623377451,-0.072988700,-0.055762029,0.776507436
1718187031958618368.000000000,-0.185691086,-0.092186638,1.360418579,0.629221079,-0.074204602,-0.055533189,0.771680358
1718187031968618496.000000000,-0.187304260,-0.096739952,1.360493652,0.635375735,-0.074308310,-0.053965169,0.766722708
1718187031978618368.000000000,-0.188880722,-0.101075783,1.360431885,0.641981710,-0.075607677,-0.052707041,0.761160253
1718187031988618240.000000000,-0.190324387,-0.105507607,1.360321777,0.649289113,-0.074907402,-0.050585841,0.755151376
1718187031998618368.000000000,-0.191741547,-0.109988701,1.360184448,0.656797811,-0.073259415,-0.047589687,0.748989263
1718187032008618240.000000000,-0.193111252,-0.114463615,1.360025757,0.663774578,-0.070597706,-0.044097280,0.743286421
1718187032018618368.000000000,-0.194491196,-0.118851692,1.359881104,0.670636286,-0.067597024,-0.040997510,0.737561400
1718187032028618240.000000000,-0.195878891,-0.123255753,1.359876465,0.677442714,-0.062145365,-0.039295048,0.731891537
1718187032038618368.000000000,-0.197322281,-0.127129211,1.359501709,0.682517973,-0.062030155,-0.036255385,0.727328690
1718187032048618240.000000000,-0.198698013,-0.130907059,1.359278076,0.688085580,-0.059735580,-0.034494235,0.722343439
1718187032058618368.000000000,-0.200393997,-0.134834244,1.359092163,0.694452308,-0.059347516,-0.033487065,0.716304741
1718187032068618496.000000000,-0.201884766,-0.138289993,1.358833984,0.699417206,-0.058035678,-0.032529289,0.711610341
1718187032078618368.000000000,-0.203575302,-0.141773163,1.358604614,0.704165379,-0.058739393,-0.031284442,0.706910240
1718187032088618496.000000000,-0.205267975,-0.144941040,1.358236816,0.710557722,-0.056902831,-0.031205177,0.700639728
1718187032098618368.000000000,-0.206981995,-0.148073929,1.357680664,0.716049759,-0.057983812,-0.029891666,0.694994323
1718187032108618240.000000000,-0.208684769,-0.151073776,1.357124023,0.721396510,-0.055498641,-0.028329688,0.689713277
1718187032118618368.000000000,-0.210346359,-0.154217651,1.356660034,0.727557247,-0.055302062,-0.027474910,0.683262221
1718187032128618496.000000000,-0.211935242,-0.157373596,1.356124268,0.733785922,-0.054381676,-0.026963440,0.676663747
1718187032138618368.000000000,-0.213470978,-0.160577652,1.355554688,0.740238503,-0.053460296,-0.025711572,0.669722234
1718187032148618240.000000000,-0.214916855,-0.163754105,1.354878174,0.746388355,-0.052016014,-0.024068043,0.663038074
1718187032158618368.000000000,-0.216261398,-0.166791016,1.354094482,0.753006006,-0.049837156,-0.023798564,0.655691880
1718187032168618496.000000000,-0.217710846,-0.169976089,1.353400879,0.758459620,-0.049331090,-0.020967414,0.649511983
1718187032178618368.000000000,-0.219076523,-0.172943451,1.352634888,0.764107796,-0.048320587,-0.020317794,0.642955352
1718187032188618240.000000000,-0.220419250,-0.175709610,1.351502930,0.771749569,-0.044654098,-0.026096569,0.633819835
1718187032198618368.000000000,-0.221946838,-0.178757660,1.350963745,0.775785070,-0.047724656,-0.018177102,0.628927242
1718187032208618240.000000000,-0.223348480,-0.181504883,1.350023071,0.781523182,-0.047295503,-0.017907823,0.621823095
1718187032218618368.000000000,-0.224787033,-0.184304031,1.349177490,0.787218524,-0.047305093,-0.017611101,0.614604810
1718187032228618496.000000000,-0.226107620,-0.186947876,1.348137817,0.792798831,-0.047238694,-0.017538863,0.607396828
1718187032238618368.000000000,-0.227522598,-0.189662430,1.347175293,0.797724036,-0.046285571,-0.017224436,0.600996945
1718187032248618496.000000000,-0.228900406,-0.192441498,1.346234009,0.803865177,-0.046047240,-0.016972056,0.592783584
1718187032258618368.000000000,-0.230190796,-0.195116516,1.345270508,0.809666799,-0.045509955,-0.017089052,0.584873048
1718187032268618240.000000000,-0.231391785,-0.197800735,1.344306396,0.815252062,-0.043861705,-0.016600082,0.577204178
1718187032278618368.000000000,-0.232457672,-0.200393143,1.343259155,0.821137107,-0.044752237,-0.016240477,0.568741889
1718187032288618496.000000000,-0.233443558,-0.202845963,1.342245605,0.827224478,-0.043550463,-0.017780499,0.559898986
1718187032298618368.000000000,-0.234474213,-0.205353760,1.341452148,0.831501491,-0.042120864,-0.015686800,0.553701208
1718187032308618240.000000000,-0.235474960,-0.207802979,1.340688721,0.837088221,-0.041985641,-0.015416855,0.545236497
1718187032318618368.000000000,-0.236366898,-0.210010452,1.339977295,0.842164353,-0.041202927,-0.015368723,0.537424715
1718187032328618496.000000000,-0.237108353,-0.211944244,1.339263062,0.846849594,-0.040731118,-0.014789052,0.530064170
1718187032338618368.000000000,-0.237891525,-0.213840836,1.338706055,0.852119822,-0.041699742,-0.013839063,0.521499204
1718187032348618240.000000000,-0.238563370,-0.215570908,1.338276855,0.857243679,-0.042263260,-0.013623792,0.512992674
1718187032358618368.000000000,-0.239121475,-0.217181717,1.337815796,0.862288172,-0.043136565,-0.011909225,0.504436831
1718187032368618240.000000000,-0.239676987,-0.218779037,1.337544067,0.867591008,-0.043976379,-0.010749860,0.495213450
1718187032378618368.000000000,-0.240119553,-0.220318390,1.337331421,0.872787716,-0.044158765,-0.009688159,0.486001796
1718187032388618240.000000000,-0.240420792,-0.221680634,1.337143677,0.877482993,-0.043096296,-0.008616493,0.477589848
1718187032398618368.000000000,-0.240873871,-0.223249680,1.337141235,0.882913071,-0.042495636,-0.008015329,0.467540784
1718187032408618496.000000000,-0.241239700,-0.224658936,1.337169434,0.887553604,-0.040841279,-0.007599271,0.458827682
1718187032418618368.000000000,-0.241581848,-0.225999939,1.337293335,0.892399124,-0.039979388,-0.007615967,0.449407887
1718187032428618240.000000000,-0.241862991,-0.227204681,1.337528564,0.896638118,-0.038637766,-0.008405434,0.440994962
1718187032438618368.000000000,-0.242267700,-0.228391708,1.337904663,0.901113596,-0.038561623,-0.009565022,0.431758960
1718187032448618496.000000000,-0.242440903,-0.229319534,1.338233521,0.904883962,-0.038835445,-0.010700982,0.423747934
1718187032458618368.000000000,-0.242537506,-0.230122314,1.338602417,0.908335215,-0.039741518,-0.011539455,0.416190569
1718187032468618240.000000000,-0.242447861,-0.230764832,1.338965210,0.911201881,-0.040556759,-0.011809499,0.409788746
1718187032478618368.000000000,-0.242384262,-0.231384323,1.339374023,0.914145220,-0.041708663,-0.012686916,0.403035912
1718187032488618496.000000000,-0.242277390,-0.231959854,1.339806030,0.916983645,-0.042833430,-0.013698669,0.396381936
1718187032498618368.000000000,-0.242061951,-0.232409943,1.340205444,0.919655468,-0.043776761,-0.014623595,0.390004572
1718187032508618240.000000000,-0.241875946,-0.232898727,1.340581421,0.922463179,-0.044782984,-0.014704908,0.383196992
1718187032518618368.000000000,-0.241474167,-0.233141602,1.340942749,0.924905590,-0.044719900,-0.014567211,0.377276526
1718187032528618496.000000000,-0.241219986,-0.233538574,1.341513916,0.927485897,-0.044603377,-0.010712325,0.371033280
1718187032538618368.000000000,-0.240707611,-0.233965149,1.341870850,0.930446019,-0.045489076,-0.011925233,0.363398870
1718187032548618240.000000000,-0.240095551,-0.234080261,1.342169434,0.933259499,-0.045839796,-0.011246765,0.356088375
1718187032558618368.000000000,-0.239564606,-0.234271957,1.342577515,0.936109896,-0.046142013,-0.010213557,0.348518093
1718187032568618496.000000000,-0.238847702,-0.234247864,1.342884277,0.938580762,-0.045981607,-0.008383391,0.341879457
1718187032578618368.000000000,-0.238170074,-0.234312851,1.343230835,0.941247546,-0.046296496,-0.006276651,0.334470172
1718187032588618240.000000000,-0.237346573,-0.234225235,1.343584473,0.943453928,-0.046096631,-0.004581689,0.328251115
1718187032598618368.000000000,-0.236503281,-0.234137619,1.343921997,0.945629501,-0.045916841,-0.003214822,0.321972289
1718187032608618496.000000000,-0.235686371,-0.234102036,1.344278076,0.947803984,-0.045906361,-0.001992451,0.315525347
1718187032618618368.000000000,-0.234750320,-0.233887131,1.344496948,0.949649405,-0.045609360,0.000314478,0.309976926
1718187032628618240.000000000,-0.233819260,-0.233673462,1.344860229,0.951433923,-0.045248315,0.001000487,0.304507930
1718187032638618368.000000000,-0.232925201,-0.233412521,1.345085083,0.953136646,-0.044942191,0.002559297,0.299172497
1718187032648618496.000000000,-0.231885635,-0.232948410,1.345291504,0.954571299,-0.044622057,0.003940286,0.294596301
1718187032658618368.000000000,-0.231187881,-0.232733597,1.345736572,0.956196453,-0.041862480,0.002329178,0.289707528
1718187032668618240.000000000,-0.230272949,-0.232227249,1.345975220,0.958018471,-0.044024239,0.002524427,0.283295079
1718187032678618368.000000000,-0.229421829,-0.231735046,1.346098022,0.959967063,-0.045583471,0.004838390,0.276336706
1718187032688618496.000000000,-0.228375153,-0.231076035,1.346123047,0.961297570,-0.045269442,0.005326724,0.271715451
1718187032698618368.000000000,-0.227447708,-0.230441299,1.346128784,0.962650800,-0.044538981,0.005500091,0.267000873
1718187032708618240.000000000,-0.226425339,-0.229794022,1.346270264,0.963876311,-0.044537934,0.005070124,0.262551182
1718187032718618368.000000000,-0.225413757,-0.229090820,1.346267944,0.965033203,-0.043870439,0.005936293,0.258362270
1718187032728618496.000000000,-0.224453354,-0.228392715,1.346377808,0.966022360,-0.043483554,0.005548703,0.254713944
1718187032738618368.000000000,-0.223309937,-0.227843292,1.346397705,0.966956314,-0.042897172,0.006697857,0.251217950
1718187032748618240.000000000,-0.222253647,-0.227277603,1.346524536,0.968012363,-0.042274474,0.007374274,0.247205491
1718187032758618368.000000000,-0.220996597,-0.226797852,1.346643433,0.968864798,-0.040933450,0.007563045,0.244066091
1718187032768618240.000000000,-0.220000198,-0.226211151,1.346731567,0.970062714,-0.039773994,0.007255686,0.239465480
1718187032778618368.000000000,-0.218774399,-0.225604858,1.346849487,0.971118975,-0.037884453,0.007528231,0.235448573
1718187032788618240.000000000,-0.217556305,-0.225055542,1.347028809,0.971944552,-0.036516627,0.008286940,0.232210358
1718187032798618368.000000000,-0.216249557,-0.224349197,1.347150269,0.973046714,-0.034496668,0.009695799,0.227807077
1718187032808618496.000000000,-0.214875183,-0.223399200,1.347186157,0.973965565,-0.033282700,0.010816614,0.223978440
1718187032818618368.000000000,-0.213610626,-0.222579697,1.347418335,0.975271122,-0.032027813,0.012499021,0.218321398
1718187032828618240.000000000,-0.212116562,-0.221460037,1.347651611,0.975544565,-0.032528496,0.014074449,0.216925350
1718187032838618368.000000000,-0.210702682,-0.220454865,1.347800537,0.976614782,-0.031834900,0.015739469,0.212043333
1718187032848618240.000000000,-0.209151596,-0.219261856,1.348031738,0.977592222,-0.032708970,0.016847120,0.207267327
1718187032858618368.000000000,-0.207549072,-0.218435104,1.348298706,0.978402480,-0.032187433,0.016932828,0.203484241
1718187032868618240.000000000,-0.205949600,-0.217187103,1.348189453,0.979176662,-0.031217478,0.017712969,0.199811875
1718187032878618368.000000000,-0.204290054,-0.216153198,1.348309814,0.979804954,-0.030998871,0.018363581,0.196682740
1718187032888618496.000000000,-0.202701981,-0.215168274,1.348286621,0.980431176,-0.030605554,0.019561614,0.193482176
1718187032898618368.000000000,-0.201062134,-0.214177765,1.348264893,0.980996087,-0.029973766,0.020339253,0.190616276
1718187032908618240.000000000,-0.199438110,-0.213206635,1.348153809,0.981652006,-0.029215680,0.020675571,0.187292028
1718187032918618368.000000000,-0.197862961,-0.212255478,1.347963989,0.982380439,-0.028463901,0.021224846,0.183488382
1718187032928618240.000000000,-0.196258057,-0.211288803,1.347787354,0.983061930,-0.027767956,0.021679320,0.179856023
1718187032938618368.000000000,-0.194643768,-0.210274139,1.347576172,0.983767634,-0.027056158,0.021831151,0.176047171
1718187032948618240.000000000,-0.192957855,-0.209193832,1.347388306,0.984388734,-0.026534166,0.021833154,0.172621179
1718187032958618368.000000000,-0.191205307,-0.208106308,1.347106445,0.985061379,-0.025893894,0.021872841,0.168834726
1718187032968618496.000000000,-0.189564865,-0.207035416,1.346969238,0.985484990,-0.023396621,0.025526285,0.166193686
1718187032978618368.000000000,-0.187481018,-0.205892426,1.346539307,0.986132607,-0.023977105,0.024266891,0.162415201
1718187032988618240.000000000,-0.185214676,-0.204444519,1.345946899,0.986463757,-0.023257162,0.026999740,0.160060533
1718187032998618368.000000000,-0.183112152,-0.203230316,1.345669556,0.987019617,-0.022894860,0.027893568,0.156492972
1718187033008618240.000000000,-0.181075653,-0.202046082,1.345465698,0.987614644,-0.022360081,0.027724690,0.152802758
1718187033018618368.000000000,-0.178996460,-0.200523560,1.345293091,0.988079427,-0.023376879,0.026675277,0.149803196
1718187033028618240.000000000,-0.176911926,-0.199251450,1.345257080,0.988594458,-0.025027686,0.026498804,0.146124694
1718187033038618368.000000000,-0.174576233,-0.197718887,1.344659912,0.988986922,-0.023673131,0.028287280,0.143332765
1718187033048618496.000000000,-0.172264023,-0.196293823,1.344275269,0.989405054,-0.023972752,0.028564892,0.140310345
1718187033058618368.000000000,-0.170015060,-0.194954025,1.343846802,0.989805790,-0.023950692,0.029399497,0.137282673
1718187033068618240.000000000,-0.167660416,-0.193634933,1.343323608,0.990246296,-0.023490980,0.030366462,0.133934031
1718187033078618368.000000000,-0.165322754,-0.192308838,1.342655273,0.990571183,-0.021912063,0.031937699,0.131409957
1718187033088618496.000000000,-0.162956558,-0.191004303,1.342057373,0.990898369,-0.020799323,0.032691874,0.128914901
1718187033098618368.000000000,-0.160638733,-0.189667740,1.341524048,0.991236064,-0.020413228,0.032665276,0.126361962
1718187033108618240.000000000,-0.158213730,-0.188381653,1.340890991,0.991535628,-0.019452732,0.033784426,0.123843858
1718187033118618368.000000000,-0.155698547,-0.187031601,1.340352905,0.991849164,-0.018941496,0.033843562,0.121371611
1718187033128618496.000000000,-0.153186737,-0.185657990,1.339818481,0.992195373,-0.018944975,0.034547815,0.118304172
1718187033138618368.000000000,-0.150674454,-0.184205383,1.339210938,0.992551141,-0.018102064,0.035239985,0.115207171
1718187033148618240.000000000,-0.148104675,-0.182689575,1.338562500,0.992902265,-0.017507481,0.036199439,0.111929356
1718187033158618368.000000000,-0.145422943,-0.180901581,1.337828735,0.993202164,-0.016897043,0.037606554,0.108856321
1718187033168618496.000000000,-0.142874115,-0.179284683,1.337162598,0.993628736,-0.016233219,0.038246670,0.104764540
1718187033178618368.000000000,-0.140322647,-0.177632828,1.336486084,0.994009362,-0.016123093,0.038868378,0.100869637
1718187033188618240.000000000,-0.137689011,-0.175882782,1.335875977,0.994374260,-0.016422007,0.038780788,0.097191560
1718187033198618368.000000000,-0.135201508,-0.174260880,1.335177612,0.994795941,-0.015855015,0.038643648,0.092931821
1718187033208618496.000000000,-0.132719254,-0.172711868,1.334546265,0.995152614,-0.016050208,0.038271272,0.089157030
1718187033218618368.000000000,-0.130250961,-0.171108459,1.333918701,0.995552034,-0.015701808,0.037500151,0.084990227
1718187033228618240.000000000,-0.127758789,-0.169490936,1.333390869,0.995888830,-0.015833416,0.036615891,0.081326611
1718187033238618368.000000000,-0.125347389,-0.168067139,1.332932617,0.996177088,-0.014907666,0.036482989,0.077961291
1718187033248618496.000000000,-0.122864326,-0.166568314,1.332572998,0.996487822,-0.015237856,0.035415902,0.074333997
1718187033258618368.000000000,-0.120308655,-0.165148056,1.332321289,0.996764802,-0.015137373,0.034859023,0.070821170
1718187033268618240.000000000,-0.117783936,-0.163725708,1.332152466,0.997048359,-0.015157486,0.034011213,0.067142075
1718187033278618368.000000000,-0.115215187,-0.162332336,1.332080200,0.997285752,-0.014693623,0.033839711,0.063718913
1718187033288618496.000000000,-0.112636078,-0.160951004,1.332161377,0.997531635,-0.014435543,0.033624156,0.059930532
1718187033298618368.000000000,-0.110026794,-0.159744598,1.332394653,0.997773025,-0.014864980,0.032861744,0.056108185
1718187033308618240.000000000,-0.107419411,-0.158413467,1.332622803,0.997973428,-0.014349554,0.033426555,0.052209118
1718187033318618368.000000000,-0.104909637,-0.157016418,1.332981812,0.998205863,-0.014224855,0.034647892,0.046714363
1718187033328618496.000000000,-0.102428017,-0.155711395,1.333496826,0.998388596,-0.014644597,0.035515727,0.041765784
1718187033338618368.000000000,-0.099646568,-0.154494141,1.333950317,0.998527077,-0.013828096,0.035390725,0.038729272
1718187033348618240.000000000,-0.097111717,-0.153317596,1.334619019,0.998669413,-0.014042003,0.036325489,0.033803625
1718187033358618368.000000000,-0.094436905,-0.152073196,1.335123047,0.998775134,-0.012821147,0.037166594,0.030041550
1718187033368618496.000000000,-0.091862000,-0.150932663,1.335768311,0.998869113,-0.012679412,0.037513149,0.026315238
1718187033378618368.000000000,-0.089282631,-0.149811401,1.336374023,0.998896726,-0.012372180,0.038930647,0.023166013
1718187033388618240.000000000,-0.086673515,-0.148794769,1.337024170,0.998919324,-0.012189112,0.039365588,0.021493237
1718187033398618368.000000000,-0.084344627,-0.147778519,1.337675537,0.998962886,-0.011720613,0.040577553,0.017007120
1718187033408618496.000000000,-0.082006874,-0.146734924,1.338352051,0.998952032,-0.012003487,0.041624636,0.014769692
1718187033418618368.000000000,-0.079822975,-0.145866196,1.339022827,0.998995935,-0.011693509,0.041810492,0.011057459
1718187033428618240.000000000,-0.077728073,-0.144779266,1.339580200,0.999008923,-0.010844636,0.042322821,0.008505534
1718187033438618368.000000000,-0.075868469,-0.143866867,1.340141724,0.998995651,-0.010449651,0.043264795,0.005162494
1718187033448618496.000000000,-0.073955132,-0.142812592,1.340776855,0.999031965,-0.010203721,0.042752282,0.001805457
1718187033458618368.000000000,-0.072259399,-0.141913177,1.341434326,0.999065203,-0.009052636,0.042239786,-0.001603013
1718187033468618240.000000000,-0.070622566,-0.141006622,1.342089600,0.999080253,-0.008620672,0.041706634,-0.004988832
1718187033478618368.000000000,-0.068916222,-0.140076019,1.342910400,0.999107278,-0.008423695,0.040403272,-0.009014657
1718187033488618496.000000000,-0.067288033,-0.138918625,1.343626587,0.999048070,-0.007671155,0.041082124,-0.012504675
1718187033498618368.000000000,-0.065691544,-0.137842896,1.344346436,0.999008646,-0.006741438,0.041010070,-0.015951564
1718187033508618240.000000000,-0.063981464,-0.136556961,1.345242798,0.998934894,-0.006864853,0.041179676,-0.019651626
1718187033518618368.000000000,-0.062423309,-0.135479782,1.346122192,0.998869794,-0.006088260,0.040944718,-0.023358047
1718187033528618496.000000000,-0.060642769,-0.134367538,1.347068481,0.998772517,-0.006006246,0.041230337,-0.026785147
1718187033538618368.000000000,-0.059098988,-0.133110748,1.347927246,0.998645177,-0.005309354,0.041899236,-0.030398619
1718187033548618240.000000000,-0.057477112,-0.131928604,1.348885132,0.998508854,-0.004614697,0.042609619,-0.033811144
1718187033558618368.000000000,-0.055875347,-0.130775497,1.349850952,0.998372979,-0.004133494,0.042904109,-0.037330235
1718187033568618496.000000000,-0.054397766,-0.129593216,1.350689453,0.998192031,-0.003335101,0.043930897,-0.040885481
1718187033578618368.000000000,-0.052945972,-0.128465637,1.351628052,0.998041069,-0.003004318,0.043979965,-0.044393257
1718187033588618240.000000000,-0.051617607,-0.127470062,1.352480469,0.997839071,-0.002021921,0.044642109,-0.048168266
1718187033598618368.000000000,-0.050369396,-0.126528503,1.353345093,0.997649070,-0.000950545,0.044634974,-0.051991809
1718187033608618496.000000000,-0.049210701,-0.125482185,1.354009155,0.997470703,0.000816395,0.044917283,-0.055081466
1718187033618618368.000000000,-0.048178158,-0.124613426,1.354664185,0.997220799,0.002249367,0.045231687,-0.059158376
1718187033628618240.000000000,-0.047240074,-0.123705193,1.355241577,0.996978360,0.004297116,0.045555093,-0.062772746
1718187033638618368.000000000,-0.046363083,-0.122861694,1.355793457,0.996720558,0.005775961,0.045461510,-0.066693474
1718187033648618496.000000000,-0.045589531,-0.122009293,1.356325073,0.996414148,0.007494209,0.045709818,-0.070804632
1718187033658618368.000000000,-0.044843075,-0.121100334,1.356775635,0.996080918,0.009508487,0.045853457,-0.075032355
1718187033668618240.000000000,-0.044144276,-0.120144501,1.357175415,0.995677632,0.011177642,0.046601878,-0.079557394
1718187033678618368.000000000,-0.043400185,-0.119211655,1.357530518,0.995206033,0.013007613,0.046933638,-0.084811484
1718187033688618496.000000000,-0.042703014,-0.118250618,1.357952393,0.994783590,0.013702432,0.046678948,-0.089660071
1718187033698618368.000000000,-0.041991196,-0.117261200,1.358217529,0.994265397,0.015471904,0.047012370,-0.094798611
1718187033708618240.000000000,-0.041324001,-0.116259155,1.358555542,0.993732725,0.016546736,0.047065750,-0.100031457
1718187033718618368.000000000,-0.040601006,-0.115260025,1.358892822,0.993211781,0.016987576,0.047706378,-0.104718104
1718187033728618496.000000000,-0.039880104,-0.114356644,1.359149658,0.992742297,0.017735182,0.047653071,-0.108983396
1718187033738618368.000000000,-0.039216106,-0.113410828,1.359412964,0.992220773,0.018489559,0.048031311,-0.113353727
1718187033748618240.000000000,-0.038581448,-0.112467873,1.359698975,0.991664255,0.019092509,0.047870005,-0.118092951
1718187033758618368.000000000,-0.037973640,-0.111683235,1.359902588,0.991082873,0.019528205,0.047755901,-0.122852601
1718187033768618496.000000000,-0.037358349,-0.110983421,1.360156006,0.990506185,0.019492817,0.046799007,-0.127778643
1718187033778618368.000000000,-0.036916206,-0.110086937,1.360274536,0.989829629,0.021141770,0.046565278,-0.132747903
1718187033788618240.000000000,-0.036339039,-0.109503906,1.360520630,0.989196766,0.021617215,0.045618696,-0.137627718
1718187033798618368.000000000,-0.035910778,-0.108775452,1.360665039,0.988461898,0.022384757,0.045090924,-0.142859398
1718187033808618496.000000000,-0.035405556,-0.108183350,1.360955444,0.987780514,0.022864498,0.043806232,-0.147810299
1718187033818618368.000000000,-0.034905029,-0.107749069,1.361192383,0.986939178,0.024316236,0.043332511,-0.153238614
1718187033828618240.000000000,-0.034291039,-0.107348984,1.361453369,0.986145447,0.025218405,0.042739681,-0.158286165
1718187033838618368.000000000,-0.033738754,-0.107012054,1.361820923,0.985285790,0.025241549,0.041535401,-0.163858434
1718187033848618240.000000000,-0.033026306,-0.106777359,1.362186401,0.984440877,0.026089186,0.041019257,-0.168857733
1718187033858618368.000000000,-0.032308010,-0.106524025,1.362529663,0.983600024,0.026778531,0.040763143,-0.173644089
1718187033868618240.000000000,-0.031525496,-0.106385757,1.362958374,0.982658853,0.027135998,0.040433334,-0.178914396
1718187033878618368.000000000,-0.030615271,-0.106457413,1.363527344,0.981746664,0.027107492,0.039099858,-0.184146334
1718187033888618496.000000000,-0.029776543,-0.106315796,1.363930542,0.980711321,0.027820831,0.039113486,-0.189476756
1718187033898618368.000000000,-0.028761932,-0.106458588,1.364427124,0.979634717,0.028277188,0.038867506,-0.194950095
1718187033908618240.000000000,-0.027835037,-0.106633621,1.364921997,0.978687481,0.029302795,0.039954592,-0.199288210
1718187033918618368.000000000,-0.026829975,-0.107059959,1.365493530,0.977774938,0.029553989,0.039763456,-0.203719416
1718187033928618240.000000000,-0.025880032,-0.107542412,1.365970337,0.976798551,0.031279315,0.040594888,-0.207938093
1718187033938618368.000000000,-0.024979568,-0.108081383,1.366431030,0.975835502,0.033042717,0.041127774,-0.212041878
1718187033948618240.000000000,-0.024090427,-0.108867523,1.366920410,0.975104288,0.033632278,0.041012635,-0.215310150
1718187033958618368.000000000,-0.023451525,-0.109658798,1.367296021,0.974027478,0.035560864,0.041195673,-0.219792662
1718187033968618496.000000000,-0.022784513,-0.110364143,1.367537109,0.973016620,0.038804477,0.041301534,-0.223667280
1718187033978618368.000000000,-0.022200493,-0.111040642,1.367822388,0.972109754,0.040384708,0.041088025,-0.227340000
1718187033988618240.000000000,-0.021645319,-0.111691338,1.368168335,0.971219571,0.041085702,0.040178949,-0.231149652
1718187033998618368.000000000,-0.021147024,-0.112379097,1.368458618,0.970072694,0.041734880,0.039805767,-0.235865785
1718187034008618240.000000000,-0.020471235,-0.113061356,1.368752686,0.969067283,0.040504970,0.038650344,-0.240362433
1718187034018618368.000000000,-0.019881954,-0.113458115,1.368956909,0.967958838,0.041244255,0.038398532,-0.244704213
1718187034028618240.000000000,-0.019119926,-0.114027496,1.369235962,0.967011802,0.040347376,0.038836741,-0.248499439
1718187034038618368.000000000,-0.018274185,-0.114710251,1.369667358,0.966223783,0.038395897,0.038612918,-0.251885687
1718187034048618496.000000000,-0.017421215,-0.115246490,1.369972046,0.965385667,0.038109158,0.039535393,-0.254980704
1718187034058618368.000000000,-0.016421741,-0.115782166,1.370285767,0.964607096,0.037143747,0.040144368,-0.257957211
1718187034068618240.000000000,-0.015303652,-0.116464142,1.370735107,0.963811341,0.035673839,0.041620985,-0.260888423
1718187034078618368.000000000,-0.014279325,-0.117179596,1.371166626,0.963111194,0.034798245,0.042749782,-0.263397733
1718187034088618496.000000000,-0.013230035,-0.117989700,1.371574585,0.962487705,0.034161554,0.043452672,-0.265635597
1718187034098618368.000000000,-0.012164663,-0.118718613,1.372048218,0.961594340,0.033731864,0.043772471,-0.268853971
1718187034108618240.000000000,-0.010928144,-0.119457954,1.372437012,0.960641123,0.033974375,0.044133598,-0.272151797
1718187034118618368.000000000,-0.009937785,-0.120314568,1.373016846,0.959818007,0.033317248,0.045304750,-0.274930597
1718187034128618496.000000000,-0.008876550,-0.121070679,1.373353149,0.958679336,0.034903742,0.045358062,-0.278672398
1718187034138618368.000000000,-0.007861356,-0.121946854,1.373816650,0.957803340,0.035267318,0.046132270,-0.281497410
1718187034148618240.000000000,-0.006849132,-0.122879753,1.374249512,0.956808097,0.036096128,0.046168956,-0.284752106
1718187034158618368.000000000,-0.006009553,-0.123818771,1.374833740,0.956046444,0.035679073,0.045334254,-0.287483922
1718187034168618496.000000000,-0.004944203,-0.124779045,1.375225464,0.955340416,0.037216029,0.045754083,-0.289562119
1718187034178618368.000000000,-0.003928787,-0.125668571,1.375642456,0.954619303,0.037936717,0.045584760,-0.291864388
1718187034188618240.000000000,-0.002883718,-0.126527313,1.376046021,0.953896840,0.039628170,0.045738451,-0.293970103
1718187034198618368.000000000,-0.001785648,-0.127489937,1.376617554,0.953107598,0.040257017,0.045840257,-0.296418538
1718187034208618496.000000000,-0.000512155,-0.128042419,1.376935425,0.952640650,0.042466684,0.047573640,-0.297336714
1718187034218618368.000000000,0.000682096,-0.129056229,1.377545044,0.951620279,0.042393965,0.047137406,-0.300665366
1718187034228618240.000000000,0.001984686,-0.129712784,1.377988159,0.951195773,0.043812297,0.048915973,-0.301520002
1718187034238618368.000000000,0.003246057,-0.130649796,1.378677856,0.950449609,0.043238467,0.048608558,-0.303995367
1718187034248618496.000000000,0.004532950,-0.131263046,1.379135620,0.950027790,0.044414108,0.050156133,-0.304891698
1718187034258618368.000000000,0.005792324,-0.131972183,1.379661133,0.949351949,0.044983315,0.050205604,-0.306898641
1718187034268618240.000000000,0.007012393,-0.132548660,1.380200928,0.949289519,0.045143300,0.051186444,-0.306906240
1718187034278618368.000000000,0.007936203,-0.133723709,1.381117554,0.948593171,0.042246508,0.047592696,-0.310034134
1718187034288618496.000000000,0.008932534,-0.134255554,1.381571899,0.948261664,0.042827568,0.047339338,-0.311005792
1718187034298618368.000000000,0.009850577,-0.134845123,1.382104248,0.948052224,0.042927017,0.047435714,-0.311615315
1718187034308618240.000000000,0.010763209,-0.135081970,1.382324585,0.948215827,0.045339167,0.050790679,-0.310244117
1718187034318618368.000000000,0.011569567,-0.135389145,1.382660889,0.947931521,0.046298787,0.050885216,-0.310954897
1718187034328618496.000000000,0.012293380,-0.135611893,1.382964722,0.947704136,0.048137635,0.051059594,-0.311339937
1718187034338618368.000000000,0.012987191,-0.136130630,1.383543823,0.947609619,0.046848827,0.049942921,-0.312004650
1718187034348618240.000000000,0.013655452,-0.136234406,1.383863647,0.947282047,0.047673493,0.049630310,-0.312922985
1718187034358618368.000000000,0.014251477,-0.136256012,1.384204102,0.946916884,0.048724529,0.049931444,-0.313817123
1718187034368618496.000000000,0.014818672,-0.136261124,1.384627319,0.946368079,0.049173697,0.049507746,-0.315465353
1718187034378618368.000000000,0.015394516,-0.136189362,1.385040771,0.945991123,0.048777604,0.048870394,-0.316754203
1718187034388618240.000000000,0.015915724,-0.136100479,1.385543701,0.945432571,0.047660964,0.047127318,-0.318849027
1718187034398618368.000000000,0.016459427,-0.135786514,1.385917725,0.944940271,0.047608227,0.047168187,-0.320306889
1718187034408618496.000000000,0.016993256,-0.135590683,1.386416382,0.944724546,0.046978052,0.046588101,-0.321120140
1718187034418618368.000000000,0.017624111,-0.135257462,1.386892822,0.944206221,0.046216365,0.046501489,-0.322763492
1718187034428618240.000000000,0.018225187,-0.135147720,1.387443604,0.944159289,0.045218458,0.046537865,-0.323036771
1718187034438618368.000000000,0.018976885,-0.134917877,1.387942383,0.943816308,0.044294768,0.047090559,-0.324085219
1718187034448618496.000000000,0.019787134,-0.134640747,1.388534546,0.943457300,0.043341482,0.047151453,-0.325248490
1718187034458618368.000000000,0.020793964,-0.134501740,1.388980957,0.943129105,0.042884031,0.049500963,-0.325911192
1718187034468618240.000000000,0.021828781,-0.134445953,1.389595337,0.942569429,0.043024967,0.051212220,-0.327244605
1718187034478618368.000000000,0.022968294,-0.134327332,1.390191040,0.942164664,0.042583265,0.053654147,-0.328075668
1718187034488618496.000000000,0.024011957,-0.134263275,1.390671387,0.941723408,0.043129922,0.055204592,-0.329012592
1718187034498618368.000000000,0.025128138,-0.134410355,1.391290039,0.940883381,0.042912410,0.055680251,-0.331355847
1718187034508618240.000000000,0.026232426,-0.134458893,1.391738281,0.940218296,0.044480083,0.057569368,-0.332711354
1718187034518618368.000000000,0.027063599,-0.134400497,1.392110840,0.939721478,0.045918205,0.058059657,-0.333832500
1718187034528618496.000000000,0.027845499,-0.134493195,1.392554321,0.939002317,0.047009069,0.056934575,-0.335891725
1718187034538618368.000000000,0.028509138,-0.134509872,1.392911133,0.938346486,0.048048193,0.055503417,-0.337811506
1718187034548618240.000000000,0.029093353,-0.134521164,1.393189941,0.937702043,0.049714471,0.054525576,-0.339514817
1718187034558618368.000000000,0.029681906,-0.134385086,1.393317139,0.937306162,0.051688497,0.054407356,-0.340331158
1718187034568618496.000000000,0.030245298,-0.134374756,1.393614380,0.936740220,0.052516748,0.053285778,-0.341936217
1718187034578618368.000000000,0.030836176,-0.134406769,1.393828247,0.936324386,0.053588271,0.053332204,-0.342900304
1718187034588618240.000000000,0.031369873,-0.134607864,1.394166016,0.935977411,0.053765037,0.051208177,-0.344141437
1718187034598618368.000000000,0.032056595,-0.134543442,1.394325928,0.935615812,0.054786560,0.050962499,-0.344998998
1718187034608618496.000000000,0.032774906,-0.134348434,1.394391479,0.935332164,0.055411281,0.051830112,-0.345538670
1718187034618618368.000000000,0.033562901,-0.134157776,1.394432739,0.935198745,0.056155003,0.053491185,-0.345526579
1718187034628618240.000000000,0.034201015,-0.133950531,1.394579590,0.935033577,0.056302140,0.054073320,-0.345858867
1718187034638618368.000000000,0.034848045,-0.134180634,1.395080688,0.934303735,0.052643335,0.050420150,-0.348945582
1718187034648618496.000000000,0.035487881,-0.133945831,1.395141235,0.934078824,0.052339252,0.051320324,-0.349461840
1718187034658618368.000000000,0.036134716,-0.133617371,1.395208984,0.934150128,0.051764658,0.051588175,-0.349317362
1718187034668618240.000000000,0.036569378,-0.133485947,1.395266235,0.933851426,0.051153977,0.052817577,-0.350021555
1718187034678618368.000000000,0.036967426,-0.133219269,1.395383423,0.933766889,0.049381097,0.052107433,-0.350607644
1718187034688618496.000000000,0.037475758,-0.132695877,1.395021484,0.933580219,0.050673881,0.051861322,-0.350956602
1718187034698618368.000000000,0.037636829,-0.132457657,1.395063477,0.933224120,0.049320797,0.051283271,-0.352179255
1718187034708618240.000000000,0.037824379,-0.132285309,1.394952637,0.932750384,0.048653965,0.051331314,-0.353517480
1718187034718618368.000000000,0.038007835,-0.132025406,1.394864746,0.932445135,0.047405610,0.051039198,-0.354533183
1718187034728618496.000000000,0.038225822,-0.131795609,1.394757202,0.931975768,0.047255565,0.050398896,-0.355876426
1718187034738618368.000000000,0.038489059,-0.131603668,1.394652710,0.931548771,0.046503010,0.050437763,-0.357085970
1718187034748618240.000000000,0.038845409,-0.131446823,1.394583130,0.931175917,0.046068691,0.051308331,-0.357989585
1718187034758618368.000000000,0.039130611,-0.131443909,1.394473999,0.930935504,0.045601345,0.051023668,-0.358714636
1718187034768618496.000000000,0.039585293,-0.131316925,1.394292114,0.930539205,0.045764680,0.051595072,-0.359639167
1718187034778618368.000000000,0.039996960,-0.131280273,1.394091553,0.930346678,0.046097983,0.051838722,-0.360059413
1718187034788618240.000000000,0.040380196,-0.131323715,1.393918213,0.930123504,0.046063166,0.052048455,-0.360609777
1718187034798618368.000000000,0.040724899,-0.131498795,1.393843628,0.930139115,0.046138302,0.052729318,-0.360460960
1718187034808618496.000000000,0.041007236,-0.131663132,1.393744629,0.929975559,0.046548445,0.053067269,-0.360780497
1718187034818618368.000000000,0.041361977,-0.131553528,1.393373901,0.929949838,0.048777999,0.056436167,-0.360040226
1718187034828618240.000000000,0.041454071,-0.131957657,1.393505371,0.929590967,0.046858721,0.053652960,-0.361643821
1718187034838618368.000000000,0.041651516,-0.132154221,1.393366211,0.929440128,0.047353338,0.054017394,-0.361912738
1718187034848618240.000000000,0.041791096,-0.132294128,1.393176025,0.929155409,0.047848916,0.053887238,-0.362597399
1718187034858618368.000000000,0.041859600,-0.132456116,1.392925049,0.928970150,0.048170973,0.052693770,-0.363204329
1718187034868618240.000000000,0.041931870,-0.132487610,1.392598755,0.928711146,0.049085259,0.052236726,-0.363809798
1718187034878618368.000000000,0.041863159,-0.132596054,1.392380371,0.928465244,0.049481426,0.051991906,-0.364418332
1718187034888618496.000000000,0.041751354,-0.132576477,1.392062744,0.928185416,0.049906000,0.051059067,-0.365204321
1718187034898618368.000000000,0.041572426,-0.132579147,1.391795898,0.927870057,0.050260144,0.049872850,-0.366119891
1718187034908618240.000000000,0.041370251,-0.132571884,1.391520386,0.927850252,0.050408311,0.049589980,-0.366188128
1718187034918618368.000000000,0.041057686,-0.132620056,1.391415649,0.927617958,0.049841188,0.048509344,-0.366998126
1718187034928618240.000000000,0.040949959,-0.132291000,1.390883789,0.927550056,0.050343249,0.047539188,-0.367228100
1718187034938618368.000000000,0.040741119,-0.132234436,1.390694092,0.927365350,0.049643815,0.046961864,-0.367863538
1718187034948618240.000000000,0.040685047,-0.132075256,1.390374878,0.927364732,0.049411560,0.047183261,-0.367868035
1718187034958618368.000000000,0.040611492,-0.132019852,1.390204224,0.927317154,0.048854347,0.047695838,-0.367996271
1718187034968618496.000000000,0.040585854,-0.131949203,1.390035400,0.927305223,0.048191107,0.047851340,-0.368093588
1718187034978618368.000000000,0.040598652,-0.131861694,1.389864868,0.927172679,0.048233530,0.048420984,-0.368347334
1718187034988618240.000000000,0.040633064,-0.131780472,1.389701904,0.927050180,0.047730026,0.048916021,-0.368655707
1718187034998618368.000000000,0.040677078,-0.131715286,1.389513062,0.926947163,0.047726805,0.049680322,-0.368812927
1718187035008618240.000000000,0.040639503,-0.131683701,1.389416992,0.926780976,0.046991590,0.050126946,-0.369264272
1718187035018618368.000000000,0.040589367,-0.131614883,1.389240967,0.926464477,0.047286739,0.050249376,-0.370003429
1718187035028618240.000000000,0.040657642,-0.131157410,1.388770142,0.926382566,0.050729800,0.054573040,-0.369139014
1718187035038618368.000000000,0.040437244,-0.131176498,1.388571777,0.926210884,0.050359574,0.053742433,-0.369741886
1718187035048618496.000000000,0.040264626,-0.131335846,1.388498657,0.925664131,0.049232591,0.051455443,-0.371583647
1718187035058618368.000000000,0.040043568,-0.131112549,1.388086304,0.925703236,0.051154189,0.053761323,-0.370899565
1718187035068618240.000000000,0.039645149,-0.131226578,1.387944702,0.925305806,0.049428287,0.050657956,-0.372558426
1718187035078618368.000000000,0.039250320,-0.130890549,1.387367310,0.925410812,0.051627938,0.052916312,-0.371684340
1718187035088618496.000000000,0.038695885,-0.130853134,1.387051880,0.925516228,0.051576657,0.052514290,-0.371485948
1718187035098618368.000000000,0.038256699,-0.131166809,1.387017456,0.925177976,0.048407402,0.048505538,-0.373295660
1718187035108618240.000000000,0.037712036,-0.131154816,1.386652832,0.925274438,0.047632571,0.048632945,-0.373139637
1718187035118618368.000000000,0.037190693,-0.130882950,1.385985596,0.925899964,0.049593380,0.051716279,-0.370911282
1718187035128618496.000000000,0.036817589,-0.130722244,1.385367310,0.925790448,0.049172621,0.050199403,-0.371448678
1718187035138618368.000000000,0.036223335,-0.130634018,1.385003418,0.926225821,0.049306364,0.050746960,-0.370269302
1718187035148618240.000000000,0.035738117,-0.131016617,1.384957764,0.925980796,0.046254341,0.047063989,-0.371759442
1718187035158618368.000000000,0.035308933,-0.131034332,1.384635498,0.926039387,0.046050836,0.047135225,-0.371629714
1718187035168618496.000000000,0.034930954,-0.131073257,1.384305176,0.926045783,0.046177232,0.047157709,-0.371595238
1718187035178618368.000000000,0.034597332,-0.131069183,1.384065552,0.925802926,0.046444159,0.047929526,-0.372068062
1718187035188618240.000000000,0.034201111,-0.131106903,1.383729614,0.925703460,0.046817011,0.047468285,-0.372327858
1718187035198618368.000000000,0.033857906,-0.131075745,1.383442505,0.925523729,0.046908064,0.047369394,-0.372775536
1718187035208618496.000000000,0.033504383,-0.131076859,1.383187378,0.925265046,0.047502926,0.047354595,-0.373343822
1718187035218618368.000000000,0.033201572,-0.130896439,1.382746826,0.925323872,0.049164332,0.049407278,-0.372716410
1718187035228618240.000000000,0.032895390,-0.130697784,1.382278687,0.925406053,0.051408781,0.051663196,-0.371902795
1718187035238618368.000000000,0.032455791,-0.130741852,1.382041260,0.925357634,0.051494590,0.051444295,-0.372041718
1718187035248618496.000000000,0.032056385,-0.130784271,1.381773315,0.925266718,0.051739545,0.051633981,-0.372207538
1718187035258618368.000000000,0.031513956,-0.131147690,1.381823120,0.924976051,0.048905250,0.047788568,-0.373823267
1718187035268618240.000000000,0.031076475,-0.130528671,1.381009399,0.925228439,0.053433967,0.051674245,-0.372057684
1718187035278618368.000000000,0.030538174,-0.130594574,1.380848022,0.925613400,0.051324809,0.050981092,-0.371492296
1718187035288618496.000000000,0.029960651,-0.130262619,1.380376343,0.925500585,0.051881749,0.051761216,-0.371588117
1718187035298618368.000000000,0.029451172,-0.130217163,1.380088257,0.925633954,0.050572988,0.051644175,-0.371452602
1718187035308618240.000000000,0.028934216,-0.130070862,1.379801025,0.925887305,0.049904142,0.052616185,-0.370774612
1718187035318618368.000000000,0.028393745,-0.129788315,1.379425049,0.925877294,0.049514685,0.053190343,-0.370769901
1718187035328618496.000000000,0.027816681,-0.129485352,1.379171387,0.925567857,0.047891029,0.051901333,-0.371936613
1718187035338618368.000000000,0.027208044,-0.128861435,1.378585693,0.925423680,0.049504217,0.052986646,-0.371931124
1718187035348618240.000000000,0.026593956,-0.128714508,1.378340698,0.925270785,0.048763644,0.052006954,-0.372547122
1718187035358618368.000000000,0.026159220,-0.128672577,1.378175781,0.925549157,0.046732993,0.052391416,-0.372061721
1718187035368618496.000000000,0.025481005,-0.128724411,1.378223877,0.925203936,0.043631280,0.048365755,-0.373837855
1718187035378618368.000000000,0.024958309,-0.128507813,1.377953613,0.925276030,0.043716848,0.048584366,-0.373621016
1718187035388618240.000000000,0.024506838,-0.127832832,1.377287964,0.925545361,0.046793464,0.051651850,-0.372166955
1718187035398618368.000000000,0.024070026,-0.127475250,1.376923218,0.925543873,0.049010503,0.052224413,-0.371805218
1718187035408618496.000000000,0.023663568,-0.127326874,1.376763672,0.925324877,0.048492491,0.051684753,-0.372493003
1718187035418618368.000000000,0.023445768,-0.127187462,1.376558838,0.925349231,0.047778369,0.053268711,-0.372301587
1718187035428618240.000000000,0.023195421,-0.126642632,1.376225220,0.925136390,0.049580328,0.054064835,-0.372480126
1718187035438618368.000000000,0.022994991,-0.126493767,1.376078247,0.924929807,0.049227352,0.053680799,-0.373095016
1718187035448618496.000000000,0.022584927,-0.126246590,1.375864014,0.924208576,0.049479927,0.054321941,-0.374752414
1718187035458618368.000000000,0.022270844,-0.126097145,1.375809204,0.924119647,0.048907265,0.054800447,-0.374977157
1718187035468618240.000000000,0.022031857,-0.125583664,1.375471436,0.923947848,0.050852463,0.055908394,-0.374978204
1718187035478618368.000000000,0.021575859,-0.125493721,1.375353760,0.923567919,0.050603267,0.055642372,-0.375986084
1718187035488618496.000000000,0.021183153,-0.125270706,1.375181763,0.923584452,0.051270336,0.055573217,-0.375865309
1718187035498618368.000000000,0.020715727,-0.125029549,1.375036133,0.923680809,0.051297265,0.055967465,-0.375566234
1718187035508618240.000000000,0.020359659,-0.124791595,1.374836426,0.923901691,0.050905420,0.056376248,-0.375014697
1718187035518618368.000000000,0.019812067,-0.124407349,1.374636353,0.923652763,0.051232972,0.054814304,-0.375813982
1718187035528618496.000000000,0.019322245,-0.124084908,1.374504883,0.923766947,0.051466000,0.054872101,-0.375492917
1718187035538618368.000000000,0.018850817,-0.124239822,1.374788940,0.923604359,0.047014889,0.051353078,-0.376971418
1718187035548618240.000000000,0.018440058,-0.123831177,1.374646484,0.923487615,0.046504542,0.051448976,-0.377307508
1718187035558618368.000000000,0.018158123,-0.122847374,1.373985840,0.923667955,0.051087839,0.055785466,-0.375653463
1718187035568618496.000000000,0.017696129,-0.122577431,1.374023071,0.923514840,0.049196634,0.054769009,-0.376431119
1718187035578618368.000000000,0.017392971,-0.122049850,1.373724121,0.923238570,0.050795847,0.055649665,-0.376767089
1718187035588618240.000000000,0.017018826,-0.121738197,1.373652100,0.923229372,0.050638400,0.055766098,-0.376793607
1718187035598618368.000000000,0.016605873,-0.121680511,1.373741577,0.923386892,0.048222635,0.054322425,-0.376935405
1718187035608618496.000000000,0.016234093,-0.121126465,1.373393555,0.923209389,0.051229922,0.055116400,-0.376858198
1718187035618618368.000000000,0.015707150,-0.120777634,1.373277832,0.923349095,0.051144339,0.054982222,-0.376547024
1718187035628618240.000000000,0.015352726,-0.120476013,1.373137451,0.923245603,0.051412210,0.054300595,-0.376863087
1718187035638618368.000000000,0.015048394,-0.120431862,1.373186646,0.923363050,0.050310730,0.053551667,-0.376831166
1718187035648618496.000000000,0.014728461,-0.119932587,1.372962524,0.923017383,0.052201690,0.053459970,-0.377433340
1718187035658618368.000000000,0.014533056,-0.119579277,1.372812134,0.922886937,0.052922961,0.053873768,-0.377593007
1718187035668618240.000000000,0.014329744,-0.119252861,1.372725708,0.922492196,0.053165567,0.054275356,-0.378465000
1718187035678618368.000000000,0.014201767,-0.118909996,1.372602295,0.922177563,0.053578366,0.054518011,-0.379138086
1718187035688618496.000000000,0.014148974,-0.118633560,1.372601563,0.921541512,0.053075589,0.053052323,-0.380958887
1718187035698618368.000000000,0.013919296,-0.118230789,1.372385010,0.921657650,0.054307095,0.054985900,-0.380229492
1718187035708618240.000000000,0.013753225,-0.117992607,1.372335693,0.921571529,0.053575830,0.055086406,-0.380527311
1718187035718618368.000000000,0.013533122,-0.117672470,1.372159668,0.921563280,0.054103282,0.055593518,-0.380398891
1718187035728618496.000000000,0.013226058,-0.117496620,1.372073486,0.921712079,0.053113923,0.055325253,-0.380216873
1718187035738618368.000000000,0.012853862,-0.117274605,1.371890869,0.921938547,0.052583639,0.054316463,-0.379886823
1718187035748618240.000000000,0.012489671,-0.117027809,1.371622925,0.922100048,0.052754658,0.053929614,-0.379526078
1718187035758618368.000000000,0.012095196,-0.116828873,1.371367798,0.922270652,0.052446768,0.052699757,-0.379326926
1718187035768618496.000000000,0.011709652,-0.116725281,1.371132080,0.922381220,0.051494638,0.050987629,-0.379422520
1718187035778618368.000000000,0.011307398,-0.116395554,1.370727661,0.922715029,0.052889381,0.052404800,-0.378224041
1718187035788618240.000000000,0.010853051,-0.116276901,1.370516479,0.922847523,0.052723696,0.051411164,-0.378060251
1718187035798618368.000000000,0.010562792,-0.116200653,1.370275391,0.922663147,0.052378924,0.050519090,-0.378677946
1718187035808618496.000000000,0.010262339,-0.116083504,1.369993774,0.922457548,0.052542247,0.049598526,-0.379277432
1718187035818618368.000000000,0.010098024,-0.115900116,1.369597046,0.922134624,0.053816159,0.049841503,-0.379851788
1718187035828618240.000000000,0.009915236,-0.115820396,1.369307861,0.921765658,0.054468494,0.049148519,-0.380743585
1718187035838618368.000000000,0.009683940,-0.115695251,1.368995239,0.921550949,0.055183734,0.049157425,-0.381158959
1718187035848618240.000000000,0.009556127,-0.115666977,1.368715332,0.921333485,0.055833134,0.048588512,-0.381662714
1718187035858618368.000000000,0.009329656,-0.115721001,1.368530273,0.921119242,0.055331040,0.047105881,-0.382438039
1718187035868618240.000000000,0.009144043,-0.115581947,1.368178955,0.921299576,0.056970962,0.048527236,-0.381584208
1718187035878618368.000000000,0.008931700,-0.115517380,1.367851929,0.921440344,0.056703975,0.048369570,-0.381303994
1718187035888618496.000000000,0.008718614,-0.115450531,1.367522217,0.921474551,0.056566012,0.047682163,-0.381328402
1718187035898618368.000000000,0.008537806,-0.115383118,1.367208618,0.921611786,0.056068638,0.046992511,-0.381155778
1718187035908618240.000000000,0.008307192,-0.115274757,1.366869995,0.921768907,0.055198063,0.046282300,-0.380989769
1718187035918618368.000000000,0.008189263,-0.115130737,1.366540283,0.921618826,0.055180152,0.045889367,-0.381402749
1718187035928618240.000000000,0.007955253,-0.115103455,1.366340698,0.921531422,0.053362870,0.044510785,-0.382035381
1718187035938618368.000000000,0.007890403,-0.114890472,1.365923584,0.921583453,0.053720483,0.045507688,-0.381742189
1718187035948618240.000000000,0.007719354,-0.114839615,1.365651611,0.921599856,0.052352667,0.044334747,-0.382030541
1718187035958618368.000000000,0.007632198,-0.114692703,1.365421753,0.921101471,0.051096393,0.043429854,-0.383503698
1718187035968618496.000000000,0.007545450,-0.114516937,1.365019897,0.921277023,0.051774893,0.044812587,-0.382831345
1718187035978618368.000000000,0.007435971,-0.114406380,1.364681885,0.921202840,0.052040209,0.044813170,-0.382973789
1718187035988618240.000000000,0.007361899,-0.114341377,1.364368652,0.921179703,0.052311031,0.044607696,-0.383016533
1718187035998618368.000000000,0.007229302,-0.114329498,1.364132813,0.920967670,0.052061143,0.043787492,-0.383654589
1718187036008618240.000000000,0.007199069,-0.114449104,1.363947632,0.921035380,0.051147974,0.043672464,-0.383627984
1718187036018618368.000000000,0.007103546,-0.114268448,1.363604248,0.920700628,0.052559444,0.043246916,-0.384288384
1718187036028618240.000000000,0.007060541,-0.114386116,1.363498535,0.920808488,0.051252653,0.043197916,-0.384211966
1718187036038618368.000000000,0.006950218,-0.114201523,1.363227783,0.920533847,0.052310132,0.042852290,-0.384765862
1718187036048618496.000000000,0.006908082,-0.114104111,1.363049194,0.920328013,0.052383722,0.042630732,-0.385272521
1718187036058618368.000000000,0.006921669,-0.113996147,1.362852539,0.920173240,0.052512712,0.042658400,-0.385621426
1718187036068618240.000000000,0.006902414,-0.113926003,1.362773315,0.920053621,0.051890545,0.042654015,-0.385991375
1718187036078618368.000000000,0.006938953,-0.113865791,1.362696411,0.919949995,0.051436462,0.042510138,-0.386314878
1718187036088618496.000000000,0.007078330,-0.113790558,1.362574585,0.919738132,0.051241446,0.042570524,-0.386838252
1718187036098618368.000000000,0.007138898,-0.113706062,1.362506470,0.919680270,0.050795112,0.042763687,-0.387013338
1718187036108618240.000000000,0.007274808,-0.113727432,1.362494141,0.919718719,0.050293584,0.043310755,-0.386926623
1718187036118618368.000000000,0.007354219,-0.113770905,1.362503418,0.919780130,0.049777405,0.043869508,-0.386784422
1718187036128618496.000000000,0.007483311,-0.113765945,1.362434448,0.919758959,0.049868280,0.043630109,-0.386850133
1718187036138618368.000000000,0.007564256,-0.113776649,1.362398804,0.919767894,0.050148534,0.043836827,-0.386769283
1718187036148618240.000000000,0.007644172,-0.113878250,1.362433960,0.919812783,0.050078379,0.044085841,-0.386643297
1718187036158618368.000000000,0.007700572,-0.113935562,1.362414795,0.919715276,0.050327517,0.043757462,-0.386880132
1718187036168618496.000000000,0.007800993,-0.113983269,1.362393066,0.919575223,0.050633028,0.043948323,-0.387151457
1718187036178618368.000000000,0.007869607,-0.114056999,1.362370239,0.919420563,0.050813788,0.043694361,-0.387523663
1718187036188618240.000000000,0.007958856,-0.114105522,1.362271484,0.919225401,0.051174226,0.043826396,-0.387924101
1718187036198618368.000000000,0.008107421,-0.114067200,1.362189941,0.919363250,0.051774372,0.043838454,-0.387516217
1718187036208618496.000000000,0.008155499,-0.114136932,1.361987671,0.918954836,0.052576289,0.044346625,-0.388318323
1718187036218618368.000000000,0.008095048,-0.114274246,1.361968506,0.919007990,0.051929531,0.043477176,-0.388377873
1718187036228618240.000000000,0.008106690,-0.114397324,1.361850830,0.919008189,0.051704998,0.042998077,-0.388460688
1718187036238618368.000000000,0.008118703,-0.114603920,1.361784790,0.919288917,0.050130340,0.042269389,-0.388082639
1718187036248618496.000000000,0.008108987,-0.114730934,1.361603027,0.919427073,0.050129910,0.042340362,-0.387747525
1718187036258618368.000000000,0.008072878,-0.114676437,1.361263306,0.919493190,0.051502496,0.042484596,-0.387394921
1718187036268618240.000000000,0.008021242,-0.114790573,1.361092041,0.919525254,0.050834661,0.042305896,-0.387426580
1718187036278618368.000000000,0.008077068,-0.115078804,1.361005371,0.919850830,0.049341851,0.042468589,-0.386828452
1718187036288618496.000000000,0.008050365,-0.115118973,1.360681396,0.919835877,0.050125751,0.042504014,-0.386759329
1718187036298618368.000000000,0.008053004,-0.115187012,1.360378906,0.919844242,0.050983235,0.042392105,-0.386639612
1718187036308618240.000000000,0.008085738,-0.115300987,1.360077393,0.919812586,0.051030076,0.041639918,-0.386790454
1718187036318618368.000000000,0.008035015,-0.115487915,1.359878296,0.919734363,0.050724840,0.041455335,-0.387036364
1718187036328618496.000000000,0.008044367,-0.115565956,1.359536011,0.919595370,0.051164527,0.041068453,-0.387349879
1718187036338618368.000000000,0.008021188,-0.115750450,1.359280518,0.919515997,0.051219713,0.040300597,-0.387611577
1718187036348618240.000000000,0.007908456,-0.115903793,1.358999512,0.919435394,0.051311338,0.040006901,-0.387821028
1718187036358618368.000000000,0.007770195,-0.116078491,1.358739380,0.919450817,0.050865853,0.039054402,-0.387940219
1718187036368618496.000000000,0.007647106,-0.116188622,1.358463501,0.919431220,0.050972177,0.038211574,-0.388056626
1718187036378618368.000000000,0.007503299,-0.116272110,1.358148560,0.919416777,0.051289137,0.038045474,-0.388065403
1718187036388618240.000000000,0.007409445,-0.116573662,1.357964355,0.919701226,0.049608399,0.037285903,-0.387683405
1718187036398618368.000000000,0.007362102,-0.116540443,1.357487183,0.919646691,0.051316103,0.037121163,-0.387606295
1718187036408618496.000000000,0.007289847,-0.116611298,1.357149780,0.919771473,0.051763435,0.037408535,-0.387222915
1718187036418618368.000000000,0.007236631,-0.116707787,1.356851440,0.919892443,0.051972796,0.037734917,-0.386875688
1718187036428618240.000000000,0.007262926,-0.116803177,1.356534302,0.919855290,0.051975180,0.037346338,-0.387001391
1718187036438618368.000000000,0.007310102,-0.116863289,1.356204102,0.919925188,0.051956928,0.037801618,-0.386793439
1718187036448618496.000000000,0.007339941,-0.117117622,1.356063599,0.919625921,0.050509093,0.035835980,-0.387882430
1718187036458618368.000000000,0.007388264,-0.117091331,1.355699951,0.919746526,0.051619888,0.037744629,-0.387268716
1718187036468618240.000000000,0.007466242,-0.117170303,1.355465088,0.919530444,0.051560773,0.037817158,-0.387782301
1718187036478618368.000000000,0.007531070,-0.117215508,1.355216187,0.919492155,0.051710676,0.038096276,-0.387825807
1718187036488618496.000000000,0.007658418,-0.117249260,1.354947998,0.919361982,0.052086522,0.038295539,-0.388064418
1718187036498618368.000000000,0.007713917,-0.117379471,1.354783081,0.919126771,0.051575838,0.037431669,-0.388773433
1718187036508618240.000000000,0.007810000,-0.117432968,1.354556396,0.919435220,0.051335378,0.038953978,-0.387925434
1718187036518618368.000000000,0.007754844,-0.117523529,1.354430908,0.919303152,0.050586906,0.037691748,-0.388461082
1718187036528618496.000000000,0.007869339,-0.117335846,1.354069824,0.919454450,0.051962135,0.038391292,-0.387852497
1718187036538618368.000000000,0.007890957,-0.117374138,1.353868408,0.919463674,0.051916025,0.038489073,-0.387827114
1718187036548618240.000000000,0.007917385,-0.117451584,1.353707031,0.919331093,0.051440408,0.038170767,-0.388236034
1718187036558618368.000000000,0.007821993,-0.117636246,1.353577515,0.919080916,0.051073934,0.037946609,-0.388898159
1718187036568618496.000000000,0.007837522,-0.117692398,1.353450317,0.919077144,0.050339719,0.037933667,-0.389004052
1718187036578618368.000000000,0.007853016,-0.117752113,1.353309937,0.919087532,0.050050210,0.037979609,-0.389012384
1718187036588618240.000000000,0.007868001,-0.117841049,1.353204224,0.918998000,0.049902013,0.038319812,-0.389209529
1718187036598618368.000000000,0.007865014,-0.117964943,1.353127930,0.918902080,0.049717105,0.038338944,-0.389457703
1718187036608618496.000000000,0.007855226,-0.118124329,1.353100952,0.918904642,0.049341050,0.038249400,-0.389508283
1718187036618618368.000000000,0.007852107,-0.118303307,1.353095825,0.918753148,0.049601856,0.037825691,-0.389873731
1718187036628618240.000000000,0.007804277,-0.118490555,1.353131592,0.918738089,0.049885403,0.038188899,-0.389837632
1718187036638618368.000000000,0.007813684,-0.118737198,1.353217285,0.918692975,0.049762002,0.038257992,-0.389952929
1718187036648618496.000000000,0.007739724,-0.118961441,1.353352539,0.918428743,0.049892976,0.037876516,-0.390595321
1718187036658618368.000000000,0.007768147,-0.119128204,1.353425171,0.918254087,0.050952112,0.038387427,-0.390819293
1718187036668618240.000000000,0.007755341,-0.119449036,1.353673096,0.917936276,0.050875246,0.037951203,-0.391617682
1718187036678618368.000000000,0.007771679,-0.119646011,1.353846313,0.917874330,0.052046268,0.038732316,-0.391532512
1718187036688618496.000000000,0.007767578,-0.119896866,1.354080444,0.917745487,0.053253581,0.039500340,-0.391595455
1718187036698618368.000000000,0.007839755,-0.120215424,1.354486572,0.918000400,0.052451533,0.039424517,-0.391113550
1718187036708618240.000000000,0.007672466,-0.120492905,1.354728394,0.917447750,0.054404921,0.040317754,-0.392051283
1718187036718618368.000000000,0.007663367,-0.120812225,1.355056396,0.917434243,0.054745853,0.040284357,-0.392038865
1718187036728618496.000000000,0.007631689,-0.121279182,1.355515381,0.917052115,0.053649445,0.038249782,-0.393286295
1718187036738618368.000000000,0.007570119,-0.121526337,1.355810425,0.917001486,0.054652595,0.039426751,-0.393149970
1718187036748618240.000000000,0.007477503,-0.121777939,1.356143677,0.916921641,0.055182544,0.039410604,-0.393263774
1718187036758618368.000000000,0.007363490,-0.122005745,1.356457520,0.917060018,0.056332681,0.040026494,-0.392715458
1718187036768618496.000000000,0.007287906,-0.122299026,1.356805542,0.917127615,0.055514112,0.040604823,-0.392614785
1718187036778618368.000000000,0.006970606,-0.122573303,1.357274292,0.917257979,0.056201880,0.040652777,-0.392207215
1718187036788618240.000000000,0.006825685,-0.122901054,1.357664795,0.917355876,0.056062586,0.040570881,-0.392006617
1718187036798618368.000000000,0.006676374,-0.123151428,1.357996338,0.917488657,0.055888837,0.040564637,-0.391721218
1718187036808618496.000000000,0.006495363,-0.123499367,1.358437134,0.917607595,0.056031841,0.040817406,-0.391395801
1718187036818618368.000000000,0.006365284,-0.123883583,1.358907349,0.917611326,0.056058549,0.040553895,-0.391410622
1718187036828618240.000000000,0.006246974,-0.124304565,1.359413452,0.917530852,0.056273658,0.039420685,-0.391684082
1718187036838618368.000000000,0.006211164,-0.124682320,1.359827148,0.917654332,0.056877070,0.041266227,-0.391117149
1718187036848618496.000000000,0.006128745,-0.125208244,1.360412964,0.917926586,0.056129348,0.041841869,-0.390524696
1718187036858618368.000000000,0.006066092,-0.125571045,1.360810425,0.917764778,0.057481283,0.042740440,-0.390611021
1718187036868618240.000000000,0.005942040,-0.125941261,1.361234741,0.917575607,0.057691542,0.043903257,-0.390895376
1718187036878618368.000000000,0.005818750,-0.126525772,1.361813599,0.917600861,0.056961277,0.043188822,-0.391022760
1718187036888618496.000000000,0.005747952,-0.126962738,1.362183716,0.917476051,0.057870790,0.043714527,-0.391123646
1718187036898618368.000000000,0.005564195,-0.127526253,1.362714722,0.917619436,0.057906937,0.043542908,-0.390800937
1718187036908618240.000000000,0.005411936,-0.128053207,1.363181519,0.917582575,0.057821940,0.043103881,-0.390948713
1718187036918618368.000000000,0.005252278,-0.128435211,1.363476929,0.917455217,0.059593431,0.043820532,-0.390901917
1718187036928618240.000000000,0.005038126,-0.128932449,1.363895508,0.917290894,0.060348459,0.043461377,-0.391211692
1718187036938618368.000000000,0.004922571,-0.129426224,1.364227905,0.917252580,0.060749114,0.043368729,-0.391249795
1718187036948618240.000000000,0.004688384,-0.129901917,1.364587280,0.917346562,0.061309199,0.043923694,-0.390880002
1718187036958618368.000000000,0.004473527,-0.130354431,1.364932617,0.917440633,0.060893598,0.042865801,-0.390841627
1718187036968618496.000000000,0.004196443,-0.130747482,1.365240234,0.917406469,0.061200454,0.042472128,-0.390916862
1718187036978618368.000000000,0.003988414,-0.131252640,1.365476929,0.917928674,0.061553776,0.041951779,-0.389689787
1718187036988618240.000000000,0.003885554,-0.131683487,1.365789551,0.918007922,0.061380281,0.042281795,-0.389494757
1718187036998618368.000000000,0.003887568,-0.132076477,1.366033447,0.917847862,0.061565058,0.041848111,-0.389889449
1718187037008618240.000000000,0.004119659,-0.132395279,1.366277100,0.918150031,0.061532088,0.041868302,-0.389180380
1718187037018618368.000000000,0.004189554,-0.133041656,1.366680542,0.918051527,0.060351478,0.042300842,-0.389550680
1718187037028618240.000000000,0.004443053,-0.133351471,1.366874512,0.917998398,0.061441254,0.043479428,-0.389375723
1718187037038618368.000000000,0.004878462,-0.133711288,1.367160278,0.918355573,0.061803750,0.045026338,-0.388298811
1718187037048618496.000000000,0.005142781,-0.134239700,1.367416138,0.917924650,0.061831597,0.044489111,-0.389373740
1718187037058618368.000000000,0.005529473,-0.134653351,1.367592651,0.917641426,0.061691316,0.044608249,-0.390049354
1718187037068618240.000000000,0.005808702,-0.134979568,1.367735229,0.917659401,0.062190634,0.046043736,-0.389760855
1718187037078618368.000000000,0.006219120,-0.135520905,1.367903931,0.917454305,0.061036743,0.045267662,-0.390516264
1718187037088618496.000000000,0.006406454,-0.135727600,1.367882080,0.917521849,0.062158418,0.046252194,-0.390065023
1718187037098618368.000000000,0.006619702,-0.135986221,1.367819458,0.917222855,0.062581824,0.045906580,-0.390740753
1718187037108618240.000000000,0.006774330,-0.136264130,1.367743286,0.917256362,0.062344874,0.045343904,-0.390765675
1718187037118618368.000000000,0.006765827,-0.136442596,1.367661743,0.917199106,0.062368055,0.044479773,-0.390995620
1718187037128618496.000000000,0.006985410,-0.136409271,1.367383423,0.917085270,0.063387916,0.045097328,-0.391027890
1718187037138618368.000000000,0.007050764,-0.136584412,1.367153931,0.917163592,0.063937029,0.044781856,-0.390790977
1718187037148618240.000000000,0.007197495,-0.136709564,1.367010620,0.917179226,0.063166600,0.044453257,-0.390917070
1718187037158618368.000000000,0.007355623,-0.136700562,1.366839111,0.917192856,0.062821399,0.043984259,-0.390993762
1718187037168618496.000000000,0.007690651,-0.136714233,1.366644165,0.917067183,0.062363009,0.043365566,-0.391430791
1718187037178618368.000000000,0.008156783,-0.136839539,1.366536377,0.916864875,0.060486914,0.042047899,-0.392341825
1718187037188618240.000000000,0.008567541,-0.136605728,1.366212524,0.917010382,0.061422152,0.044158132,-0.391623976
1718187037198618368.000000000,0.009015442,-0.136566406,1.366082031,0.917013805,0.061219391,0.045666009,-0.391474755
1718187037208618496.000000000,0.009399593,-0.136559647,1.366040527,0.916819078,0.060353679,0.045408204,-0.392094768
1718187037218618368.000000000,0.009787062,-0.136362198,1.365844971,0.916967879,0.060842924,0.046918995,-0.391492855
1718187037228618240.000000000,0.010344199,-0.136188431,1.365690430,0.917196596,0.060185750,0.047496943,-0.390988645
1718187037238618368.000000000,0.010811617,-0.136084045,1.365531982,0.917156588,0.059728376,0.047653223,-0.391133589
1718187037248618496.000000000,0.011057962,-0.136136688,1.365472900,0.916727838,0.059476997,0.047364254,-0.392210640
1718187037258618368.000000000,0.011539371,-0.135932709,1.365311890,0.916984989,0.059844781,0.047715416,-0.391510371
1718187037268618240.000000000,0.011876518,-0.135791550,1.365111572,0.916835635,0.060628215,0.048516856,-0.391641103
1718187037278618368.000000000,0.011902563,-0.135890564,1.365155273,0.916280310,0.059649350,0.047206611,-0.393247865
1718187037288618496.000000000,0.012171210,-0.135771393,1.364947876,0.916177385,0.059682268,0.047684899,-0.393424930
1718187037298618368.000000000,0.012415541,-0.135650406,1.364736084,0.916084959,0.059954587,0.047090459,-0.393670272
1718187037308618240.000000000,0.012563415,-0.135557480,1.364575684,0.915878852,0.059674569,0.047168005,-0.394182766
1718187037318618368.000000000,0.012775832,-0.135433975,1.364319824,0.915849048,0.060220957,0.047227372,-0.394161809
1718187037328618496.000000000,0.012885451,-0.135311890,1.364120483,0.915857538,0.060432820,0.047067602,-0.394128767
1718187037338618368.000000000,0.013191159,-0.135348618,1.363922119,0.916174522,0.059500638,0.047644775,-0.393463969
1718187037348618240.000000000,0.013245007,-0.135124969,1.363650635,0.916152759,0.060139081,0.047928628,-0.393383096
1718187037358618368.000000000,0.013407210,-0.134974014,1.363365234,0.915998157,0.060096974,0.047638557,-0.393784584
1718187037368618496.000000000,0.013537380,-0.134893097,1.363117065,0.916057334,0.059892925,0.048025283,-0.393631008
1718187037378618368.000000000,0.013827124,-0.134806702,1.362727783,0.916145423,0.059678041,0.048235672,-0.393432861
1718187037388618240.000000000,0.013941867,-0.134687103,1.362358154,0.916163422,0.060288828,0.048273065,-0.393293214
1718187037398618368.000000000,0.014233412,-0.134406082,1.361760620,0.915796813,0.060899774,0.048352864,-0.394042404
1718187037408618496.000000000,0.014222321,-0.134427795,1.361308594,0.915898846,0.060953872,0.047610877,-0.393887210
1718187037418618368.000000000,0.014190561,-0.134243622,1.360737671,0.916028826,0.062289972,0.048068027,-0.393319991
1718187037428618240.000000000,0.014261317,-0.134110275,1.360211060,0.915856409,0.062620884,0.048633963,-0.393599289
1718187037438618368.000000000,0.014369075,-0.134088226,1.359585449,0.915943783,0.062368179,0.047293607,-0.393599430
1718187037448618496.000000000,0.014457235,-0.133995956,1.358881226,0.915900834,0.063030100,0.047538376,-0.393564445
1718187037458618368.000000000,0.014492128,-0.133854828,1.358116089,0.915852049,0.064772305,0.047523308,-0.393396884
1718187037468618240.000000000,0.014551210,-0.133804688,1.357358276,0.915773129,0.066009410,0.047211684,-0.393412494
1718187037478618368.000000000,0.014825472,-0.133666733,1.356342651,0.915910229,0.067958772,0.047966770,-0.392669385
1718187037488618496.000000000,0.014974363,-0.133588547,1.355386108,0.915886293,0.069393075,0.049603328,-0.392270836
1718187037498618368.000000000,0.015077931,-0.133655350,1.354509399,0.916113398,0.069582964,0.050086412,-0.391644997
1718187037508618240.000000000,0.015344443,-0.133492966,1.353233887,0.916046619,0.071736464,0.050190073,-0.391399320
1718187037518618368.000000000,0.015572288,-0.133289719,1.351834717,0.916120117,0.073634641,0.052325249,-0.390594341
1718187037528618496.000000000,0.015629800,-0.132962708,1.350413696,0.916008865,0.074941366,0.052633216,-0.390565355
1718187037538618368.000000000,0.015550527,-0.132596298,1.348889038,0.915839085,0.075715317,0.053512857,-0.390694684
1718187037548618240.000000000,0.015496745,-0.132151718,1.347156372,0.915779040,0.076486284,0.053966025,-0.390622921
1718187037558618368.000000000,0.015250038,-0.131619019,1.345294189,0.915627251,0.076577472,0.053730409,-0.390993185
1718187037568618496.000000000,0.014951796,-0.130999451,1.343216309,0.915449588,0.076667375,0.053264112,-0.391455106
1718187037578618368.000000000,0.014565738,-0.130339508,1.340975342,0.915588226,0.076142438,0.053335253,-0.391223569
1718187037588618240.000000000,0.014043390,-0.129634018,1.338545044,0.915627448,0.075552232,0.050860253,-0.391575626
1718187037598618368.000000000,0.013476760,-0.128672165,1.335939453,0.915868696,0.075615860,0.050299021,-0.391071327
1718187037608618496.000000000,0.012782423,-0.127795189,1.333196899,0.916162489,0.074453335,0.049155016,-0.390751556
1718187037618618368.000000000,0.012279690,-0.126760437,1.330220093,0.916562645,0.073696315,0.048893385,-0.389988727
1718187037628618240.000000000,0.011596614,-0.125855652,1.327260010,0.917318728,0.070962213,0.047936727,-0.388835164
1718187037638618368.000000000,0.010948349,-0.124890564,1.324110229,0.917881951,0.068468100,0.047094724,-0.388055320
1718187037648618496.000000000,0.010438467,-0.123758759,1.320801270,0.918683716,0.066315442,0.046858790,-0.386557559
1718187037658618368.000000000,0.009959820,-0.122745537,1.317383911,0.919134922,0.064485610,0.046237912,-0.385868705
1718187037668618240.000000000,0.009478975,-0.121748169,1.313929565,0.919716310,0.063406711,0.045829716,-0.384709157
1718187037678618368.000000000,0.009182503,-0.120755676,1.310346558,0.920280475,0.061448329,0.046059944,-0.383648840
1718187037688618496.000000000,0.008817609,-0.119813828,1.306793335,0.920512173,0.058955492,0.045488116,-0.383552369
1718187037698618368.000000000,0.008691919,-0.118715462,1.303015747,0.921103559,0.057331405,0.045611714,-0.382362282
1718187037708618240.000000000,0.008514354,-0.117744286,1.299227417,0.921349434,0.055990060,0.046311737,-0.381884218
1718187037718618368.000000000,0.008407690,-0.116725449,1.295277588,0.921846441,0.054966928,0.048042533,-0.380617514
1718187037728618496.000000000,0.008262707,-0.115699875,1.291270996,0.922210776,0.054131496,0.049245117,-0.379699862
1718187037738618368.000000000,0.008105532,-0.114676331,1.287217773,0.922546275,0.052697866,0.050316992,-0.378945254
1718187037748618240.000000000,0.007966347,-0.113644119,1.283090576,0.922973340,0.052374841,0.051794983,-0.377749083
1718187037758618368.000000000,0.007823179,-0.112577438,1.278910767,0.923094000,0.051932109,0.052811507,-0.377374441
1718187037768618496.000000000,0.007722578,-0.111428993,1.274589722,0.923276582,0.052418529,0.054021802,-0.376688592
1718187037778618368.000000000,0.007544080,-0.110277878,1.270251343,0.923324217,0.052532677,0.055403090,-0.376355159
1718187037788618240.000000000,0.007399851,-0.109040283,1.265754395,0.923327350,0.052119260,0.056820734,-0.376193555
1718187037798618368.000000000,0.007217338,-0.107832390,1.261218994,0.923196014,0.052745147,0.058468831,-0.376176110
1718187037808618496.000000000,0.006959504,-0.106536003,1.256498779,0.923090897,0.053503480,0.059986123,-0.376088073
1718187037818618368.000000000,0.006622203,-0.105142754,1.251588501,0.922826376,0.053775474,0.061083348,-0.376521582
1718187037828618240.000000000,0.006187827,-0.103733856,1.246555420,0.922694481,0.054029718,0.062242430,-0.376618593
1718187037838618368.000000000,0.005647395,-0.102249756,1.241347656,0.922621505,0.054478568,0.063351809,-0.376547730
1718187037848618496.000000000,0.004982341,-0.100695755,1.235961792,0.922591193,0.054505338,0.064067803,-0.376496979
1718187037858618368.000000000,0.004239389,-0.099058876,1.230393677,0.922549922,0.054217782,0.063969984,-0.376656229
1718187037868618240.000000000,0.003363314,-0.097330879,1.224667114,0.922561040,0.053904697,0.064230219,-0.376629646
1718187037878618368.000000000,0.002450970,-0.095721313,1.218722534,0.921925668,0.052846454,0.064267448,-0.378325269
1718187037888618496.000000000,0.001443910,-0.093883812,1.212785522,0.922337994,0.051583917,0.063504610,-0.377622681
1718187037898618368.000000000,0.000435211,-0.091953781,1.206657837,0.922872663,0.049774156,0.062869978,-0.376664238
1718187037908618240.000000000,-0.000536662,-0.089987061,1.200346069,0.923316953,0.048714290,0.062673021,-0.375745678
1718187037918618368.000000000,-0.001526781,-0.088077827,1.194011963,0.923640814,0.047200376,0.062212390,-0.375219122
1718187037928618240.000000000,-0.002424061,-0.086222221,1.187585938,0.924064307,0.045483567,0.061972466,-0.374427316
1718187037938618368.000000000,-0.003308728,-0.084336929,1.181093140,0.924412654,0.044264432,0.061701998,-0.373757633
1718187037948618240.000000000,-0.004109487,-0.082537109,1.174536987,0.924610665,0.043371512,0.061293808,-0.373439552
1718187037958618368.000000000,-0.004769776,-0.080720001,1.167874512,0.924727398,0.043187330,0.061423702,-0.373150404
1718187037968618496.000000000,-0.005350387,-0.078978584,1.161198242,0.924807579,0.042928441,0.061464663,-0.372974780
1718187037978618368.000000000,-0.005885127,-0.077228027,1.154512573,0.924806409,0.042846632,0.061867698,-0.372920446
1718187037988618240.000000000,-0.006357050,-0.075492424,1.147779541,0.924683385,0.043104819,0.062193135,-0.373141564
1718187037998618368.000000000,-0.006787684,-0.073820091,1.141025757,0.924571126,0.043734788,0.063509342,-0.373124731
1718187038008618240.000000000,-0.007261078,-0.072140404,1.134222656,0.924290260,0.044256126,0.064685637,-0.373556796
1718187038018618368.000000000,-0.007411810,-0.070410820,1.127539307,0.924596941,0.044094313,0.063258048,-0.373061132
1718187038028618240.000000000,-0.007777532,-0.068769653,1.120809448,0.924803673,0.043975472,0.063778932,-0.372473586
1718187038038618368.000000000,-0.008124170,-0.067155891,1.114030518,0.924992891,0.044397979,0.064149028,-0.371889599
1718187038048618496.000000000,-0.008490551,-0.065530983,1.107227783,0.925218550,0.044894300,0.064369695,-0.371229955
1718187038058618368.000000000,-0.008800970,-0.063961388,1.100383423,0.925504898,0.045498497,0.064091480,-0.370490018
1718187038068618240.000000000,-0.009129799,-0.062402065,1.093550293,0.925766522,0.045952616,0.064011071,-0.369793572
1718187038078618368.000000000,-0.009421278,-0.060845917,1.086646606,0.925897367,0.046091174,0.063684046,-0.369505090
1718187038088618496.000000000,-0.009643375,-0.059251404,1.079694336,0.925735201,0.046834258,0.063741465,-0.369807945
1718187038098618368.000000000,-0.009812906,-0.057672318,1.072698730,0.925550047,0.047237702,0.064027220,-0.370170536
1718187038108618240.000000000,-0.009881941,-0.055918644,1.065589722,0.925642177,0.047975533,0.064624900,-0.369741166
1718187038118618368.000000000,-0.009665962,-0.054845730,1.057915894,0.925203371,0.048087681,0.062785426,-0.371139176
1718187038128618496.000000000,-0.009773993,-0.053259708,1.050517700,0.924250592,0.049228286,0.064744179,-0.373022266
1718187038138618368.000000000,-0.009961416,-0.051626213,1.043183960,0.923847764,0.048895397,0.064265216,-0.374145067
1718187038148618240.000000000,-0.010195551,-0.049940495,1.035763184,0.923703053,0.048361435,0.063919064,-0.374630744
1718187038158618368.000000000,-0.010413687,-0.048266098,1.028241821,0.923811933,0.047173479,0.063338455,-0.374612354
1718187038168618496.000000000,-0.010676398,-0.046572647,1.020640503,0.924027639,0.045513702,0.063049642,-0.374334300
1718187038178618368.000000000,-0.010992291,-0.044736027,1.013102539,0.925229891,0.042871380,0.060528152,-0.372086061
1718187038188618240.000000000,-0.011277655,-0.043108318,1.005307068,0.925670687,0.040967220,0.060232469,-0.371251283
1718187038198618368.000000000,-0.011599582,-0.041515060,0.997447205,0.926181878,0.039222219,0.059982099,-0.370203854
1718187038208618496.000000000,-0.011895911,-0.039990498,0.989528931,0.926726773,0.037618817,0.059772874,-0.369038639
1718187038218618368.000000000,-0.012171934,-0.038559029,0.981578430,0.927444717,0.035766323,0.059714848,-0.367425101
1718187038228618240.000000000,-0.012399995,-0.037225384,0.973614807,0.928189311,0.034212625,0.059865551,-0.365664075
1718187038238618368.000000000,-0.012571022,-0.035939583,0.965640320,0.929057842,0.032871713,0.059855055,-0.363577157
1718187038248618496.000000000,-0.012702485,-0.034748760,0.957668640,0.929873421,0.031950215,0.060053983,-0.361535785
1718187038258618368.000000000,-0.012794951,-0.033669956,0.949739746,0.930811139,0.031282679,0.060091777,-0.359167085
1718187038268618240.000000000,-0.012908677,-0.032687031,0.941857605,0.931669293,0.030863862,0.060020260,-0.356983640
1718187038278618368.000000000,-0.013064427,-0.031752844,0.934004578,0.932484981,0.030609928,0.059475055,-0.354961280
1718187038288618496.000000000,-0.013245408,-0.030862902,0.926186707,0.933250900,0.030736992,0.058650504,-0.353069558
1718187038298618368.000000000,-0.013517580,-0.030036705,0.918401367,0.933934139,0.030915809,0.057298931,-0.351465603
1718187038308618240.000000000,-0.013825862,-0.029249916,0.910661316,0.934614618,0.031589294,0.055478205,-0.349885410
1718187038318618368.000000000,-0.014131392,-0.028546829,0.902975952,0.935319808,0.032250124,0.053700609,-0.348214060
1718187038328618496.000000000,-0.014425950,-0.027889671,0.895336182,0.936062293,0.033138143,0.052051191,-0.346381179
1718187038338618368.000000000,-0.014627247,-0.027328979,0.887804260,0.936880650,0.034069152,0.050822734,-0.344254253
1718187038348618240.000000000,-0.014704993,-0.026901007,0.880347900,0.937719911,0.035190916,0.050018176,-0.341966592
1718187038358618368.000000000,-0.014642603,-0.026684883,0.872789734,0.938004985,0.037550622,0.052937771,-0.340491103
1718187038368618496.000000000,-0.014526137,-0.026433325,0.865463684,0.939237729,0.038732633,0.054048304,-0.336765576
1718187038378618368.000000000,-0.014345944,-0.026261101,0.858201965,0.940605457,0.040015607,0.055591179,-0.332520296
1718187038388618240.000000000,-0.014179323,-0.026127796,0.850954163,0.942095443,0.041095096,0.057629800,-0.327789834
1718187038398618368.000000000,-0.014004623,-0.026101185,0.843756042,0.943713181,0.042186546,0.059681321,-0.322589318
1718187038408618496.000000000,-0.013823000,-0.026023355,0.836611145,0.945311120,0.043276621,0.060980610,-0.317482890
1718187038418618368.000000000,-0.013827584,-0.026093523,0.829423096,0.946602700,0.045306691,0.062922655,-0.312939884
1718187038428618240.000000000,-0.013838305,-0.026002209,0.822290833,0.947916160,0.046346247,0.062989305,-0.308770671
1718187038438618368.000000000,-0.013914073,-0.025854822,0.815188538,0.949073781,0.047350747,0.062859575,-0.305066449
1718187038448618496.000000000,-0.014076648,-0.025679117,0.808113708,0.950009297,0.048367842,0.061888209,-0.302179974
1718187038458618368.000000000,-0.013994617,-0.025335934,0.801325317,0.951338419,0.046959288,0.060333916,-0.298512740
1718187038468618240.000000000,-0.014142895,-0.025034836,0.794395691,0.952021011,0.047160220,0.059137518,-0.296537791
1718187038478618368.000000000,-0.014248504,-0.024500601,0.787565552,0.952948375,0.046789025,0.057775276,-0.293874463
1718187038488618496.000000000,-0.014410933,-0.024124659,0.780788269,0.953521175,0.046551876,0.056493165,-0.292299187
1718187038498618368.000000000,-0.014559589,-0.023693810,0.774072510,0.954128573,0.046094771,0.055872851,-0.290503294
1718187038508618240.000000000,-0.014596559,-0.023219097,0.767450928,0.954851739,0.045155212,0.055157883,-0.288403835
1718187038518618368.000000000,-0.014613308,-0.022798157,0.760891602,0.955538897,0.044748764,0.054986460,-0.286215746
1718187038528618496.000000000,-0.014558409,-0.022369656,0.754480957,0.956325258,0.044091717,0.055065787,-0.283664732
1718187038538618368.000000000,-0.014428272,-0.021979094,0.748152283,0.957162858,0.042820570,0.055441262,-0.280948268
1718187038548618240.000000000,-0.014259761,-0.021604801,0.741913391,0.958019546,0.042049609,0.055849562,-0.278048927
1718187038558618368.000000000,-0.014055015,-0.021300379,0.735722595,0.958853406,0.041732263,0.057170893,-0.274936452
1718187038568618496.000000000,-0.013850631,-0.020979906,0.729614868,0.959816061,0.040846671,0.057928304,-0.271530828
1718187038578618368.000000000,-0.013708371,-0.020696432,0.723559692,0.960616824,0.040383699,0.058898829,-0.268543112
1718187038588618240.000000000,-0.013572526,-0.020424517,0.717500061,0.961449425,0.039975432,0.059466830,-0.265481946
1718187038598618368.000000000,-0.013571015,-0.020163040,0.711440491,0.962152254,0.039977162,0.060262141,-0.262741966
1718187038608618496.000000000,-0.013330966,-0.020019915,0.705408325,0.962379212,0.039554571,0.060812840,-0.261846302
1718187038618618368.000000000,-0.013375434,-0.019850565,0.699435852,0.963023397,0.039549488,0.061144392,-0.259389934
1718187038628618240.000000000,-0.013438506,-0.019661621,0.693450745,0.963715136,0.040128820,0.060948031,-0.256764778
1718187038638618368.000000000,-0.013520870,-0.019541718,0.687484375,0.964246053,0.041373996,0.061419072,-0.254451253
1718187038648618496.000000000,-0.013608635,-0.019423609,0.681616943,0.964848256,0.042230158,0.061074668,-0.252099865
1718187038658618368.000000000,-0.013645266,-0.019351637,0.675715515,0.965337848,0.043641398,0.061428461,-0.249889600
1718187038668618240.000000000,-0.013667118,-0.019289845,0.669869141,0.965852088,0.044996651,0.061919698,-0.247529789
1718187038678618368.000000000,-0.013664246,-0.019247473,0.664018860,0.966297845,0.046974497,0.062660034,-0.245225593
1718187038688618496.000000000,-0.013661165,-0.019192129,0.658242432,0.966859137,0.047604773,0.063668203,-0.242618125
1718187038698618368.000000000,-0.013632105,-0.019139149,0.652457031,0.967429634,0.048530327,0.064457803,-0.239937288
1718187038708618240.000000000,-0.013650658,-0.019026018,0.646666199,0.968085270,0.049038869,0.064924372,-0.237046250
1718187038718618368.000000000,-0.013767207,-0.018905367,0.640876465,0.968726112,0.049362623,0.065460310,-0.234196499
1718187038728618496.000000000,-0.013870598,-0.018748327,0.635072083,0.969471232,0.049170934,0.065563164,-0.231104353
1718187038738618368.000000000,-0.014009767,-0.018552631,0.629313599,0.970081376,0.048871976,0.065842925,-0.228513376
1718187038748618240.000000000,-0.014165586,-0.018315121,0.623515869,0.970629886,0.048729366,0.065887691,-0.226189934
1718187038758618368.000000000,-0.014267051,-0.018037306,0.617676331,0.971190444,0.048188905,0.066148034,-0.223811056
1718187038768618496.000000000,-0.014459446,-0.017717983,0.611844238,0.971678805,0.047408422,0.066047935,-0.221879273
1718187038778618368.000000000,-0.014628486,-0.017411940,0.606025696,0.972106020,0.046868831,0.065637286,-0.220238383
1718187038788618240.000000000,-0.014793880,-0.017082348,0.600172791,0.972541228,0.046522737,0.065454140,-0.218437518
1718187038798618368.000000000,-0.015018495,-0.016739717,0.594298035,0.972947162,0.045910833,0.065063770,-0.216870288
1718187038808618496.000000000,-0.015277822,-0.016377409,0.588460144,0.973346720,0.045755752,0.064310590,-0.215329334
1718187038818618368.000000000,-0.015505357,-0.016037464,0.582608948,0.973666177,0.045846529,0.063634914,-0.214062772
1718187038828618240.000000000,-0.015836885,-0.015859383,0.576672485,0.973731942,0.046875099,0.063154980,-0.213682659
1718187038838618368.000000000,-0.016040335,-0.015365990,0.570976257,0.974245861,0.045784306,0.061636204,-0.212013627
1718187038848618496.000000000,-0.016225470,-0.015015286,0.565180176,0.974479896,0.046425772,0.060734751,-0.211056558
1718187038858618368.000000000,-0.016354925,-0.014653411,0.559365295,0.974650906,0.047447717,0.060402439,-0.210132982
1718187038868618240.000000000,-0.016461891,-0.014338863,0.553674255,0.974831086,0.047896663,0.060281038,-0.209228250
1718187038878618368.000000000,-0.016553396,-0.014020509,0.548077637,0.975201859,0.047332236,0.059435595,-0.207866311
1718187038888618496.000000000,-0.016588514,-0.013679008,0.542448608,0.975476992,0.047370275,0.059114054,-0.206654840
1718187038898618368.000000000,-0.016634497,-0.013312683,0.536870850,0.975756269,0.047529706,0.059000558,-0.205327942
1718187038908618240.000000000,-0.016631767,-0.012897901,0.531333496,0.976042650,0.047705718,0.058502869,-0.204064508
1718187038918618368.000000000,-0.016637369,-0.012615415,0.525830322,0.976077679,0.048132671,0.058838640,-0.203699841
1718187038928618240.000000000,-0.016594044,-0.012134930,0.520387939,0.976277823,0.047872489,0.058863940,-0.202792687
1718187038938618368.000000000,-0.016484655,-0.011615376,0.514995300,0.976434062,0.047769438,0.058744474,-0.202098218
1718187038948618240.000000000,-0.016004150,-0.011013157,0.509849304,0.976718269,0.047010332,0.059289229,-0.200739231
1718187038958618368.000000000,-0.015697241,-0.010231011,0.504654816,0.976981177,0.046754170,0.059668769,-0.199402773
1718187038968618496.000000000,-0.015430791,-0.009637197,0.499516693,0.977197874,0.045391359,0.059787534,-0.198618704
1718187038978618368.000000000,-0.015184000,-0.009032864,0.494364777,0.977330702,0.045060987,0.060665130,-0.197772467
1718187038988618240.000000000,-0.014919539,-0.008431595,0.489243958,0.977493349,0.044823312,0.061472598,-0.196770787
1718187038998618368.000000000,-0.014742742,-0.007790181,0.484055878,0.977609913,0.045218149,0.062327339,-0.195830234
1718187039008618240.000000000,-0.014693406,-0.007231238,0.478924988,0.977882624,0.044253647,0.061942751,-0.194808326
1718187039018618368.000000000,-0.014678213,-0.006598632,0.473712524,0.978208329,0.043999947,0.061463433,-0.193377132
1718187039028618240.000000000,-0.014700405,-0.005956951,0.468557892,0.978625976,0.043408064,0.060572457,-0.191671374
1718187039038618368.000000000,-0.014740038,-0.005320135,0.463376953,0.979049761,0.042688618,0.059909420,-0.189868662
1718187039048618496.000000000,-0.014699615,-0.004680902,0.458193787,0.979530484,0.042119908,0.059420062,-0.187657137
1718187039058618368.000000000,-0.014583014,-0.004092764,0.453013306,0.979910820,0.041461396,0.059831447,-0.185676967
1718187039068618240.000000000,-0.014363333,-0.003492248,0.447870514,0.980343088,0.040716171,0.059811939,-0.183554228
1718187039078618368.000000000,-0.014138530,-0.002931821,0.442800720,0.980820006,0.039171844,0.059798749,-0.181333372
1718187039088618496.000000000,-0.013939585,-0.002332851,0.437847046,0.981326587,0.037498997,0.058837642,-0.179248673
1718187039098618368.000000000,-0.013560592,-0.001604834,0.432843475,0.981915932,0.035552286,0.059209982,-0.176270576
1718187039108618240.000000000,-0.013219663,-0.001373769,0.427635468,0.981942340,0.035779967,0.060978665,-0.175472611
1718187039118618368.000000000,-0.012888228,-0.000899386,0.422534332,0.982354835,0.034863165,0.061578055,-0.173123312
1718187039128618496.000000000,-0.012623202,-0.000485297,0.417446198,0.982827411,0.034174955,0.062183430,-0.170339584
1718187039138618368.000000000,-0.012344810,-0.000151600,0.412361267,0.983324267,0.033517027,0.062712411,-0.167383239
1718187039148618240.000000000,-0.012088288,0.000149249,0.407288879,0.983863692,0.032963078,0.063150263,-0.164127130
1718187039158618368.000000000,-0.011854823,0.000418399,0.402272675,0.984395193,0.032777513,0.063652637,-0.160748499
1718187039168618496.000000000,-0.011576920,0.000657151,0.397302216,0.984953668,0.032380393,0.064063362,-0.157205813
1718187039178618368.000000000,-0.011330876,0.000881983,0.392411163,0.985497689,0.032271249,0.064540009,-0.153582094
1718187039188618240.000000000,-0.011094552,0.001093331,0.387613403,0.985996419,0.032012642,0.064916335,-0.150240214
1718187039198618368.000000000,-0.010898163,0.001352245,0.382877869,0.986410101,0.032211750,0.065028625,-0.147406898
1718187039208618496.000000000,-0.010722742,0.001619574,0.378224762,0.986805676,0.032226614,0.064989260,-0.144749434
1718187039218618368.000000000,-0.010572008,0.001867034,0.373639435,0.987220607,0.032036319,0.064848827,-0.141999212
1718187039228618240.000000000,-0.010412927,0.002122525,0.369101654,0.987553149,0.032347901,0.065023044,-0.139514856
1718187039238618368.000000000,-0.010299325,0.002319343,0.364603210,0.987825200,0.032992283,0.064964033,-0.137450204
1718187039248618496.000000000,-0.010182113,0.002532229,0.360175751,0.988155665,0.032978437,0.065330194,-0.134880575
1718187039258618368.000000000,-0.010115763,0.002805395,0.355825745,0.988584536,0.032213419,0.064935757,-0.132084282
1718187039268618240.000000000,-0.010074361,0.003145448,0.351553955,0.988846634,0.032196649,0.064929310,-0.130114929
1718187039278618368.000000000,-0.010084654,0.003514936,0.347363556,0.989220707,0.031231599,0.064440060,-0.127728064
1718187039288618496.000000000,-0.010127025,0.003954473,0.343192169,0.989490604,0.030419468,0.064725683,-0.125672536
1718187039298618368.000000000,-0.010278588,0.004479223,0.339064819,0.989828150,0.029430277,0.064225996,-0.123487299
1718187039308618240.000000000,-0.010491292,0.004852966,0.334967316,0.990122719,0.028926758,0.063898379,-0.121397035
1718187039318618368.000000000,-0.010707082,0.005371647,0.330907288,0.990415858,0.028105522,0.063557583,-0.119360555
1718187039328618496.000000000,-0.010927868,0.005887616,0.326891052,0.990574332,0.027332742,0.063528498,-0.118235119
1718187039338618368.000000000,-0.011254395,0.006425719,0.322941711,0.990688682,0.026427099,0.063732875,-0.117369781
1718187039348618240.000000000,-0.011599828,0.006931637,0.319024780,0.990769884,0.025488243,0.063755971,-0.116878408
1718187039358618368.000000000,-0.011915814,0.007396112,0.315138489,0.990835626,0.024030410,0.064222551,-0.116373387
1718187039368618496.000000000,-0.012224409,0.007775052,0.311331299,0.990961077,0.022096837,0.064805108,-0.115361048
1718187039378618368.000000000,-0.012474694,0.008133965,0.307568146,0.991086620,0.020836098,0.065037218,-0.114382380
1718187039388618240.000000000,-0.012693897,0.008453707,0.303791321,0.991204749,0.019628966,0.065633058,-0.113226104
1718187039398618368.000000000,-0.012950417,0.008688959,0.300068848,0.991398441,0.018223248,0.065936529,-0.111576962
1718187039408618496.000000000,-0.013343282,0.008858779,0.296374420,0.991606462,0.016892678,0.066273876,-0.109722535
1718187039418618368.000000000,-0.013774549,0.008902626,0.292675537,0.991861104,0.015635170,0.066126011,-0.107677491
1718187039428618240.000000000,-0.014277526,0.008864209,0.289037872,0.992113086,0.014975371,0.065749286,-0.105661696
1718187039438618368.000000000,-0.014941900,0.008729971,0.285451111,0.992343317,0.014171077,0.065286272,-0.103882742
1718187039448618496.000000000,-0.015627189,0.008487647,0.281950470,0.992646284,0.013741182,0.064147165,-0.101733358
1718187039458618368.000000000,-0.016368847,0.008148933,0.278564270,0.992841453,0.013687587,0.063260789,-0.100382128
1718187039468618240.000000000,-0.017028549,0.007782029,0.275329956,0.993054264,0.014291599,0.062184406,-0.098853824
1718187039478618368.000000000,-0.017673145,0.007339181,0.272257111,0.993152760,0.015048790,0.061402459,-0.098238826
1718187039488618496.000000000,-0.018260494,0.006800313,0.269296631,0.993236346,0.016062758,0.060811861,-0.097598494
1718187039498618368.000000000,-0.018787550,0.006164606,0.266548798,0.993234572,0.017241437,0.060396624,-0.097673264
1718187039508618240.000000000,-0.019151459,0.005474164,0.263905640,0.993178102,0.019089011,0.060487276,-0.097847618
1718187039518618368.000000000,-0.019525681,0.004777462,0.261444580,0.993159720,0.020378099,0.060676018,-0.097657176
1718187039528618496.000000000,-0.019814625,0.003963897,0.258997986,0.993082909,0.022490064,0.061267426,-0.097605513
1718187039538618368.000000000,-0.020139725,0.003133940,0.256648285,0.993063266,0.024061614,0.061426511,-0.097330225
1718187039548618240.000000000,-0.020494478,0.002282227,0.254314011,0.993011013,0.026098962,0.061851715,-0.097068728
1718187039558618368.000000000,-0.021023851,0.001454399,0.251974457,0.993167076,0.027145683,0.060879757,-0.095791055
1718187039568618496.000000000,-0.021691536,0.000573677,0.249648361,0.993337351,0.028499212,0.059594724,-0.094430778
1718187039578618368.000000000,-0.022520189,-0.000310175,0.247313843,0.993530330,0.029706618,0.058189807,-0.092892124
1718187039588618240.000000000,-0.023314791,-0.001153871,0.245051010,0.993820788,0.030715928,0.055839842,-0.090877309
1718187039598618368.000000000,-0.024087784,-0.002003136,0.242858948,0.994067297,0.031421713,0.054025481,-0.089017601
1718187039608618496.000000000,-0.024738537,-0.002799726,0.240822601,0.994241130,0.031832663,0.052915172,-0.087585621
1718187039618618368.000000000,-0.025193991,-0.003559323,0.238949448,0.994407041,0.032146857,0.052069202,-0.086081445
1718187039628618240.000000000,-0.025361364,-0.004277673,0.237250183,0.994478313,0.032503196,0.052129769,-0.085081807
1718187039638618368.000000000,-0.025400700,-0.004977306,0.235628708,0.994416656,0.033495603,0.053267398,-0.084712121
1718187039648618496.000000000,-0.025348816,-0.005634763,0.234165192,0.994368022,0.034189099,0.054113117,-0.084469593
1718187039658618368.000000000,-0.025329046,-0.006250015,0.232748032,0.994312947,0.035370112,0.054792969,-0.084192927
1718187039668618240.000000000,-0.025385796,-0.006822591,0.231289047,0.994242459,0.036597816,0.055483457,-0.084048311
1718187039678618368.000000000,-0.025634745,-0.007320928,0.229857147,0.994254563,0.037401134,0.055498423,-0.083540077
1718187039688618496.000000000,-0.026012785,-0.007732409,0.228405487,0.994320351,0.038377862,0.054896925,-0.082707353
1718187039698618368.000000000,-0.026499298,-0.008083969,0.226965042,0.994411525,0.039049071,0.053868517,-0.081969941
1718187039708618240.000000000,-0.026948492,-0.008340895,0.225545883,0.994554261,0.039207891,0.052631120,-0.080960045
1718187039718618368.000000000,-0.027334356,-0.008514999,0.224114059,0.994683480,0.039310959,0.051828607,-0.079832439
1718187039728618496.000000000,-0.027637016,-0.008602401,0.222792023,0.994810834,0.038648277,0.051471868,-0.078793163
1718187039738618368.000000000,-0.027870497,-0.008609435,0.221547745,0.994937832,0.037673227,0.051177631,-0.077847857
1718187039748618240.000000000,-0.027984005,-0.008577951,0.220373611,0.994987204,0.037206960,0.051241902,-0.077397502
1718187039758618368.000000000,-0.028125395,-0.008510402,0.219241318,0.995057533,0.036008538,0.051555627,-0.076849911
1718187039768618496.000000000,-0.028244230,-0.008341721,0.218186310,0.995222093,0.034111286,0.051254320,-0.075778622
1718187039778618368.000000000,-0.028373295,-0.008190848,0.217149658,0.995361309,0.032671239,0.051131306,-0.074659520
1718187039788618240.000000000,-0.028518509,-0.008029879,0.216184357,0.995539779,0.031037328,0.050819516,-0.073175200
1718187039798618368.000000000,-0.028726120,-0.007855392,0.215127136,0.995774053,0.029308927,0.049921802,-0.071294003
1718187039808618496.000000000,-0.028901814,-0.007609078,0.214074417,0.996000440,0.027506089,0.049266272,-0.069277513
1718187039818618368.000000000,-0.029043396,-0.007336993,0.213092270,0.996180138,0.025316397,0.049170295,-0.067575845
1718187039828618240.000000000,-0.029118664,-0.007079074,0.212092087,0.996346680,0.023525220,0.049261551,-0.065674625
1718187039838618368.000000000,-0.029155899,-0.006766692,0.211068207,0.996521921,0.021520958,0.048954872,-0.063908762
1718187039848618496.000000000,-0.029199408,-0.006484150,0.210076233,0.996649430,0.020119752,0.048681084,-0.062572050
1718187039858618368.000000000,-0.029297691,-0.006192632,0.209036285,0.996784921,0.018819039,0.047845296,-0.061453182
1718187039868618240.000000000,-0.029436035,-0.005934142,0.207958145,0.996898311,0.017598936,0.047103996,-0.060541293
1718187039878618368.000000000,-0.029578051,-0.005713504,0.206954651,0.996999277,0.016787813,0.046449317,-0.059607649
1718187039888618496.000000000,-0.029675732,-0.005534837,0.205991913,0.997103060,0.016346848,0.045881717,-0.058422045
1718187039898618368.000000000,-0.029736916,-0.005433853,0.205108475,0.997223074,0.015610311,0.045340350,-0.056979927
1718187039908618240.000000000,-0.029723125,-0.005437531,0.204380341,0.997320197,0.015391294,0.044994371,-0.055597116
1718187039918618368.000000000,-0.029588354,-0.005586144,0.203800079,0.997406583,0.015025396,0.044827741,-0.054266194
1718187039928618496.000000000,-0.029415569,-0.005846982,0.203373428,0.997476837,0.015202519,0.044919187,-0.052830954
1718187039938618368.000000000,-0.029199421,-0.006264095,0.203018478,0.997511755,0.015946386,0.045209378,-0.051692593
1718187039948618240.000000000,-0.028967415,-0.006809086,0.202719025,0.997556518,0.017123157,0.045540883,-0.050138005
1718187039958618368.000000000,-0.028764206,-0.007464780,0.202447601,0.997589177,0.018345657,0.045909127,-0.048699310
1718187039968618496.000000000,-0.028618082,-0.008182558,0.202194870,0.997644594,0.019753182,0.045912327,-0.046980149
1718187039978618368.000000000,-0.028511663,-0.008949531,0.201891724,0.997716915,0.020852830,0.045903496,-0.044933134
1718187039988618240.000000000,-0.028461710,-0.009715179,0.201531876,0.997800287,0.022010724,0.045491673,-0.042902488
1718187039998618368.000000000,-0.028410168,-0.010557669,0.201080429,0.997873859,0.023008118,0.045346971,-0.040768134
1718187040008618240.000000000,-0.028334093,-0.011436878,0.200501007,0.997931370,0.024024538,0.045390726,-0.038671481
1718187040018618368.000000000,-0.028275322,-0.012293502,0.199796585,0.997988510,0.025596770,0.045038098,-0.036541887
1718187040028618240.000000000,-0.028247231,-0.013200530,0.198999298,0.998038193,0.027401417,0.044662583,-0.034266317
1718187040038618368.000000000,-0.028272232,-0.014162314,0.198071304,0.998096822,0.029085324,0.043933607,-0.032040854
1718187040048618496.000000000,-0.028293730,-0.015135907,0.197048889,0.998182854,0.030381259,0.042773358,-0.029637950
1718187040058618368.000000000,-0.028256699,-0.016116753,0.195929626,0.998224361,0.032581196,0.041734913,-0.027290799
1718187040068618240.000000000,-0.028204357,-0.017093536,0.194774261,0.998291986,0.033925098,0.040508549,-0.024925021
1718187040078618368.000000000,-0.028081448,-0.017975109,0.193591156,0.998344265,0.035218329,0.039543613,-0.022465528
1718187040088618240.000000000,-0.027896278,-0.018794195,0.192464905,0.998377382,0.036534236,0.038707589,-0.020237956
1718187040098618368.000000000,-0.027635052,-0.019588913,0.191399323,0.998358905,0.038207758,0.038485638,-0.018398921
1718187040108618240.000000000,-0.027515522,-0.020540113,0.190166672,0.998292727,0.041013335,0.038050980,-0.016782735
1718187040118618368.000000000,-0.027115580,-0.021265684,0.189427917,0.998247785,0.042370678,0.038501334,-0.014957667
1718187040128618496.000000000,-0.026676907,-0.022026493,0.188783752,0.998199273,0.043880840,0.038788865,-0.012965619
1718187040138618368.000000000,-0.026196966,-0.022803335,0.188329300,0.998137346,0.045421287,0.039118039,-0.011336826
1718187040148618240.000000000,-0.025815464,-0.023762274,0.188052292,0.997968016,0.048265525,0.040659849,-0.008778123
1718187040158618368.000000000,-0.025419512,-0.024566254,0.187819397,0.997869749,0.050148568,0.041024566,-0.007620404
1718187040168618240.000000000,-0.025177084,-0.025253515,0.187669922,0.997790911,0.051818137,0.041058873,-0.006507441
1718187040178618368.000000000,-0.024976210,-0.025813335,0.187577698,0.997737547,0.053355377,0.040507589,-0.005667949
1718187040188618496.000000000,-0.024834343,-0.026146799,0.187557327,0.997673063,0.054802146,0.040170976,-0.005610353
1718187040198618368.000000000,-0.024738123,-0.026242586,0.187606232,0.997636278,0.055596449,0.039916948,-0.006126063
1718187040208618496.000000000,-0.024604086,-0.026083094,0.187665100,0.997613505,0.055768626,0.039968218,-0.007726414
1718187040218618368.000000000,-0.024424913,-0.025697933,0.187731186,0.997585072,0.055608844,0.040455300,-0.009749297
1718187040228618240.000000000,-0.024216997,-0.025143381,0.187797714,0.997537352,0.055326162,0.041337726,-0.012224515
1718187040238618368.000000000,-0.023981850,-0.024467825,0.187856857,0.997483490,0.054976256,0.042223685,-0.014881498
1718187040248618240.000000000,-0.023733503,-0.023683281,0.187875046,0.997442444,0.054220000,0.043021804,-0.017829410
1718187040258618368.000000000,-0.023563730,-0.022830807,0.187820145,0.997401407,0.053293486,0.043812671,-0.020752999
1718187040268618496.000000000,-0.023460617,-0.022008436,0.187763275,0.997364765,0.052502321,0.044372056,-0.023198094
1718187040278618368.000000000,-0.023388517,-0.021258698,0.187674042,0.997364969,0.051277699,0.044812531,-0.025011079
1718187040288618496.000000000,-0.023328688,-0.020523561,0.187601913,0.997347601,0.050403581,0.045302547,-0.026550339
1718187040298618368.000000000,-0.023040842,-0.019711206,0.187704834,0.997381472,0.048675810,0.046086015,-0.027146697
1718187040308618240.000000000,-0.023205687,-0.019342461,0.187455048,0.997384364,0.048221207,0.045945085,-0.028074800
1718187040318618368.000000000,-0.023137711,-0.018915615,0.187338394,0.997446430,0.046831783,0.046064459,-0.028026221
1718187040328618240.000000000,-0.023100676,-0.018572216,0.187135666,0.997488563,0.045657358,0.046496375,-0.027749961
1718187040338618368.000000000,-0.023101555,-0.018353630,0.186861206,0.997543088,0.044536971,0.046718745,-0.027232435
1718187040348618496.000000000,-0.023098160,-0.018290308,0.186603043,0.997579003,0.043960028,0.046885180,-0.026559913
1718187040358618368.000000000,-0.023054144,-0.018376814,0.186397964,0.997575081,0.043868780,0.047252105,-0.026205469
1718187040368618496.000000000,-0.022939306,-0.018541275,0.186305252,0.997537569,0.044360764,0.047679242,-0.026030973
1718187040378618368.000000000,-0.022794060,-0.018754700,0.186276901,0.997496585,0.044891866,0.048055377,-0.025999291
1718187040388618240.000000000,-0.022598608,-0.018914101,0.186263794,0.997463188,0.045163071,0.048529419,-0.025930296
1718187040398618368.000000000,-0.022374718,-0.018984119,0.186246719,0.997436849,0.045424738,0.048931015,-0.025730927
1718187040408618496.000000000,-0.022114502,-0.018924543,0.186211395,0.997430289,0.045008662,0.049646881,-0.025342178
1718187040418618368.000000000,-0.021861574,-0.018720186,0.186167084,0.997424309,0.044236186,0.050570712,-0.025109983
1718187040428618240.000000000,-0.021633028,-0.018373913,0.186113586,0.997439191,0.043224212,0.051195342,-0.025015287
1718187040438618368.000000000,-0.021441818,-0.017899273,0.186108124,0.997476557,0.041888855,0.051439517,-0.025294610
1718187040448618240.000000000,-0.021293678,-0.017328873,0.186119156,0.997492568,0.040474457,0.051767122,-0.026278524
1718187040458618368.000000000,-0.021178600,-0.016725937,0.186113892,0.997508664,0.039074531,0.051955472,-0.027391154
1718187040468618240.000000000,-0.021140293,-0.016125124,0.186092987,0.997531774,0.037803110,0.052030028,-0.028180879
1718187040478618368.000000000,-0.021093977,-0.015598900,0.186065109,0.997566595,0.036390050,0.052031106,-0.028799601
1718187040488618240.000000000,-0.021090971,-0.015071624,0.186018707,0.997591034,0.035285972,0.052253143,-0.028924697
1718187040498618368.000000000,-0.021080883,-0.014607764,0.185943054,0.997649063,0.033781375,0.052426040,-0.028402053
1718187040508618240.000000000,-0.021088526,-0.014226311,0.185858688,0.997709204,0.032501430,0.052408892,-0.027808448
1718187040518618368.000000000,-0.021068981,-0.013926527,0.185785095,0.997743924,0.031713608,0.052443362,-0.027404426
1718187040528618240.000000000,-0.021053436,-0.013723145,0.185723511,0.997759263,0.031250665,0.052450558,-0.027364007
1718187040538618368.000000000,-0.021018002,-0.013618076,0.185696701,0.997774349,0.030967189,0.052356898,-0.027315495
1718187040548618240.000000000,-0.020960026,-0.013607752,0.185626663,0.997746703,0.031165449,0.052673314,-0.027490985
1718187040558618368.000000000,-0.020857533,-0.013671202,0.185559921,0.997724164,0.031346076,0.052978097,-0.027517944
1718187040568618240.000000000,-0.020722174,-0.013794773,0.185480804,0.997687947,0.031815655,0.053323382,-0.027625009
1718187040578618368.000000000,-0.020585752,-0.013896315,0.185405869,0.997637594,0.032203823,0.053982032,-0.027714347
1718187040588618240.000000000,-0.020424229,-0.013994419,0.185364960,0.997619094,0.032353031,0.054220640,-0.027740719
1718187040598618368.000000000,-0.020236931,-0.014044827,0.185360947,0.997576219,0.032632654,0.054730827,-0.027952331
1718187040608618496.000000000,-0.020015770,-0.014089617,0.185341904,0.997528074,0.032775586,0.055443417,-0.028098568
1718187040618618368.000000000,-0.019799896,-0.014096636,0.185354614,0.997490452,0.032664210,0.056196721,-0.028067366
1718187040628618240.000000000,-0.019536507,-0.014083324,0.185328537,0.997459012,0.032452859,0.056803933,-0.028207184
1718187040638618368.000000000,-0.019309864,-0.014000213,0.185341888,0.997435552,0.032352729,0.057348481,-0.028049450
1718187040648618496.000000000,-0.019060537,-0.013846894,0.185360794,0.997406036,0.031940646,0.058140412,-0.027940759
1718187040658618368.000000000,-0.018827143,-0.013616984,0.185393570,0.997412775,0.031064933,0.058726130,-0.027458482
1718187040668618240.000000000,-0.018573038,-0.013328077,0.185389099,0.997416532,0.029966800,0.059346496,-0.027207459
1718187040678618368.000000000,-0.018395382,-0.012978381,0.185397705,0.997449412,0.028957421,0.059649706,-0.026420666
1718187040688618496.000000000,-0.018250378,-0.012580665,0.185424637,0.997469499,0.027879351,0.060235371,-0.025476278
1718187040698618368.000000000,-0.018153400,-0.012184570,0.185441101,0.997505923,0.026332808,0.060746190,-0.024462565
1718187040708618240.000000000,-0.018094469,-0.011782908,0.185454041,0.997556078,0.025123863,0.060894273,-0.023292687
1718187040718618368.000000000,-0.018075392,-0.011454123,0.185473984,0.997605681,0.024241861,0.060795153,-0.022342475
1718187040728618496.000000000,-0.018063810,-0.011185238,0.185460739,0.997636473,0.023335678,0.060983355,-0.021399613
1718187040738618368.000000000,-0.018087851,-0.010982688,0.185441010,0.997682822,0.022538921,0.060804603,-0.020585995
1718187040748618240.000000000,-0.018104706,-0.010875910,0.185428787,0.997705771,0.022169526,0.060798116,-0.019882061
1718187040758618368.000000000,-0.018139959,-0.010833181,0.185430267,0.997766713,0.021685653,0.060282132,-0.018904596
1718187040768618496.000000000,-0.018180983,-0.010858715,0.185395554,0.997777664,0.021627160,0.060352570,-0.018153984
1718187040778618368.000000000,-0.018226068,-0.010963846,0.185398300,0.997795410,0.021795474,0.060171175,-0.017570042
